# header of file: stat_diagtracers
# frequency (s):      86400.000000
# phase (s)    :          0.000000
# Regions      :   0
# Fields       : TRAC01   TRAC02   TRAC03   TRAC04   TRAC05  
# Nb of levels :  100 100 100 100 100
# end of header ------------------------------------------------------------
 
 field : TRAC01   ; Iter =      1440 ; region #   0 ; nb.Lev = 100
 k | --   Average    -- | --   Std.Dev    -- | --     min      -- | --     max      -- | --    Vol
  0  9.9999999893532E-01  5.7994195381253E-01  0.0000000000000E+00  2.0000000000558E+00  5.7484800000000E+12
  1  1.9479379802733E+00  5.0309998848010E-02  1.7127488802796E+00  2.0000000000558E+00  5.7484800000000E+10
  2  1.9210325148175E+00  5.2675374218734E-02  1.6996890259204E+00  1.9949595028431E+00  5.7484800000000E+10
  3  1.8975031244508E+00  5.5825139445974E-02  1.6743957822833E+00  1.9825350576131E+00  5.7484800000000E+10
  4  1.8750778687454E+00  5.8340756647498E-02  1.6693522215831E+00  1.9754402455243E+00  5.7484800000000E+10
  5  1.8556163867246E+00  5.9014761688846E-02  1.6543236277255E+00  1.9694572933121E+00  5.7484800000000E+10
  6  1.8364379403213E+00  5.9076404608172E-02  1.6114990228886E+00  1.9569323835879E+00  5.7484800000000E+10
  7  1.8172723880431E+00  5.9225384722661E-02  1.5990826511954E+00  1.9437129070357E+00  5.7484800000000E+10
  8  1.7986935923741E+00  6.0080204490152E-02  1.5985544889355E+00  1.9295488102410E+00  5.7484800000000E+10
  9  1.7817627141080E+00  6.0468418273790E-02  1.5907341554552E+00  1.9234202957745E+00  5.7484800000000E+10
 10  1.7654353172970E+00  6.0831848810441E-02  1.5742749321078E+00  1.9231435516599E+00  5.7484800000000E+10
 11  1.7494316382912E+00  6.2002479708488E-02  1.5581934953240E+00  1.9062103485110E+00  5.7484800000000E+10
 12  1.7343084734493E+00  6.2910999411006E-02  1.5507642351490E+00  1.8981873589557E+00  5.7484800000000E+10
 13  1.7206077336876E+00  6.3103774140809E-02  1.5404316532673E+00  1.8981854670851E+00  5.7484800000000E+10
 14  1.7083220881228E+00  6.3040425525417E-02  1.5339663073286E+00  1.8888664647070E+00  5.7484800000000E+10
 15  1.6973753288608E+00  6.1927797674877E-02  1.5299664290468E+00  1.8849982080757E+00  5.7484800000000E+10
 16  1.6870741225599E+00  5.9948658432772E-02  1.5277633023102E+00  1.8708175042790E+00  5.7484800000000E+10
 17  1.6775612754891E+00  5.7903462366425E-02  1.5224739711258E+00  1.8644481947239E+00  5.7484800000000E+10
 18  1.6681736012738E+00  5.6292353141126E-02  1.5088346395654E+00  1.8558045887172E+00  5.7484800000000E+10
 19  1.6591085739911E+00  5.4896070678245E-02  1.5040412959264E+00  1.8556281755131E+00  5.7484800000000E+10
 20  1.6492622866133E+00  5.4229473979929E-02  1.4883768483311E+00  1.8526686660492E+00  5.7484800000000E+10
 21  1.6387421748008E+00  5.4545547934933E-02  1.4820454009902E+00  1.8515236410762E+00  5.7484800000000E+10
 22  1.6280829407822E+00  5.5613103248151E-02  1.4779443560931E+00  1.8498396796707E+00  5.7484800000000E+10
 23  1.6168987033023E+00  5.6355756109894E-02  1.4745495343620E+00  1.8467277470743E+00  5.7484800000000E+10
 24  1.6047793544565E+00  5.7328244755306E-02  1.4655513068176E+00  1.8412151737119E+00  5.7484800000000E+10
 25  1.5917248406695E+00  5.8455738584501E-02  1.4579121375775E+00  1.8227974649220E+00  5.7484800000000E+10
 26  1.5789266388065E+00  5.9614181895419E-02  1.4545714513925E+00  1.7631638196136E+00  5.7484800000000E+10
 27  1.5632256603671E+00  6.0889095699569E-02  1.4428481675816E+00  1.7611935009754E+00  5.7484800000000E+10
 28  1.5430880108056E+00  6.2345420642233E-02  1.4230231153659E+00  1.7275392227896E+00  5.7484800000000E+10
 29  1.5202947751879E+00  6.3501282928306E-02  1.4121829818013E+00  1.7167953046487E+00  5.7484800000000E+10
 30  1.4730462443602E+00  5.0673790997740E-02  1.3923172554403E+00  1.6994679502019E+00  5.7484800000000E+10
 31  1.4005523583754E+00  8.5087083396859E-03  1.3811724102463E+00  1.4559176666065E+00  5.7484800000000E+10
 32  1.3726863277327E+00  1.3388463133044E-03  1.3620180624615E+00  1.3776816219250E+00  5.7484800000000E+10
 33  1.3532627005945E+00  8.5382355461479E-04  1.3480177876432E+00  1.3568005953464E+00  5.7484800000000E+10
 34  1.3333418530394E+00  7.0372816966751E-04  1.3298083232047E+00  1.3366086930937E+00  5.7484800000000E+10
 35  1.3131399239709E+00  6.1202972063192E-04  1.3100931183295E+00  1.3158755266241E+00  5.7484800000000E+10
 36  1.2929311188844E+00  5.4839518027667E-04  1.2903125081030E+00  1.2952742142472E+00  5.7484800000000E+10
 37  1.2727281342827E+00  5.0257600014115E-04  1.2702120734548E+00  1.2750672853254E+00  5.7484800000000E+10
 38  1.2525258955337E+00  4.7987795960783E-04  1.2501126690494E+00  1.2549265475414E+00  5.7484800000000E+10
 39  1.2323235008472E+00  4.6617397933360E-04  1.2300508462239E+00  1.2345418784651E+00  5.7484800000000E+10
 40  1.2121215345015E+00  4.5777982906640E-04  1.2099748303616E+00  1.2143245445469E+00  5.7484800000000E+10
 41  1.1919196465184E+00  4.4800831752243E-04  1.1896359967160E+00  1.1939051723753E+00  5.7484800000000E+10
 42  1.1717169470983E+00  4.4701098289033E-04  1.1695393899968E+00  1.1737873808220E+00  5.7484800000000E+10
 43  1.1515154606090E+00  4.4087741128564E-04  1.1492587721582E+00  1.1534899569593E+00  5.7484800000000E+10
 44  1.1313132289283E+00  4.3869051479965E-04  1.1291296472596E+00  1.1333735236245E+00  5.7484800000000E+10
 45  1.1111114591892E+00  4.2642881449382E-04  1.1090202433938E+00  1.1131076268793E+00  5.7484800000000E+10
 46  1.0909088787227E+00  4.2767527636046E-04  1.0888871092001E+00  1.0927499590494E+00  5.7484800000000E+10
 47  1.0707070827367E+00  4.3399372529822E-04  1.0687020813396E+00  1.0726294620255E+00  5.7484800000000E+10
 48  1.0505050568214E+00  4.3219188594081E-04  1.0486595385414E+00  1.0525282338095E+00  5.7484800000000E+10
 49  1.0303031082028E+00  4.2501208017973E-04  1.0284131717366E+00  1.0326421033610E+00  5.7484800000000E+10
 50  1.0101010968605E+00  4.2785330139142E-04  1.0082518424153E+00  1.0124623933163E+00  5.7484800000000E+10
 51  9.8989883089035E-01  4.2788401042749E-04  9.8818147229912E-01  9.9209388449810E-01  5.7484800000000E+10
 52  9.6969703686693E-01  4.3069711814311E-04  9.6785816565087E-01  9.7173530836281E-01  5.7484800000000E+10
 53  9.4949497480431E-01  4.2481881342039E-04  9.4750811877848E-01  9.5147993922895E-01  5.7484800000000E+10
 54  9.2929290055624E-01  4.2414163226383E-04  9.2755606476084E-01  9.3144455229679E-01  5.7484800000000E+10
 55  9.0909078160944E-01  4.2637643189527E-04  9.0729195462285E-01  9.1107093495653E-01  5.7484800000000E+10
 56  8.8888887561377E-01  4.2850362610502E-04  8.8703363036567E-01  8.9085866783475E-01  5.7484800000000E+10
 57  8.6868722523152E-01  4.2888573364048E-04  8.6644613052488E-01  8.7071554174192E-01  5.7484800000000E+10
 58  8.4848502382871E-01  4.0913894408302E-04  8.4653977825394E-01  8.5054081072239E-01  5.7484800000000E+10
 59  8.2828230178757E-01  4.2049178994294E-04  8.2631292830008E-01  8.3050548327328E-01  5.7484800000000E+10
 60  8.0808118828092E-01  4.2086316530784E-04  8.0598320861039E-01  8.1001770468379E-01  5.7484800000000E+10
 61  7.8787870718088E-01  4.1569722110243E-04  7.8612877209349E-01  7.8991548867821E-01  5.7484800000000E+10
 62  7.6767668751959E-01  4.2183703750718E-04  7.6567222529967E-01  7.6960684442609E-01  5.7484800000000E+10
 63  7.4747443017524E-01  4.2645225179743E-04  7.4550137389841E-01  7.4956268093041E-01  5.7484800000000E+10
 64  7.2727281438462E-01  4.2559840319067E-04  7.2537428741129E-01  7.2969908145724E-01  5.7484800000000E+10
 65  7.0707071847733E-01  4.2927432861871E-04  7.0486597795891E-01  7.0918902938081E-01  5.7484800000000E+10
 66  6.8686835711322E-01  4.3658382997721E-04  6.8473964030101E-01  6.8880808668112E-01  5.7484800000000E+10
 67  6.6666674427232E-01  4.3729528637954E-04  6.6474423960007E-01  6.6859605078343E-01  5.7484800000000E+10
 68  6.4646434046635E-01  4.4307168647025E-04  6.4465620282325E-01  6.4849211933853E-01  5.7484800000000E+10
 69  6.2626279447381E-01  4.4104762829162E-04  6.2415799633662E-01  6.2832965187672E-01  5.7484800000000E+10
 70  6.0606068126387E-01  4.3796456498431E-04  6.0416350653038E-01  6.0792698817791E-01  5.7484800000000E+10
 71  5.8585867579827E-01  4.4541010374913E-04  5.8388393770295E-01  5.8780497597038E-01  5.7484800000000E+10
 72  5.6565629722443E-01  4.3794120564776E-04  5.6363608124343E-01  5.6772450174602E-01  5.7484800000000E+10
 73  5.4545461635726E-01  4.4036695487681E-04  5.4366731353124E-01  5.4748811169156E-01  5.7484800000000E+10
 74  5.2525217134543E-01  4.5229739863584E-04  5.2324020008961E-01  5.2737762963676E-01  5.7484800000000E+10
 75  5.0505105067988E-01  4.4424969442714E-04  5.0311864251406E-01  5.0707996718743E-01  5.7484800000000E+10
 76  4.8484801451736E-01  4.4667158294173E-04  4.8298613701557E-01  4.8673441913129E-01  5.7484800000000E+10
 77  4.6464671488940E-01  4.5039034584073E-04  4.6279907771104E-01  4.6670070037234E-01  5.7484800000000E+10
 78  4.4444443343191E-01  4.4423960873862E-04  4.4266747887244E-01  4.4634192825868E-01  5.7484800000000E+10
 79  4.2424268146249E-01  4.4063181580389E-04  4.2241553716249E-01  4.2624480939276E-01  5.7484800000000E+10
 80  4.0404008430273E-01  4.3849228060328E-04  4.0206640972978E-01  4.0585127531380E-01  5.7484800000000E+10
 81  3.8383805356632E-01  4.5738174399105E-04  3.8206153915751E-01  3.8591803634644E-01  5.7484800000000E+10
 82  3.6363671376259E-01  4.5252730291524E-04  3.6171501848330E-01  3.6550741278587E-01  5.7484800000000E+10
 83  3.4343358860630E-01  4.5865847831357E-04  3.4161778315299E-01  3.4555651356679E-01  5.7484800000000E+10
 84  3.2323279572828E-01  4.6633942396823E-04  3.2107258397234E-01  3.2562501927027E-01  5.7484800000000E+10
 85  3.0303029461380E-01  4.5862298418193E-04  3.0093966260879E-01  3.0495016755768E-01  5.7484800000000E+10
 86  2.8282849131147E-01  4.4995574157858E-04  2.8086394446816E-01  2.8477383375674E-01  5.7484800000000E+10
 87  2.6262548537552E-01  4.6513207737092E-04  2.6069019149753E-01  2.6503745046486E-01  5.7484800000000E+10
 88  2.4242466779937E-01  4.6712803734818E-04  2.4032856489166E-01  2.4459855880909E-01  5.7484800000000E+10
 89  2.2222174806073E-01  4.7418922311538E-04  2.1981953939900E-01  2.2439420066486E-01  5.7484800000000E+10
 90  2.0202073246602E-01  4.7154858193015E-04  1.9980471266608E-01  2.0442379134892E-01  5.7484800000000E+10
 91  1.8181785441160E-01  4.6515496535117E-04  1.7960454393167E-01  1.8402188012893E-01  5.7484800000000E+10
 92  1.6161610423801E-01  4.7728104761961E-04  1.5966864656372E-01  1.6373435937671E-01  5.7484800000000E+10
 93  1.4141447506198E-01  4.7115755626009E-04  1.3903084828840E-01  1.4347434337659E-01  5.7484800000000E+10
 94  1.2121194010123E-01  4.6849337593514E-04  1.1889005449492E-01  1.2337192106696E-01  5.7484800000000E+10
 95  1.0101053980320E-01  4.6350708173080E-04  9.8933240233242E-02  1.0319281445716E-01  5.7484800000000E+10
 96  8.0808176310498E-02  4.5019503379628E-04  7.8871231392007E-02  8.2662985429995E-02  5.7484800000000E+10
 97  6.0608367257682E-02  4.4580860609215E-04  5.8803608116000E-02  6.2540166943337E-02  5.7484800000000E+10
 98  4.0395805587905E-02  4.2549472853796E-04  3.8736155769605E-02  4.2051297154635E-02  5.7484800000000E+10
 99  1.9946235761720E-02  4.6212862369575E-04  1.7995580411525E-02  2.1313136962570E-02  5.7484800000000E+10
100  2.6806241879149E-04  2.0824596608015E-04  0.0000000000000E+00  1.5519473695755E-03  5.7484800000000E+10
 
 field : TRAC02   ; Iter =      1440 ; region #   0 ; nb.Lev = 100
 k | --   Average    -- | --   Std.Dev    -- | --     min      -- | --     max      -- | --    Vol
  0  1.0000000004057E+00  4.7057103841670E-01 -4.4258368359627E-11  1.4304231297708E+00  5.7484800000000E+12
  1  4.7354904069870E-02  5.2705879794134E-02 -4.4258368359627E-11  3.2572627220494E-01  5.7484800000000E+10
  2  7.2427679638296E-02  5.7962536476637E-02  2.2610466784090E-03  3.4118516672960E-01  5.7484800000000E+10
  3  9.5766278863496E-02  6.3496100189259E-02  1.1267599632806E-02  3.7104280981486E-01  5.7484800000000E+10
  4  1.1905620284281E-01  6.8257802367728E-02  1.7720206781187E-02  3.7658680681400E-01  5.7484800000000E+10
  5  1.3999372521152E-01  7.0650241986645E-02  2.2879256306281E-02  3.9623010421745E-01  5.7484800000000E+10
  6  1.6132638758879E-01  7.2198305312586E-02  3.2244101333062E-02  4.4941330453823E-01  5.7484800000000E+10
  7  1.8338470653284E-01  7.3646128117903E-02  4.6030364442278E-02  4.7029724394847E-01  5.7484800000000E+10
  8  2.0552889976401E-01  7.5980540054354E-02  5.7424802556642E-02  4.7115332965167E-01  5.7484800000000E+10
  9  2.2625981446902E-01  7.7470149220165E-02  6.2382739821664E-02  4.8329021294803E-01  5.7484800000000E+10
 10  2.4679570028205E-01  7.8857663718939E-02  6.2535681540824E-02  5.0926611721225E-01  5.7484800000000E+10
 11  2.6740325836533E-01  8.1250026061396E-02  8.1888269683077E-02  5.3394095620718E-01  5.7484800000000E+10
 12  2.8720114027007E-01  8.3309334754772E-02  8.7862059301348E-02  5.4980323215812E-01  5.7484800000000E+10
 13  3.0530930896201E-01  8.4408894949950E-02  8.7864553670398E-02  5.6480050806661E-01  5.7484800000000E+10
 14  3.2170442321693E-01  8.5018034618310E-02  1.0181297667652E-01  5.6988234218893E-01  5.7484800000000E+10
 15  3.3643881349709E-01  8.4023844451848E-02  1.0830375734474E-01  5.7589295526285E-01  5.7484800000000E+10
 16  3.5046640885832E-01  8.1738013581635E-02  1.1778230710230E-01  5.7912561660512E-01  5.7484800000000E+10
 17  3.6355508264371E-01  7.9302200926355E-02  1.2598080283658E-01  5.9003673318193E-01  5.7484800000000E+10
 18  3.7661885037725E-01  7.7523818812458E-02  1.3363103653191E-01  6.1085525846546E-01  5.7484800000000E+10
 19  3.8934946778181E-01  7.6068953682007E-02  1.3377452469290E-01  6.1826582911276E-01  5.7484800000000E+10
 20  4.0339858120304E-01  7.5624475418232E-02  1.3891897165777E-01  6.4395423189385E-01  5.7484800000000E+10
 21  4.1858761620995E-01  7.6700680280198E-02  1.4045129173570E-01  6.5383854377326E-01  5.7484800000000E+10
 22  4.3414727942923E-01  7.8827365547383E-02  1.4263258675235E-01  6.5984282660845E-01  5.7484800000000E+10
 23  4.5062505355994E-01  8.0492292393666E-02  1.4669543763424E-01  6.6493988035739E-01  5.7484800000000E+10
 24  4.6864363917626E-01  8.2580330716153E-02  1.5393993495661E-01  6.7937909102543E-01  5.7484800000000E+10
 25  4.8818687454634E-01  8.4857637668949E-02  1.7823737317005E-01  6.9301398040723E-01  5.7484800000000E+10
 26  5.0752033744412E-01  8.7166678187553E-02  2.5348732993455E-01  6.9782464739660E-01  5.7484800000000E+10
 27  5.3138382561273E-01  8.9825703925706E-02  2.5627535171222E-01  7.1585022364924E-01  5.7484800000000E+10
 28  5.6219100123004E-01  9.3016836265207E-02  3.0099201820138E-01  7.4803710057994E-01  5.7484800000000E+10
 29  5.9725791268455E-01  9.5672203494155E-02  3.2019477498606E-01  7.6497875629302E-01  5.7484800000000E+10
 30  6.6984765992761E-01  7.7869763758647E-02  3.4512273788833E-01  7.9589550336612E-01  5.7484800000000E+10
 31  7.8307889822370E-01  1.3246707268746E-02  6.9653804882870E-01  8.1344374391825E-01  5.7484800000000E+10
 32  8.2601827648382E-01  2.0502577063971E-03  8.1838692704344E-01  8.4239277240151E-01  5.7484800000000E+10
 33  8.5510117166216E-01  1.2756525533061E-03  8.4982767451560E-01  8.6287752427642E-01  5.7484800000000E+10
 34  8.8425728375752E-01  1.0177341794035E-03  8.7952119903493E-01  8.8935738929038E-01  5.7484800000000E+10
 35  9.1308781030601E-01  8.6180133128593E-04  9.0922149633139E-01  9.1736873042645E-01  5.7484800000000E+10
 36  9.4110500823121E-01  7.4880106088643E-04  9.3789956019288E-01  9.4467145658890E-01  5.7484800000000E+10
 37  9.6823811993576E-01  6.6377802056660E-04  9.6514729642154E-01  9.7155219324390E-01  5.7484800000000E+10
 38  9.9445286406663E-01  6.1156738078635E-04  9.9138827192179E-01  9.9752286223076E-01  5.7484800000000E+10
 39  1.0197167424654E+00  5.7184015087375E-04  1.0169897555013E+00  1.0225006013355E+00  5.7484800000000E+10
 40  1.0440034925421E+00  5.3917714284700E-04  1.0414029611189E+00  1.0465209671652E+00  5.7484800000000E+10
 41  1.0672959791120E+00  5.0557932109353E-04  1.0650497880877E+00  1.0698712535081E+00  5.7484800000000E+10
 42  1.0895850473681E+00  4.8192925889993E-04  1.0873512724873E+00  1.0919282728255E+00  5.7484800000000E+10
 43  1.1108653782774E+00  4.5362827529829E-04  1.1088281801260E+00  1.1131785184654E+00  5.7484800000000E+10
 44  1.1311423992541E+00  4.2947479392495E-04  1.1291210956111E+00  1.1332752064479E+00  5.7484800000000E+10
 45  1.1504239714635E+00  3.9678388012025E-04  1.1485649110206E+00  1.1523648501544E+00  5.7484800000000E+10
 46  1.1687255847915E+00  3.7711253613018E-04  1.1670964816949E+00  1.1705034826237E+00  5.7484800000000E+10
 47  1.1860646125798E+00  3.6239963648230E-04  1.1844560209567E+00  1.1877364682745E+00  5.7484800000000E+10
 48  1.2024646906178E+00  3.4102379431938E-04  1.2008721855336E+00  1.2039181942283E+00  5.7484800000000E+10
 49  1.2179515732113E+00  3.1646971286892E-04  1.2162094956812E+00  1.2193537721194E+00  5.7484800000000E+10
 50  1.2325540953470E+00  3.0020314996852E-04  1.2308890307534E+00  1.2338498673609E+00  5.7484800000000E+10
 51  1.2463032058715E+00  2.8237914464223E-04  1.2448497044192E+00  1.2474351457346E+00  5.7484800000000E+10
 52  1.2592309432722E+00  2.6719993002112E-04  1.2579603572783E+00  1.2603658539551E+00  5.7484800000000E+10
 53  1.2713714604561E+00  2.4724187707744E-04  1.2702179203160E+00  1.2725260935062E+00  5.7484800000000E+10
 54  1.2827590188990E+00  2.3150972749306E-04  1.2815817123364E+00  1.2836999162115E+00  5.7484800000000E+10
 55  1.2934284359110E+00  2.1786355637395E-04  1.2924117100168E+00  1.2943456884393E+00  5.7484800000000E+10
 56  1.3034144546018E+00  2.0484803627831E-04  1.3024648508019E+00  1.3042945562512E+00  5.7484800000000E+10
 57  1.3127517228001E+00  1.9169337543304E-04  1.3118440191617E+00  1.3137523656895E+00  5.7484800000000E+10
 58  1.3214747392620E+00  1.7076771621776E-04  1.3206156108854E+00  1.3222824169751E+00  5.7484800000000E+10
 59  1.3296169437611E+00  1.6356837670438E-04  1.3287484305737E+00  1.3303825350313E+00  5.7484800000000E+10
 60  1.3372101669473E+00  1.5280094563106E-04  1.3365038988938E+00  1.3379702778463E+00  5.7484800000000E+10
 61  1.3442872209905E+00  1.4053415551898E-04  1.3435953612764E+00  1.3448757319132E+00  5.7484800000000E+10
 62  1.3508780163436E+00  1.3278042631845E-04  1.3502699882230E+00  1.3515060372824E+00  5.7484800000000E+10
 63  1.3570122130172E+00  1.2485165441019E-04  1.3563982833184E+00  1.3575886940568E+00  5.7484800000000E+10
 64  1.3627177848636E+00  1.1592825876153E-04  1.3620537490445E+00  1.3632324298022E+00  5.7484800000000E+10
 65  1.3680220200094E+00  1.0864368364146E-04  1.3674845545872E+00  1.3685772254349E+00  5.7484800000000E+10
 66  1.3729505218197E+00  1.0261334408504E-04  1.3724925897237E+00  1.3734501836112E+00  5.7484800000000E+10
 67  1.3775274749032E+00  9.5489570888829E-05  1.3771047911844E+00  1.3779459443804E+00  5.7484800000000E+10
 68  1.3817763776091E+00  8.9743863598763E-05  1.3813646223663E+00  1.3821416227338E+00  5.7484800000000E+10
 69  1.3857187817140E+00  8.2919670824725E-05  1.3853285173138E+00  1.3861125017252E+00  5.7484800000000E+10
 70  1.3893756510747E+00  7.6342646670327E-05  1.3890495124951E+00  1.3897036196309E+00  5.7484800000000E+10
 71  1.3927663330055E+00  7.2000299962688E-05  1.3924506689911E+00  1.3930843468041E+00  5.7484800000000E+10
 72  1.3959092236191E+00  6.5572254647689E-05  1.3955988465903E+00  1.3962106989692E+00  5.7484800000000E+10
 73  1.3988213943598E+00  6.1102627111152E-05  1.3985380319890E+00  1.3990669019428E+00  5.7484800000000E+10
 74  1.4015192082191E+00  5.8111450911599E-05  1.4012450309260E+00  1.4017776064965E+00  5.7484800000000E+10
 75  1.4040175250904E+00  5.2902314348352E-05  1.4037753580385E+00  1.4042464029738E+00  5.7484800000000E+10
 76  1.4063309022097E+00  4.9175084975924E-05  1.4061235863539E+00  1.4065346974599E+00  5.7484800000000E+10
 77  1.4084721553053E+00  4.5949694325883E-05  1.4082618066212E+00  1.4086610338481E+00  5.7484800000000E+10
 78  1.4104539460493E+00  4.1914039606086E-05  1.4102741165780E+00  1.4106212868505E+00  5.7484800000000E+10
 79  1.4122876548981E+00  3.8487394604849E-05  1.4121117129674E+00  1.4124465184998E+00  5.7484800000000E+10
 80  1.4139841566713E+00  3.5396920380114E-05  1.4138372922610E+00  1.4141429264403E+00  5.7484800000000E+10
 81  1.4155533475859E+00  3.4151549997316E-05  1.4153975737568E+00  1.4156858158713E+00  5.7484800000000E+10
 82  1.4170045527606E+00  3.1279556995001E-05  1.4168753777086E+00  1.4171367180199E+00  5.7484800000000E+10
 83  1.4183466142350E+00  2.9270394590418E-05  1.4182111973607E+00  1.4184627827463E+00  5.7484800000000E+10
 84  1.4195873272099E+00  2.7555103828278E-05  1.4194452771952E+00  1.4197145298223E+00  5.7484800000000E+10
 85  1.4207344378292E+00  2.5039227744087E-05  1.4206297015837E+00  1.4208481050696E+00  5.7484800000000E+10
 86  1.4217947570450E+00  2.2710142081809E-05  1.4216963662856E+00  1.4218940108693E+00  5.7484800000000E+10
 87  1.4227748416107E+00  2.1677333326632E-05  1.4226620894111E+00  1.4228647821224E+00  5.7484800000000E+10
 88  1.4236805267484E+00  2.0148221472580E-05  1.4235868798012E+00  1.4237702775486E+00  5.7484800000000E+10
 89  1.4245175656253E+00  1.8871201413957E-05  1.4244300970563E+00  1.4246127177874E+00  5.7484800000000E+10
 90  1.4252909416990E+00  1.7365550111136E-05  1.4252021230564E+00  1.4253722525358E+00  5.7484800000000E+10
 91  1.4260055768046E+00  1.5812175362070E-05  1.4259300689748E+00  1.4260804657638E+00  5.7484800000000E+10
 92  1.4266657881319E+00  1.4989486825025E-05  1.4265991330470E+00  1.4267263731183E+00  5.7484800000000E+10
 93  1.4272757132759E+00  1.3674574065001E-05  1.4272158570898E+00  1.4273444493119E+00  5.7484800000000E+10
 94  1.4278391754779E+00  1.2555640962540E-05  1.4277813029994E+00  1.4279013104856E+00  5.7484800000000E+10
 95  1.4283596336724E+00  1.1483140724661E-05  1.4283053584969E+00  1.4284107855300E+00  5.7484800000000E+10
 96  1.4288403964782E+00  1.0295570179485E-05  1.4287977524315E+00  1.4288846330785E+00  5.7484800000000E+10
 97  1.4292844004249E+00  9.4180997243930E-06  1.4292434827014E+00  1.4293224301076E+00  5.7484800000000E+10
 98  1.4296946952969E+00  8.3033035491437E-06  1.4296622578892E+00  1.4297269881609E+00  5.7484800000000E+10
 99  1.4300776459375E+00  8.1815381561599E-06  1.4300531360742E+00  1.4301116402547E+00  5.7484800000000E+10
100  1.4304186152144E+00  3.5096584468594E-06  1.4303969398835E+00  1.4304231297708E+00  5.7484800000000E+10
 
 field : TRAC03   ; Iter =      1440 ; region #   0 ; nb.Lev = 100
 k | --   Average    -- | --   Std.Dev    -- | --     min      -- | --     max      -- | --    Vol
  0  1.0000000024551E+00  1.0333191936002E+00  0.0000000000000E+00  2.9321339507559E+00  5.7484800000000E+12
  1  9.1113966185087E-01  2.6192665622969E-01  6.5424537142316E-01  2.0661948845811E+00  5.7484800000000E+10
  2  1.0453178948159E+00  2.7773942195971E-01  6.7441523627151E-01  2.1252010771392E+00  5.7484800000000E+10
  3  1.1670244491863E+00  2.9552294149285E-01  7.1937260417216E-01  2.2523851594330E+00  5.7484800000000E+10
  4  1.2856836225282E+00  3.0846319198759E-01  7.5808597900492E-01  2.2919622280691E+00  5.7484800000000E+10
  5  1.3900528434920E+00  3.1063718520498E-01  7.8662752261260E-01  2.3681403843719E+00  5.7484800000000E+10
  6  1.4932701732592E+00  3.0871497469721E-01  8.4850425236272E-01  2.6134798468764E+00  5.7484800000000E+10
  7  1.5962765111350E+00  3.0728308064543E-01  9.2381769657410E-01  2.6574389450720E+00  5.7484800000000E+10
  8  1.6948696492010E+00  3.0784947040045E-01  9.8871492500613E-01  2.6594325152085E+00  5.7484800000000E+10
  9  1.7836914038428E+00  3.0605744495518E-01  1.0228813864026E+00  2.6607902515332E+00  5.7484800000000E+10
 10  1.8675394106415E+00  3.0330426490961E-01  1.0243394783130E+00  2.7100632154088E+00  5.7484800000000E+10
 11  1.9475756130715E+00  3.0389983405226E-01  1.1207504557087E+00  2.7511293377809E+00  5.7484800000000E+10
 12  2.0216502202595E+00  3.0296456387098E-01  1.1631095551661E+00  2.8123832532318E+00  5.7484800000000E+10
 13  2.0879965190823E+00  2.9830284477188E-01  1.1631176514521E+00  2.8134432945149E+00  5.7484800000000E+10
 14  2.1468745524871E+00  2.9311573532693E-01  1.2094977372801E+00  2.8308065118413E+00  5.7484800000000E+10
 15  2.1988554387530E+00  2.8420859330741E-01  1.2194035728952E+00  2.8419248073542E+00  5.7484800000000E+10
 16  2.2465920685879E+00  2.7251360450178E-01  1.3188540390856E+00  2.8459038461711E+00  5.7484800000000E+10
 17  2.2894285999490E+00  2.6077995624173E-01  1.3515735278929E+00  2.8459071198150E+00  5.7484800000000E+10
 18  2.3301686133439E+00  2.5078274807675E-01  1.4044996143959E+00  2.8459135408295E+00  5.7484800000000E+10
 19  2.3687426107213E+00  2.4169920066407E-01  1.4105164232456E+00  2.8671793258315E+00  5.7484800000000E+10
 20  2.4083768136033E+00  2.3513976402839E-01  1.4151150412421E+00  2.8864081025374E+00  5.7484800000000E+10
 21  2.4479192334532E+00  2.3064867222253E-01  1.4204215665383E+00  2.9149863702707E+00  5.7484800000000E+10
 22  2.4853050863860E+00  2.2863768960700E-01  1.4283608928853E+00  2.9170488649724E+00  5.7484800000000E+10
 23  2.5216369550300E+00  2.2386052583371E-01  1.4430018625426E+00  2.9255906492904E+00  5.7484800000000E+10
 24  2.5582733891601E+00  2.1821650203646E-01  1.4685738866573E+00  2.9272989125907E+00  5.7484800000000E+10
 25  2.5951052088725E+00  2.1273848298017E-01  1.5549932059049E+00  2.9321339507553E+00  5.7484800000000E+10
 26  2.6266511530234E+00  2.0604883471951E-01  1.8963812970636E+00  2.9321339507559E+00  5.7484800000000E+10
 27  2.6601625252774E+00  1.9569659214387E-01  1.9052392504789E+00  2.9281008936702E+00  5.7484800000000E+10
 28  2.6955048810222E+00  1.7919389134030E-01  2.0230386175414E+00  2.9243171041587E+00  5.7484800000000E+10
 29  2.7246441687068E+00  1.5976563192428E-01  2.0538556061148E+00  2.9122257382063E+00  5.7484800000000E+10
 30  2.7700997904899E+00  9.5948045048856E-02  2.1015293725238E+00  2.8902108218841E+00  5.7484800000000E+10
 31  2.7225805092294E+00  1.3273748770858E-02  2.6239401309753E+00  2.7699237668882E+00  5.7484800000000E+10
 32  2.6406835323880E+00  4.6773664040302E-03  2.6131679105568E+00  2.6630117955920E+00  5.7484800000000E+10
 33  2.5490897009889E+00  3.9972621688258E-03  2.5256373550215E+00  2.5668776496761E+00  5.7484800000000E+10
 34  2.4491182532518E+00  3.6414649705088E-03  2.4308465478466E+00  2.4658636452367E+00  5.7484800000000E+10
 35  2.3413654860211E+00  3.3534151189400E-03  2.3245817365034E+00  2.3559066262728E+00  5.7484800000000E+10
 36  2.2271746210863E+00  3.1713929511636E-03  2.2119783532668E+00  2.2406718252832E+00  5.7484800000000E+10
 37  2.1079858439691E+00  3.0151787452956E-03  2.0928666847312E+00  2.1220215363870E+00  5.7484800000000E+10
 38  1.9852260906956E+00  2.9469181904522E-03  1.9703992040494E+00  1.9999617911919E+00  5.7484800000000E+10
 39  1.8602897826748E+00  2.8971901759559E-03  1.8461684622451E+00  1.8740727297857E+00  5.7484800000000E+10
 40  1.7345241258242E+00  2.8492088705746E-03  1.7211679807487E+00  1.7482407586568E+00  5.7484800000000E+10
 41  1.6091952757289E+00  2.7654854756500E-03  1.5951002019611E+00  1.6214629276548E+00  5.7484800000000E+10
 42  1.4854713102197E+00  2.7110235914629E-03  1.4722742219628E+00  1.4980360734718E+00  5.7484800000000E+10
 43  1.3644274507669E+00  2.6057890115094E-03  1.3511252135187E+00  1.3761193545549E+00  5.7484800000000E+10
 44  1.2469922136407E+00  2.5045093655937E-03  1.2345454173487E+00  1.2587729982286E+00  5.7484800000000E+10
 45  1.1339828232157E+00  2.3345201588851E-03  1.1225574147689E+00  1.1449199095852E+00  5.7484800000000E+10
 46  1.0260676076830E+00  2.2259188116806E-03  1.0155749610066E+00  1.0356835220298E+00  5.7484800000000E+10
 47  9.2379514146301E-01  2.1337830416290E-03  9.1395364217080E-01  9.3326708693319E-01  5.7484800000000E+10
 48  8.2756737455777E-01  1.9919237285989E-03  8.1907862136790E-01  8.3687023854086E-01  5.7484800000000E+10
 49  7.3766592777540E-01  1.8239163932764E-03  7.2959136872868E-01  7.4770639460545E-01  5.7484800000000E+10
 50  6.5425090324545E-01  1.6980950269211E-03  6.4692375659368E-01  6.6368496833917E-01  5.7484800000000E+10
 51  5.7737339373834E-01  1.5591168046043E-03  5.7112548483485E-01  5.8541105883419E-01  5.7484800000000E+10
 52  5.0698943423151E-01  1.4330326289934E-03  5.0091827170664E-01  5.1382079465245E-01  5.7484800000000E+10
 53  4.4296431061249E-01  1.2807824723511E-03  4.3698770387718E-01  4.4893553983216E-01  5.7484800000000E+10
 54  3.8509413343866E-01  1.1529983067379E-03  3.8043222860311E-01  3.9097029727482E-01  5.7484800000000E+10
 55  3.3311435712986E-01  1.0372777965383E-03  3.2875354186621E-01  3.3797318167936E-01  5.7484800000000E+10
 56  2.8671395563382E-01  9.2788940686002E-04  2.8273665467233E-01  2.9104341157132E-01  5.7484800000000E+10
 57  2.4554627988925E-01  8.2203379739182E-04  2.4126014254084E-01  2.4944209439261E-01  5.7484800000000E+10
 58  2.0923987401519E-01  6.8959603549883E-04  2.0599427650520E-01  2.1271214630344E-01  5.7484800000000E+10
 59  1.7741154704209E-01  6.1810290830530E-04  1.7452074292280E-01  1.8070643481127E-01  5.7484800000000E+10
 60  1.4967643334448E-01  5.3877052960639E-04  1.4700271357733E-01  1.5217769308062E-01  5.7484800000000E+10
 61  1.2564579542331E-01  4.5921625857683E-04  1.2373470814471E-01  1.2791795707248E-01  5.7484800000000E+10
 62  1.0494753729460E-01  4.0028441793731E-04  1.0306464481260E-01  1.0678204628462E-01  5.7484800000000E+10
 63  8.7221555146168E-02  3.4530766074851E-04  8.5631571768024E-02  8.8927643747495E-02  5.7484800000000E+10
 64  7.2128314665448E-02  2.9295349961833E-04  7.0836434249762E-02  7.3815730669092E-02  5.7484800000000E+10
 65  5.9348980604834E-02  2.4930981715369E-04  5.8084004085019E-02  6.0586246949849E-02  5.7484800000000E+10
 66  4.8590037062339E-02  2.1274054877020E-04  4.7556699511222E-02  4.9544473914935E-02  5.7484800000000E+10
 67  3.9583280606698E-02  1.7815886358769E-04  3.8806138446158E-02  4.0375300149115E-02  5.7484800000000E+10
 68  3.2084829413616E-02  1.4964311898389E-04  3.1478714579510E-02  3.2773907655828E-02  5.7484800000000E+10
 69  2.5877248625189E-02  1.2315092621744E-04  2.5297586887538E-02  2.6460694682770E-02  5.7484800000000E+10
 70  2.0766313862812E-02  1.0034375647256E-04  2.0339126636384E-02  2.1197650611117E-02  5.7484800000000E+10
 71  1.6581592809165E-02  8.3389912794784E-05  1.6215596552810E-02  1.6949074814006E-02  5.7484800000000E+10
 72  1.3173955211520E-02  6.6487773818988E-05  1.2870186743880E-02  1.3489708313730E-02  5.7484800000000E+10
 73  1.0414353672680E-02  5.4032352716626E-05  1.0201198237181E-02  1.0666858938080E-02  5.7484800000000E+10
 74  8.1915390508500E-03  4.4537058921950E-05  7.9936989087726E-03  8.4032617330787E-03  5.7484800000000E+10
 75  6.4109822967020E-03  3.5041992414129E-05  6.2611810249370E-03  6.5720594368378E-03  5.7484800000000E+10
 76  4.9921669309682E-03  2.7884547894265E-05  4.8780303862018E-03  5.1090037870030E-03  5.7484800000000E+10
 77  3.8678966377898E-03  2.2301960854307E-05  3.7758491590615E-03  3.9706202923588E-03  5.7484800000000E+10
 78  2.9816818649145E-03  1.7257816861776E-05  2.9131903765136E-03  3.0563998189023E-03  5.7484800000000E+10
 79  2.2869101310542E-03  1.3409086160742E-05  2.2320642101898E-03  2.3489641568000E-03  5.7484800000000E+10
 80  1.7450983916876E-03  1.0347299982272E-05  1.6989867794850E-03  1.7884925090674E-03  5.7484800000000E+10
 81  1.3248515443908E-03  8.3509560853251E-06  1.2925371379637E-03  1.3630513122545E-03  5.7484800000000E+10
 82  1.0006262464676E-03  6.3792204571238E-06  9.7399395355874E-04  1.0268013161685E-03  5.7484800000000E+10
 83  7.5178081816377E-04  4.9239358231697E-06  7.3211928069203E-04  7.7450693481375E-04  5.7484800000000E+10
 84  5.6183825247039E-04  3.8311711847056E-06  5.4433972105735E-04  5.8182174761970E-04  5.7484800000000E+10
 85  4.1759209408730E-04  2.8484379642619E-06  4.0484236764188E-04  4.2948065585992E-04  5.7484800000000E+10
 86  3.0864122398299E-04  2.1063596833296E-06  2.9941848991344E-04  3.1782170991509E-04  5.7484800000000E+10
 87  2.2677444287768E-04  1.6262895181631E-06  2.2006580690342E-04  2.3528655771355E-04  5.7484800000000E+10
 88  1.6559172142444E-04  1.2240727414454E-06  1.6025505604463E-04  1.7124069749299E-04  5.7484800000000E+10
 89  1.2009703554981E-04  9.1624089104461E-07  1.1554130090716E-04  1.2446514191722E-04  5.7484800000000E+10
 90  8.6451987937652E-05  6.7582236079963E-07  8.3326315129710E-05  8.9937737445714E-05  5.7484800000000E+10
 91  6.1695647335560E-05  4.8740700731614E-07  5.9397204792742E-05  6.4068346231467E-05  5.7484800000000E+10
 92  4.3577499104355E-05  3.6509319483003E-07  4.2096920783058E-05  4.5197536134324E-05  5.7484800000000E+10
 93  3.0385942643735E-05  2.6205823303137E-07  2.9088158696135E-05  3.1529701656542E-05  5.7484800000000E+10
 94  2.0831027345404E-05  1.8794978620994E-07  1.9901279613331E-05  2.1690748356806E-05  5.7484800000000E+10
 95  1.3946860765110E-05  1.3404282863141E-07  1.3357764222903E-05  1.4586751169088E-05  5.7484800000000E+10
 96  9.0121574398971E-06  9.2807072442285E-08  8.6143606491906E-06  9.4029499432671E-06  5.7484800000000E+10
 97  5.4936331732091E-06  6.5398789960251E-08  5.2335177139156E-06  5.7764909054287E-06  5.7484800000000E+10
 98  2.9970064451925E-06  4.4220886728276E-08  2.8255496028227E-06  3.1724217285677E-06  5.7484800000000E+10
 99  1.2218410040433E-06  3.1757633618311E-08  1.0919335756027E-06  1.3200734266586E-06  5.7484800000000E+10
100  1.4094238820138E-08  1.0990358476177E-08  0.0000000000000E+00  8.2285852442444E-08  5.7484800000000E+10
 
 field : TRAC04   ; Iter =      1440 ; region #   0 ; nb.Lev = 100
 k | --   Average    -- | --   Std.Dev    -- | --     min      -- | --     max      -- | --    Vol
  0  1.0019836213582E+00  9.2721094765605E-01  9.9586132406264E-04  4.4420878176658E+00  5.7484800000000E+12
  1  2.6812577025648E+00  1.3010915175920E+00  1.3926874143568E-02  4.4420878176658E+00  5.7484800000000E+10
  2  2.5908006342608E+00  1.2583954945290E+00  1.3395941380243E-02  4.3836167381490E+00  5.7484800000000E+10
  3  2.5137225760219E+00  1.2235333714059E+00  1.3230428984144E-02  4.3235247885297E+00  5.7484800000000E+10
  4  2.4420229786527E+00  1.1909292136007E+00  1.2537915945869E-02  4.2691948895996E+00  5.7484800000000E+10
  5  2.3812824858767E+00  1.1623228406628E+00  1.2055005119608E-02  4.2139145442235E+00  5.7484800000000E+10
  6  2.3231538684562E+00  1.1333460077283E+00  1.2053735892214E-02  4.1547492341206E+00  5.7484800000000E+10
  7  2.2656484888858E+00  1.1038048922335E+00  1.1480948379969E-02  4.0702416607320E+00  5.7484800000000E+10
  8  2.2106883113734E+00  1.0758685686685E+00  9.7129305464166E-03  4.0495313520267E+00  5.7484800000000E+10
  9  2.1598964691575E+00  1.0494262576549E+00  8.9724840601925E-03  3.9907586657132E+00  5.7484800000000E+10
 10  2.1108770339496E+00  1.0240485565912E+00  8.9724840611919E-03  3.9744661950294E+00  5.7484800000000E+10
 11  2.0644127226614E+00  1.0017129776253E+00  8.9724771691916E-03  3.8824226050378E+00  5.7484800000000E+10
 12  2.0208829979903E+00  9.7960445281077E-01  8.9724395075556E-03  3.8549899300196E+00  5.7484800000000E+10
 13  1.9833985332841E+00  9.6239580087347E-01  8.9723179884108E-03  3.8245684288476E+00  5.7484800000000E+10
 14  1.9503253665663E+00  9.4687228988250E-01  8.9719899240949E-03  3.8054995357546E+00  5.7484800000000E+10
 15  1.9210821927307E+00  9.3213825484418E-01  8.9711950190082E-03  3.7928939309938E+00  5.7484800000000E+10
 16  1.8934653877552E+00  9.1706523550760E-01  8.9696143352454E-03  3.6986750904164E+00  5.7484800000000E+10
 17  1.8692151657637E+00  9.0431220045044E-01  8.9657781667891E-03  3.6977857341753E+00  5.7484800000000E+10
 18  1.8471059875009E+00  8.9350297731525E-01  8.6659152468166E-03  3.6970541739048E+00  5.7484800000000E+10
 19  1.8257093155877E+00  8.8348792049571E-01  8.5799608287042E-03  3.6962688385048E+00  5.7484800000000E+10
 20  1.8030230541484E+00  8.7321421420445E-01  8.4080204802190E-03  3.5272260396633E+00  5.7484800000000E+10
 21  1.7787118731048E+00  8.6217526636902E-01  7.7577425393212E-03  3.4853526621128E+00  5.7484800000000E+10
 22  1.7547011154745E+00  8.5236494943261E-01  7.7122112051136E-03  3.3854972731198E+00  5.7484800000000E+10
 23  1.7308069170960E+00  8.4357972922227E-01  7.6665319188507E-03  3.3396394931630E+00  5.7484800000000E+10
 24  1.7046203365064E+00  8.3358759796383E-01  7.5328108555690E-03  3.2689333459594E+00  5.7484800000000E+10
 25  1.6756670748495E+00  8.2080011674070E-01  7.3567282291980E-03  3.2569006933062E+00  5.7484800000000E+10
 26  1.6476457618020E+00  8.0865904314559E-01  7.1648424297193E-03  3.2530734417471E+00  5.7484800000000E+10
 27  1.6139987057897E+00  7.9381512196971E-01  6.9757978287717E-03  3.2148318442418E+00  5.7484800000000E+10
 28  1.5717761742611E+00  7.7391918166828E-01  6.7443333888068E-03  3.1417358175175E+00  5.7484800000000E+10
 29  1.5218408211308E+00  7.4774618081230E-01  6.5268816353952E-03  3.0843665894926E+00  5.7484800000000E+10
 30  1.4255131986411E+00  6.9686150832268E-01  6.4399411553501E-03  2.8698368261585E+00  5.7484800000000E+10
 31  1.2853807408006E+00  6.1872481197688E-01  6.2703461652353E-03  2.0992548978765E+00  5.7484800000000E+10
 32  1.2374508196751E+00  5.9525106431630E-01  6.1054570138579E-03  1.9450733800849E+00  5.7484800000000E+10
 33  1.2068691589823E+00  5.8049624112995E-01  5.9448006697342E-03  1.8941678874326E+00  5.7484800000000E+10
 34  1.1758737582527E+00  5.6557783635822E-01  5.7883289489965E-03  1.8445727117769E+00  5.7484800000000E+10
 35  1.1449551840693E+00  5.5068285942144E-01  5.6359220238580E-03  1.7960090146070E+00  5.7484800000000E+10
 36  1.1147584691763E+00  5.3613485017151E-01  5.4875557218641E-03  1.7484282128680E+00  5.7484800000000E+10
 37  1.0853439930449E+00  5.2196799328782E-01  5.3421988129842E-03  1.7024658843210E+00  5.7484800000000E+10
 38  1.0567050636175E+00  5.0817932167504E-01  5.1990628137791E-03  1.6572553498632E+00  5.7484800000000E+10
 39  1.0288299452088E+00  4.9476135099822E-01  5.0656371164863E-03  1.6137271164628E+00  5.7484800000000E+10
 40  1.0017015680950E+00  4.8170695265516E-01  4.9323555701445E-03  1.5711428338268E+00  5.7484800000000E+10
 41  9.7529912627491E-01  4.6900441292505E-01  4.8025104980425E-03  1.5297277841654E+00  5.7484800000000E+10
 42  9.4960190448622E-01  4.5664307435239E-01  4.6761193227660E-03  1.4896540096916E+00  5.7484800000000E+10
 43  9.2459057075905E-01  4.4461178994057E-01  4.5530605903170E-03  1.4505648569720E+00  5.7484800000000E+10
 44  9.0024347048602E-01  4.3290217416073E-01  4.4332394152318E-03  1.4121964085498E+00  5.7484800000000E+10
 45  8.7654186045327E-01  4.2150374980671E-01  4.3161835660772E-03  1.3754310474304E+00  5.7484800000000E+10
 46  8.5346720959418E-01  4.1040702707150E-01  4.1999815314822E-03  1.3389688224592E+00  5.7484800000000E+10
 47  8.3100295703396E-01  3.9960369748979E-01  4.0878062955515E-03  1.3039128647814E+00  5.7484800000000E+10
 48  8.0913200241162E-01  3.8908646225450E-01  3.9800254358538E-03  1.2696138447481E+00  5.7484800000000E+10
 49  7.8783746826597E-01  3.7884656789829E-01  3.8785398759997E-03  1.2360685338471E+00  5.7484800000000E+10
 50  7.6710385601989E-01  3.6887627182218E-01  3.7776864824583E-03  1.2036065137086E+00  5.7484800000000E+10
 51  7.4691695828938E-01  3.5916931849900E-01  3.6782761332373E-03  1.1720949113793E+00  5.7484800000000E+10
 52  7.2726174553507E-01  3.4971768286993E-01  3.5814765401924E-03  1.1411594321280E+00  5.7484800000000E+10
 53  7.0812368964243E-01  3.4051498063206E-01  3.4872212953551E-03  1.1111621392082E+00  5.7484800000000E+10
 54  6.8948944640348E-01  3.3155511568252E-01  3.3942697078491E-03  1.0819951686403E+00  5.7484800000000E+10
 55  6.7134616038607E-01  3.2283044078925E-01  3.3053649516827E-03  1.0537485976950E+00  5.7484800000000E+10
 56  6.5368005430539E-01  3.1433525839292E-01  3.2190536504072E-03  1.0258419231574E+00  5.7484800000000E+10
 57  6.3647924882240E-01  3.0606385116181E-01  3.1339300841243E-03  9.9847151477240E-01  5.7484800000000E+10
 58  6.1973025462010E-01  2.9801015269500E-01  3.0509378741255E-03  9.7221729478027E-01  5.7484800000000E+10
 59  6.0342252264520E-01  2.9016891026014E-01  2.9703236927113E-03  9.4692733163556E-01  5.7484800000000E+10
 60  5.8754461556448E-01  2.8253376294288E-01  2.8918248210918E-03  9.2188014862412E-01  5.7484800000000E+10
 61  5.7208329476943E-01  2.7509903469153E-01  2.8154330549121E-03  8.9769490683380E-01  5.7484800000000E+10
 62  5.5702966926496E-01  2.6785992116365E-01  2.7417829200992E-03  8.7419505411223E-01  5.7484800000000E+10
 63  5.4237208112688E-01  2.6081171178465E-01  2.6707811943490E-03  8.5100234860526E-01  5.7484800000000E+10
 64  5.2809994218749E-01  2.5394849903307E-01  2.6004956561820E-03  8.2873730051701E-01  5.7484800000000E+10
 65  5.1420356287291E-01  2.4726684123639E-01  2.5314605248011E-03  8.0717511501110E-01  5.7484800000000E+10
 66  5.0067263943259E-01  2.4076021666739E-01  2.4646078550917E-03  7.8566378031195E-01  5.7484800000000E+10
 67  4.8749798797566E-01  2.3442467414654E-01  2.3997761999096E-03  7.6505051012636E-01  5.7484800000000E+10
 68  4.7466970785915E-01  2.2825610997776E-01  2.3374771503506E-03  7.4499880683767E-01  5.7484800000000E+10
 69  4.6217956022438E-01  2.2224981555681E-01  2.2761141004542E-03  7.2555827409575E-01  5.7484800000000E+10
 70  4.5001764641268E-01  2.1640183430736E-01  2.2162266172456E-03  7.0632512772874E-01  5.7484800000000E+10
 71  4.3817583679289E-01  2.1070774346729E-01  2.1578061540482E-03  6.8786683769869E-01  5.7484800000000E+10
 72  4.2664546444164E-01  2.0516286917182E-01  2.1009744226533E-03  6.6957421137172E-01  5.7484800000000E+10
 73  4.1541881036640E-01  1.9976436434722E-01  2.0456723850441E-03  6.5197074717732E-01  5.7484800000000E+10
 74  4.0448716554727E-01  1.9450798318478E-01  1.9918442160476E-03  6.3464908695269E-01  5.7484800000000E+10
 75  3.9384394078209E-01  1.8939008808753E-01  1.9394056887634E-03  6.1814463986125E-01  5.7484800000000E+10
 76  3.8347982920984E-01  1.8440647158087E-01  1.8882959579215E-03  6.0172325936951E-01  5.7484800000000E+10
 77  3.7338928485815E-01  1.7955383809767E-01  1.8386593581890E-03  5.8612864720018E-01  5.7484800000000E+10
 78  3.6356351238959E-01  1.7482891714838E-01  1.7902702785050E-03  5.7058431919229E-01  5.7484800000000E+10
 79  3.5399693997189E-01  1.7022885580288E-01  1.7431486717756E-03  5.5560070234136E-01  5.7484800000000E+10
 80  3.4468153245854E-01  1.6574957726563E-01  1.6963765138202E-03  5.4100404940265E-01  5.7484800000000E+10
 81  3.3561149299957E-01  1.6138817887025E-01  1.6512397554498E-03  5.2658929819511E-01  5.7484800000000E+10
 82  3.2678042489839E-01  1.5714123985375E-01  1.6089837077762E-03  5.1288904125390E-01  5.7484800000000E+10
 83  3.1818120086843E-01  1.5300619246068E-01  1.5665504807228E-03  4.9947517784224E-01  5.7484800000000E+10
 84  3.0980899569507E-01  1.4898015367524E-01  1.5249386923025E-03  4.8640190276526E-01  5.7484800000000E+10
 85  3.0165635370236E-01  1.4505981283174E-01  1.4846859112795E-03  4.7350036879752E-01  5.7484800000000E+10
 86  2.9371876394486E-01  1.4124314580889E-01  1.4454725872110E-03  4.6104245736587E-01  5.7484800000000E+10
 87  2.8598935144815E-01  1.3752616517247E-01  1.4072233244529E-03  4.4879129629611E-01  5.7484800000000E+10
 88  2.7846417330350E-01  1.3390753385028E-01  1.3703143740271E-03  4.3724586886887E-01  5.7484800000000E+10
 89  2.7113635522719E-01  1.3038365285413E-01  1.3341191024495E-03  4.2555183223793E-01  5.7484800000000E+10
 90  2.6400195505907E-01  1.2695284343621E-01  1.2996272724126E-03  4.1444991196050E-01  5.7484800000000E+10
 91  2.5705482640787E-01  1.2361250551900E-01  1.2656188457024E-03  4.0359367878906E-01  5.7484800000000E+10
 92  2.5029063774875E-01  1.2035954185373E-01  1.2326743401347E-03  3.9284358661602E-01  5.7484800000000E+10
 93  2.4370457691174E-01  1.1719258316981E-01  1.2002374385824E-03  3.8258004372707E-01  5.7484800000000E+10
 94  2.3729159605601E-01  1.1410874613557E-01  1.1686540897878E-03  3.7265016116949E-01  5.7484800000000E+10
 95  2.3104754668773E-01  1.1110610087289E-01  1.1379018331497E-03  3.6287301639164E-01  5.7484800000000E+10
 96  2.2496765667980E-01  1.0818243555613E-01  1.1079587991006E-03  3.5314499367759E-01  5.7484800000000E+10
 97  2.1904848571529E-01  1.0533623485453E-01  1.0788036935547E-03  3.4388127554745E-01  5.7484800000000E+10
 98  2.1328137575511E-01  1.0256307386263E-01  1.0504157827638E-03  3.3482177197046E-01  5.7484800000000E+10
 99  2.0759999266350E-01  9.9830776455924E-02  1.0227748785727E-03  3.2588623042528E-01  5.7484800000000E+10
100  2.0228089033873E-01  9.7273678285043E-02  9.9586132406264E-04  3.1722574622307E-01  5.7484800000000E+10
 
 field : TRAC05   ; Iter =      1440 ; region #   0 ; nb.Lev = 100
 k | --   Average    -- | --   Std.Dev    -- | --     min      -- | --     max      -- | --    Vol
  0  1.0013564077691E+00  1.4438607172524E+00  4.9146220483443E-15  5.9172875705439E+00  5.7484800000000E+12
  1  1.1218829803886E+00  5.8526490065152E-01  2.3055473662578E-01  4.1103844548300E+00  5.7484800000000E+10
  2  1.3429826671654E+00  6.7453331210547E-01  2.5333620573858E-01  4.1571863341442E+00  5.7484800000000E+10
  3  1.5440166758676E+00  7.5450749184651E-01  2.7979533815125E-01  4.3541250163567E+00  5.7484800000000E+10
  4  1.7398568561855E+00  8.2866875585159E-01  3.0106617607423E-01  4.7045159036818E+00  5.7484800000000E+10
  5  1.9103799590828E+00  8.8468864383713E-01  3.3011949699870E-01  4.8132874599118E+00  5.7484800000000E+10
  6  2.0754439728452E+00  9.3242475563835E-01  3.5557779260689E-01  4.8169190167651E+00  5.7484800000000E+10
  7  2.2376691249751E+00  9.8720981070884E-01  3.9486888287430E-01  5.1012837976263E+00  5.7484800000000E+10
  8  2.3881099003815E+00  1.0408196974319E+00  4.2732090206766E-01  5.1156616633240E+00  5.7484800000000E+10
  9  2.5221556133805E+00  1.0911799127479E+00  4.7927455560980E-01  5.2538263436069E+00  5.7484800000000E+10
 10  2.6444952632405E+00  1.1404742412297E+00  5.2542087074423E-01  5.6209039715031E+00  5.7484800000000E+10
 11  2.7533067200670E+00  1.1797721105693E+00  5.7220386451569E-01  5.6496744376031E+00  5.7484800000000E+10
 12  2.8502232780191E+00  1.2145461613112E+00  5.8086716791752E-01  5.6786837215572E+00  5.7484800000000E+10
 13  2.9313321824060E+00  1.2377944744560E+00  5.8284416865966E-01  5.6870923479900E+00  5.7484800000000E+10
 14  3.0007407441186E+00  1.2571104106594E+00  6.5658325830522E-01  5.7115851997499E+00  5.7484800000000E+10
 15  3.0599708090721E+00  1.2723071531785E+00  6.7182123090063E-01  5.7361463973584E+00  5.7484800000000E+10
 16  3.1120220357603E+00  1.2864193034428E+00  6.8822020717149E-01  5.7572635273142E+00  5.7484800000000E+10
 17  3.1546830336206E+00  1.2970925209347E+00  7.0281983676814E-01  5.8067745556592E+00  5.7484800000000E+10
 18  3.1904970913057E+00  1.3039798172881E+00  7.1757381547421E-01  5.8526176487147E+00  5.7484800000000E+10
 19  3.2223671866416E+00  1.3105124914884E+00  7.7807344247953E-01  5.8993015129576E+00  5.7484800000000E+10
 20  3.2496112940986E+00  1.3155004646928E+00  8.1020867021758E-01  5.9172875705439E+00  5.7484800000000E+10
 21  3.2706066237830E+00  1.3172351647015E+00  8.3700632890115E-01  5.9172875705439E+00  5.7484800000000E+10
 22  3.2846602873625E+00  1.3165096996042E+00  8.8297689715534E-01  5.8981625608805E+00  5.7484800000000E+10
 23  3.2930756695543E+00  1.3162493661628E+00  8.8297695697811E-01  5.8545572197597E+00  5.7484800000000E+10
 24  3.2955624213970E+00  1.3139952136074E+00  8.8297710144489E-01  5.8253972787567E+00  5.7484800000000E+10
 25  3.2914523593688E+00  1.3108567272510E+00  8.8297715963357E-01  5.7956693909452E+00  5.7484800000000E+10
 26  3.2769839773416E+00  1.3029732202630E+00  8.8297902295973E-01  5.6801439497112E+00  5.7484800000000E+10
 27  3.2477542897121E+00  1.2899668417151E+00  9.1527838157509E-01  5.5901479412876E+00  5.7484800000000E+10
 28  3.1968588203845E+00  1.2760052740987E+00  8.8863994958233E-01  5.4416944643505E+00  5.7484800000000E+10
 29  3.1151477686638E+00  1.2463653298167E+00  8.6493346298789E-01  5.4085435459273E+00  5.7484800000000E+10
 30  2.9357348004936E+00  1.1818067398054E+00  8.2978044391770E-01  5.2969064781455E+00  5.7484800000000E+10
 31  2.4252777110610E+00  9.5813443116136E-01  7.5791453121567E-01  3.8808493546215E+00  5.7484800000000E+10
 32  2.1496149662438E+00  8.4908417432614E-01  6.9090647667852E-01  3.3051243396221E+00  5.7484800000000E+10
 33  1.9371116110720E+00  7.6502963980815E-01  6.2246991068220E-01  2.9729028311348E+00  5.7484800000000E+10
 34  1.7278712694209E+00  6.8233182685788E-01  5.5482569829506E-01  2.6513190980187E+00  5.7484800000000E+10
 35  1.5257081343207E+00  6.0235989590134E-01  4.9007618180468E-01  2.3397859263617E+00  5.7484800000000E+10
 36  1.3351107411198E+00  5.2695242924187E-01  4.2900080693263E-01  2.0482389981526E+00  5.7484800000000E+10
 37  1.1579872789693E+00  4.5690382138517E-01  3.7088863781174E-01  1.7775863219412E+00  5.7484800000000E+10
 38  9.9547837546627E-01  3.9267566463380E-01  3.1701802016432E-01  1.5261891194975E+00  5.7484800000000E+10
 39  8.4821075882731E-01  3.3450513054542E-01  2.7017844781993E-01  1.3009224008068E+00  5.7484800000000E+10
 40  7.1634645865563E-01  2.8244617369130E-01  2.2951294545831E-01  1.0997251052810E+00  5.7484800000000E+10
 41  5.9963601930105E-01  2.3638956086806E-01  1.9275807095636E-01  9.1949924013724E-01  5.7484800000000E+10
 42  4.9750315408581E-01  1.9610363955806E-01  1.5979537083332E-01  7.6555840291977E-01  5.7484800000000E+10
 43  4.0912075751638E-01  1.6124761549227E-01  1.3133166959786E-01  6.3019638713597E-01  5.7484800000000E+10
 44  3.3346385075099E-01  1.3142004141036E-01  1.0688024591088E-01  5.1216755935225E-01  5.7484800000000E+10
 45  2.6939451283796E-01  1.0616301613440E-01  8.6289073732204E-02  4.1477238443497E-01  5.7484800000000E+10
 46  2.1570865336221E-01  8.5003289093004E-02  6.8992495174233E-02  3.3195093755400E-01  5.7484800000000E+10
 47  1.7119447783554E-01  6.7459341766573E-02  5.4518502956684E-02  2.6389912122204E-01  5.7484800000000E+10
 48  1.3466455301984E-01  5.3063989960431E-02  4.2788414070841E-02  2.0762249086961E-01  5.7484800000000E+10
 49  1.0499185147935E-01  4.1370791149618E-02  3.3321273356078E-02  1.6161686665419E-01  5.7484800000000E+10
 50  8.1132641461332E-02  3.1968855546804E-02  2.5767366284124E-02  1.2495152465644E-01  5.7484800000000E+10
 51  6.2140805073295E-02  2.4485683667015E-02  1.9764386251012E-02  9.5866266636272E-02  5.7484800000000E+10
 52  4.7173458522725E-02  1.8587890079583E-02  1.4957554076471E-02  7.2732449877595E-02  5.7484800000000E+10
 53  3.5494087653809E-02  1.3985718893899E-02  1.1300488769899E-02  5.4797767108410E-02  5.7484800000000E+10
 54  2.6469980853534E-02  1.0430133368320E-02  8.4795275542276E-03  4.0989687360512E-02  5.7484800000000E+10
 55  1.9565474609946E-02  7.7095723801161E-03  6.2240823130572E-03  3.0388083104892E-02  5.7484800000000E+10
 56  1.4333909865210E-02  5.6481202922677E-03  4.5715125384477E-03  2.2231177742672E-02  5.7484800000000E+10
 57  1.0408291685089E-02  4.1012752875697E-03  3.3155997719417E-03  1.6097070949515E-02  5.7484800000000E+10
 58  7.4907948779447E-03  2.9516752293048E-03  2.3891749270449E-03  1.1556844842802E-02  5.7484800000000E+10
 59  5.3433849693865E-03  2.1056302517222E-03  1.7093624843529E-03  8.2627012766889E-03  5.7484800000000E+10
 60  3.7779014151673E-03  1.4887351086477E-03  1.2065299224632E-03  5.8558228987510E-03  5.7484800000000E+10
 61  2.6473484471450E-03  1.0432217302927E-03  8.4385553724686E-04  4.1089363910564E-03  5.7484800000000E+10
 62  1.8387182516211E-03  7.2459105065158E-04  5.8241212058478E-04  2.8503372684889E-03  5.7484800000000E+10
 63  1.2657790451853E-03  4.9883090851763E-04  4.0263313961561E-04  1.9739519003355E-03  5.7484800000000E+10
 64  8.6365019317679E-04  3.4034924618255E-04  2.7532829566035E-04  1.3417265204106E-03  5.7484800000000E+10
 65  5.8405880213030E-04  2.3018050371578E-04  1.8607849562742E-04  9.1004466670182E-04  5.7484800000000E+10
 66  3.9147981367481E-04  1.5428643072863E-04  1.2414673183126E-04  6.0714453471840E-04  5.7484800000000E+10
 67  2.6007797421475E-04  1.0249995018822E-04  8.2095508738388E-05  4.0608005147230E-04  5.7484800000000E+10
 68  1.7125029158746E-04  6.7494210862368E-05  5.3834069790465E-05  2.6684306106074E-04  5.7484800000000E+10
 69  1.1176439105014E-04  4.4050528524981E-05  3.5434606467249E-05  1.7470587729880E-04  5.7484800000000E+10
 70  7.2294805661638E-05  2.8495197334057E-05  2.3030248371340E-05  1.1290049250281E-04  5.7484800000000E+10
 71  4.6349805469145E-05  1.8269558546895E-05  1.4693486379984E-05  7.2490924411584E-05  5.7484800000000E+10
 72  2.9452580357719E-05  1.1609178391089E-05  9.3482145759446E-06  4.5968432966718E-05  5.7484800000000E+10
 73  1.8549971988332E-05  7.3120712199290E-06  5.8891918360915E-06  2.9013192496057E-05  5.7484800000000E+10
 74  1.1579560118906E-05  4.5647292388104E-06  3.6863150542696E-06  1.8133838284386E-05  5.7484800000000E+10
 75  7.1645721021176E-06  2.8243728291626E-06  2.2721034612891E-06  1.1244458765394E-05  5.7484800000000E+10
 76  4.3934529014143E-06  1.7320046468599E-06  1.3962837685469E-06  6.8732312925071E-06  5.7484800000000E+10
 77  2.6703947891587E-06  1.0527294406160E-06  8.4755812534393E-07  4.1836214732163E-06  5.7484800000000E+10
 78  1.6086822233275E-06  6.3417491464813E-07  5.0972461948643E-07  2.5165530992463E-06  5.7484800000000E+10
 79  9.6053736059839E-07  3.7869377135476E-07  3.0526030830599E-07  1.5123753262858E-06  5.7484800000000E+10
 80  5.6843842783104E-07  2.2411077257451E-07  1.8056625630833E-07  8.9379366034112E-07  5.7484800000000E+10
 81  3.3342114960645E-07  1.3145998465776E-07  1.0446667482844E-07  5.2451613807667E-07  5.7484800000000E+10
 82  1.9384054463135E-07  7.6427049889948E-08  6.0787412837397E-08  3.0707464064778E-07  5.7484800000000E+10
 83  1.1169105543883E-07  4.4040990317915E-08  3.5280716554094E-08  1.7707479404525E-07  5.7484800000000E+10
 84  6.3789610480567E-08  2.5154005419849E-08  2.0253862208674E-08  1.0168328474839E-07  5.7484800000000E+10
 85  3.6107414623278E-08  1.4238385145040E-08  1.1460337979321E-08  5.6883616320573E-08  5.7484800000000E+10
 86  2.0257971468584E-08  7.9888127455538E-09  6.4013353137918E-09  3.2167666622791E-08  5.7484800000000E+10
 87  1.1264391003896E-08  4.4422919268147E-09  3.5355125910862E-09  1.7832639868602E-08  5.7484800000000E+10
 88  6.2083356736873E-09  2.4486089506897E-09  1.9477069763018E-09  9.8319868081090E-09  5.7484800000000E+10
 89  3.3910728866221E-09  1.3376550412013E-09  1.0603148579092E-09  5.3374836752964E-09  5.7484800000000E+10
 90  1.8358048177851E-09  7.2434264400175E-10  5.7514673147625E-10  2.9108572389744E-09  5.7484800000000E+10
 91  9.8484889303459E-10  3.8875630205803E-10  3.1029840605881E-10  1.5763900957293E-09  5.7484800000000E+10
 92  5.2349988702532E-10  2.0678870264567E-10  1.6487137946183E-10  8.2756088979011E-10  5.7484800000000E+10
 93  2.7564204174055E-10  1.0902975244667E-10  8.6415164189245E-11  4.3721793274629E-10  5.7484800000000E+10
 94  1.4367495138724E-10  5.6981063965879E-11  4.5100393184646E-11  2.3000101251991E-10  5.7484800000000E+10
 95  7.4048534606498E-11  2.9518404829032E-11  2.2798127994231E-11  1.1923681888580E-10  5.7484800000000E+10
 96  3.7639954981796E-11  1.5157348829111E-11  1.1411008620473E-11  6.0397038736796E-11  5.7484800000000E+10
 97  1.8773125293196E-11  7.7155833607735E-12  5.4090966256725E-12  3.0338982041086E-11  5.7484800000000E+10
 98  9.0819177096981E-12  3.8921510907598E-12  2.3220751396383E-12  1.4883601274294E-11  5.7484800000000E+10
 99  4.1233083836469E-12  1.9359454762804E-12  7.5060384115029E-13  6.9676291514386E-12  5.7484800000000E+10
100  1.6907950379009E-12  9.7607130253147E-13  4.9146220483443E-15  3.0783890383560E-12  5.7484800000000E+10
 
 field : TRAC01   ; Iter =      2880 ; region #   0 ; nb.Lev = 100
 k | --   Average    -- | --   Std.Dev    -- | --     min      -- | --     max      -- | --    Vol
  0  9.9999999874731E-01  5.7937811214933E-01  7.6206512954724E-05  1.9998417881861E+00  5.7484800000000E+12
  1  1.9427700663796E+00  4.2870286045344E-02  1.7127488800223E+00  1.9998417881861E+00  5.7484800000000E+10
  2  1.9171413451751E+00  4.4986853658494E-02  1.7030226243676E+00  1.9854483518217E+00  5.7484800000000E+10
  3  1.8922004550793E+00  4.8009422113020E-02  1.6995336860777E+00  1.9788877446271E+00  5.7484800000000E+10
  4  1.8704161062237E+00  5.0277537795662E-02  1.6612218320880E+00  1.9663974156501E+00  5.7484800000000E+10
  5  1.8502157933361E+00  5.0956442942546E-02  1.6259072965487E+00  1.9588725759471E+00  5.7484800000000E+10
  6  1.8298135488032E+00  5.0909359977586E-02  1.6135627436057E+00  1.9583857365238E+00  5.7484800000000E+10
  7  1.8104526724356E+00  5.0228725408192E-02  1.6012978731179E+00  1.9434536171650E+00  5.7484800000000E+10
  8  1.7923069342971E+00  4.9812795944995E-02  1.6017460482997E+00  1.9201192747681E+00  5.7484800000000E+10
  9  1.7754677254903E+00  5.0477968339345E-02  1.5868881522291E+00  1.9136167337676E+00  5.7484800000000E+10
 10  1.7598208302588E+00  5.1598350768497E-02  1.5742749319903E+00  1.9053919934676E+00  5.7484800000000E+10
 11  1.7444332953328E+00  5.2382287684294E-02  1.5582612508695E+00  1.8982505745600E+00  5.7484800000000E+10
 12  1.7291404447046E+00  5.2975995920293E-02  1.5410604123193E+00  1.8981879756874E+00  5.7484800000000E+10
 13  1.7153382583941E+00  5.4321057623021E-02  1.5382757895779E+00  1.8976152184365E+00  5.7484800000000E+10
 14  1.7034438473243E+00  5.6244031901564E-02  1.5329790676604E+00  1.8906622270245E+00  5.7484800000000E+10
 15  1.6935961788298E+00  5.7108090969094E-02  1.5267639867515E+00  1.8862454760214E+00  5.7484800000000E+10
 16  1.6847060017655E+00  5.4807696946974E-02  1.5252063238727E+00  1.8861982169257E+00  5.7484800000000E+10
 17  1.6766412330592E+00  5.1231445431979E-02  1.5238017360964E+00  1.8546449910528E+00  5.7484800000000E+10
 18  1.6690669403154E+00  4.9304813705035E-02  1.5220225040670E+00  1.8553660507128E+00  5.7484800000000E+10
 19  1.6612967561015E+00  4.7949882022969E-02  1.5236032000830E+00  1.8539823245581E+00  5.7484800000000E+10
 20  1.6528368175380E+00  4.7402245146614E-02  1.5163494229255E+00  1.8409001921908E+00  5.7484800000000E+10
 21  1.6433806714671E+00  4.7422182976065E-02  1.5028303301582E+00  1.8419729444553E+00  5.7484800000000E+10
 22  1.6332163152294E+00  4.7354426933998E-02  1.4918578730359E+00  1.8334610067909E+00  5.7484800000000E+10
 23  1.6231501149937E+00  4.8076856101590E-02  1.4903710927076E+00  1.8140965449266E+00  5.7484800000000E+10
 24  1.6123750258227E+00  4.8581467203654E-02  1.4649873522761E+00  1.7998813220173E+00  5.7484800000000E+10
 25  1.6005512976220E+00  4.8678660048528E-02  1.4649707845102E+00  1.7796136135363E+00  5.7484800000000E+10
 26  1.5877105399237E+00  4.9171853130490E-02  1.4555678376451E+00  1.7611729050822E+00  5.7484800000000E+10
 27  1.5723376602584E+00  4.9338600890150E-02  1.4465412833848E+00  1.7611729050822E+00  5.7484800000000E+10
 28  1.5520451118509E+00  4.9248861881497E-02  1.4285019983900E+00  1.7275228842018E+00  5.7484800000000E+10
 29  1.5300086925600E+00  5.1368253988800E-02  1.4204075249924E+00  1.7039439233530E+00  5.7484800000000E+10
 30  1.4761157396237E+00  4.0279458732456E-02  1.3930327964735E+00  1.6777446536165E+00  5.7484800000000E+10
 31  1.4066772187024E+00  1.1208361559049E-02  1.3874258824271E+00  1.4627821261689E+00  5.7484800000000E+10
 32  1.3720840404807E+00  2.2523704892234E-03  1.3639200824483E+00  1.3928254389552E+00  5.7484800000000E+10
 33  1.3525415366963E+00  1.4279747104396E-03  1.3469648726298E+00  1.3561377898041E+00  5.7484800000000E+10
 34  1.3332886997538E+00  1.2429676223605E-03  1.3289638511305E+00  1.3378886146838E+00  5.7484800000000E+10
 35  1.3131742742217E+00  1.1447295442515E-03  1.3091057692741E+00  1.3188182603518E+00  5.7484800000000E+10
 36  1.2929424221118E+00  9.7164371423659E-04  1.2894922532133E+00  1.2980886450466E+00  5.7484800000000E+10
 37  1.2727324335946E+00  8.1694459966773E-04  1.2698743282040E+00  1.2768946808753E+00  5.7484800000000E+10
 38  1.2525288076892E+00  7.0090019881405E-04  1.2500902535654E+00  1.2564153497567E+00  5.7484800000000E+10
 39  1.2323254401979E+00  6.1862787432200E-04  1.2300924550284E+00  1.2356209559418E+00  5.7484800000000E+10
 40  1.2121228348214E+00  5.6643417229381E-04  1.2102002740422E+00  1.2150838077087E+00  5.7484800000000E+10
 41  1.1919202810960E+00  5.2853856523676E-04  1.1900121581223E+00  1.1948361489875E+00  5.7484800000000E+10
 42  1.1717174435729E+00  5.0638448516322E-04  1.1698491102748E+00  1.1744656671611E+00  5.7484800000000E+10
 43  1.1515156589612E+00  4.8724320121607E-04  1.1497174442086E+00  1.1544109264423E+00  5.7484800000000E+10
 44  1.1313135551582E+00  4.7934790004462E-04  1.1297460285038E+00  1.1341794747433E+00  5.7484800000000E+10
 45  1.1111114579633E+00  4.6349661158044E-04  1.1094836055748E+00  1.1135974986247E+00  5.7484800000000E+10
 46  1.0909092857309E+00  4.5563145834835E-04  1.0892173998600E+00  1.0931606289942E+00  5.7484800000000E+10
 47  1.0707070804841E+00  4.5539257365991E-04  1.0689719976443E+00  1.0729267894424E+00  5.7484800000000E+10
 48  1.0505049903457E+00  4.5364733498593E-04  1.0489564438851E+00  1.0527538630109E+00  5.7484800000000E+10
 49  1.0303031754239E+00  4.4490631420723E-04  1.0287369674219E+00  1.0325127039595E+00  5.7484800000000E+10
 50  1.0101012242735E+00  4.4397443884425E-04  1.0085170700495E+00  1.0123075378580E+00  5.7484800000000E+10
 51  9.8989881906478E-01  4.4237806439397E-04  9.8832854603286E-01  9.9210346984765E-01  5.7484800000000E+10
 52  9.6969701892974E-01  4.4228540193361E-04  9.6814010097065E-01  9.7204569001592E-01  5.7484800000000E+10
 53  9.4949518586492E-01  4.3523650828338E-04  9.4793203535725E-01  9.5161097045966E-01  5.7484800000000E+10
 54  9.2929279042705E-01  4.3019815326812E-04  9.2789154378280E-01  9.3138284813469E-01  5.7484800000000E+10
 55  9.0909089664715E-01  4.3227115052108E-04  9.0746963097225E-01  9.1118649662461E-01  5.7484800000000E+10
 56  8.8888897032107E-01  4.2810663981240E-04  8.8742571990079E-01  8.9126908148512E-01  5.7484800000000E+10
 57  8.6868727269911E-01  4.2470497019582E-04  8.6717158161316E-01  8.7114298517893E-01  5.7484800000000E+10
 58  8.4848511190608E-01  4.0636306567309E-04  8.4698711099250E-01  8.5073197394582E-01  5.7484800000000E+10
 59  8.2828220626797E-01  4.1272827335400E-04  8.2674250506243E-01  8.3043256645182E-01  5.7484800000000E+10
 60  8.0808129273569E-01  4.1299330652648E-04  8.0659396317314E-01  8.0995303555830E-01  5.7484800000000E+10
 61  7.8787880128037E-01  4.0695254619941E-04  7.8633136026983E-01  7.8998793514165E-01  5.7484800000000E+10
 62  7.6767669386048E-01  4.0747827906620E-04  7.6612628045471E-01  7.6977417211269E-01  5.7484800000000E+10
 63  7.4747436431562E-01  4.1135063265018E-04  7.4585729312913E-01  7.4942572503851E-01  5.7484800000000E+10
 64  7.2727292547568E-01  4.0909775491943E-04  7.2580154772850E-01  7.2918716395012E-01  5.7484800000000E+10
 65  7.0707078957810E-01  4.0820649409382E-04  7.0552163911383E-01  7.0894156692795E-01  5.7484800000000E+10
 66  6.8686823509465E-01  4.1556764473277E-04  6.8514781958026E-01  6.8869259969568E-01  5.7484800000000E+10
 67  6.6666687514754E-01  4.1625253415157E-04  6.6505191255652E-01  6.6839188754408E-01  5.7484800000000E+10
 68  6.4646417170891E-01  4.2124729262810E-04  6.4496646155552E-01  6.4826270206624E-01  5.7484800000000E+10
 69  6.2626272723250E-01  4.1637420540708E-04  6.2476386926731E-01  6.2817110556940E-01  5.7484800000000E+10
 70  6.0606100394347E-01  4.1611563417610E-04  6.0460652098428E-01  6.0795048494631E-01  5.7484800000000E+10
 71  5.8585858831659E-01  4.2001151476658E-04  5.8432345669519E-01  5.8748377781139E-01  5.7484800000000E+10
 72  5.6565610096630E-01  4.1246601821417E-04  5.6405742425652E-01  5.6730152409865E-01  5.7484800000000E+10
 73  5.4545481914219E-01  4.1433055286380E-04  5.4393216468875E-01  5.4706495505501E-01  5.7484800000000E+10
 74  5.2525231258477E-01  4.2187304563486E-04  5.2375413307914E-01  5.2701422574579E-01  5.7484800000000E+10
 75  5.0505103281806E-01  4.1088729207249E-04  5.0357661541532E-01  5.0692666597938E-01  5.7484800000000E+10
 76  4.8484807095438E-01  4.1509396597586E-04  4.8325203972150E-01  4.8662832611455E-01  5.7484800000000E+10
 77  4.6464658687335E-01  4.1472420441360E-04  4.6307004578722E-01  4.6637367672538E-01  5.7484800000000E+10
 78  4.4444461950716E-01  4.1000966059041E-04  4.4291306780616E-01  4.4619713638468E-01  5.7484800000000E+10
 79  4.2424260786308E-01  4.0654848585295E-04  4.2275094176008E-01  4.2606560278097E-01  5.7484800000000E+10
 80  4.0404005429881E-01  4.0505397952264E-04  4.0243067991008E-01  4.0558776351251E-01  5.7484800000000E+10
 81  3.8383814150920E-01  4.2052501458425E-04  3.8229695589469E-01  3.8541935020308E-01  5.7484800000000E+10
 82  3.6363652972097E-01  4.1833769296036E-04  3.6199623573713E-01  3.6528289377338E-01  5.7484800000000E+10
 83  3.4343358671179E-01  4.2614159989984E-04  3.4184059148214E-01  3.4505438162553E-01  5.7484800000000E+10
 84  3.2323305935617E-01  4.2945593512391E-04  3.2163693476337E-01  3.2487226878616E-01  5.7484800000000E+10
 85  3.0303014885664E-01  4.2262057028209E-04  3.0147808011379E-01  3.0481832931015E-01  5.7484800000000E+10
 86  2.8282846699091E-01  4.1203825894146E-04  2.8125600237139E-01  2.8463222097007E-01  5.7484800000000E+10
 87  2.6262562915268E-01  4.2381902140764E-04  2.6090805374668E-01  2.6450802934628E-01  5.7484800000000E+10
 88  2.4242451468841E-01  4.2549233159755E-04  2.4085767013251E-01  2.4404569161906E-01  5.7484800000000E+10
 89  2.2222183540419E-01  4.3372414916948E-04  2.2056845776761E-01  2.2401113145825E-01  5.7484800000000E+10
 90  2.0202083410698E-01  4.2810080497627E-04  2.0041716848506E-01  2.0366701636407E-01  5.7484800000000E+10
 91  1.8181775040594E-01  4.2327846418328E-04  1.8014672847253E-01  1.8369433238151E-01  5.7484800000000E+10
 92  1.6161600283712E-01  4.3869879879235E-04  1.5981252354022E-01  1.6350444294469E-01  5.7484800000000E+10
 93  1.4141453638917E-01  4.3654583904384E-04  1.3961351556542E-01  1.4301858239845E-01  5.7484800000000E+10
 94  1.2121168082673E-01  4.3781923317048E-04  1.1954209016343E-01  1.2286040879577E-01  5.7484800000000E+10
 95  1.0101028565684E-01  4.3769805270087E-04  9.9049109347211E-02  1.0265414667000E-01  5.7484800000000E+10
 96  8.0809290512437E-02  4.3663866030736E-04  7.9216985858152E-02  8.2527079158731E-02  5.7484800000000E+10
 97  6.0615496755334E-02  4.3171148767194E-04  5.8992396875759E-02  6.2186162119753E-02  5.7484800000000E+10
 98  4.0359958966526E-02  4.2494426607313E-04  3.8949564490297E-02  4.1827693728486E-02  5.7484800000000E+10
 99  1.9563397834099E-02  4.9268527360908E-04  1.7955419148652E-02  2.1141923047783E-02  5.7484800000000E+10
100  6.7950074824059E-04  2.7173786374841E-04  7.6206512954724E-05  2.0772686956073E-03  5.7484800000000E+10
 
 field : TRAC02   ; Iter =      2880 ; region #   0 ; nb.Lev = 100
 k | --   Average    -- | --   Std.Dev    -- | --     min      -- | --     max      -- | --    Vol
  0  1.0000000006161E+00  4.6928913206179E-01  1.2020312676162E-04  1.4304218491188E+00  5.7484800000000E+12
  1  5.2260934898111E-02  4.5684046892059E-02  1.2020312676162E-04  3.2572627267462E-01  5.7484800000000E+10
  2  7.6671998490965E-02  5.0378580475180E-02  1.0703614454735E-02  3.3677614070494E-01  5.7484800000000E+10
  3  1.0173757238987E-01  5.5634854254015E-02  1.5140727661913E-02  3.3801281264416E-01  5.7484800000000E+10
  4  1.2464053160793E-01  5.9670293046691E-02  2.4886573805826E-02  3.8524334780916E-01  5.7484800000000E+10
  5  1.4670016091335E-01  6.1906659149233E-02  3.1673341374883E-02  4.3065809085439E-01  5.7484800000000E+10
  6  1.6967925235100E-01  6.3099940999441E-02  3.1789253697050E-02  4.4682981391911E-01  5.7484800000000E+10
  7  1.9222601296048E-01  6.3265417612297E-02  4.6502887553581E-02  4.6818923073017E-01  5.7484800000000E+10
  8  2.1413826187046E-01  6.3655081025115E-02  6.5538725421964E-02  4.6868022301156E-01  5.7484800000000E+10
  9  2.3506692620439E-01  6.5154693234095E-02  7.3877570481108E-02  4.9326012261444E-01  5.7484800000000E+10
 10  2.5502453279829E-01  6.7066986371944E-02  8.4886795374711E-02  5.0926610098015E-01  5.7484800000000E+10
 11  2.7507718161050E-01  6.8547945623202E-02  8.7756897313669E-02  5.3388222380681E-01  5.7484800000000E+10
 12  2.9524816073989E-01  6.9863466831056E-02  8.7861273562515E-02  5.5992930353360E-01  5.7484800000000E+10
 13  3.1364222518929E-01  7.2144762776620E-02  8.8566889556076E-02  5.6382128709076E-01  5.7484800000000E+10
 14  3.2961534859675E-01  7.5240893020797E-02  1.0053401091927E-01  5.7427454156937E-01  5.7484800000000E+10
 15  3.4294260445667E-01  7.6878246786455E-02  1.0650280416986E-01  5.8281033587137E-01  5.7484800000000E+10
 16  3.5506059978281E-01  7.4198931204457E-02  1.0650276993255E-01  5.8519524208990E-01  5.7484800000000E+10
 17  3.6611606943730E-01  6.9638541398921E-02  1.3468536881618E-01  5.8734622796073E-01  5.7484800000000E+10
 18  3.7661215125789E-01  6.7232989942397E-02  1.3402347492971E-01  5.9004085850204E-01  5.7484800000000E+10
 19  3.8748983610310E-01  6.5790616886732E-02  1.3585193623626E-01  5.8801549885225E-01  5.7484800000000E+10
 20  3.9944910746136E-01  6.5499727977221E-02  1.5218353167914E-01  5.9812015440795E-01  5.7484800000000E+10
 21  4.1293600647363E-01  6.6123152269358E-02  1.5063852152495E-01  6.2236033888743E-01  5.7484800000000E+10
 22  4.2757797085617E-01  6.6646046349107E-02  1.6010935322123E-01  6.3838366087824E-01  5.7484800000000E+10
 23  4.4223565225525E-01  6.8242321566071E-02  1.8738318089374E-01  6.4049652896535E-01  5.7484800000000E+10
 24  4.5811303154887E-01  6.9484717162768E-02  2.0068783575869E-01  6.8024328865082E-01  5.7484800000000E+10
 25  4.7560138862910E-01  7.0148013880740E-02  2.2829856431936E-01  6.8077375548609E-01  5.7484800000000E+10
 26  4.9479000007755E-01  7.1375152441062E-02  2.5630363788614E-01  6.9614126880100E-01  5.7484800000000E+10
 27  5.1797146237980E-01  7.2161252339983E-02  2.5630363788614E-01  7.0970638747515E-01  5.7484800000000E+10
 28  5.4875503033016E-01  7.2819964546627E-02  3.0098355087733E-01  7.3933826350006E-01  5.7484800000000E+10
 29  5.8251746996184E-01  7.6629788988822E-02  3.3619465630731E-01  7.5201344585609E-01  5.7484800000000E+10
 30  6.6540912298590E-01  6.1415799084962E-02  3.7317182414268E-01  7.9490155803997E-01  5.7484800000000E+10
 31  7.7346156763189E-01  1.7380087511338E-02  6.8710001532371E-01  8.0333531396421E-01  5.7484800000000E+10
 32  8.2694296222626E-01  3.4540460735597E-03  7.9473673236016E-01  8.3929121851446E-01  5.7484800000000E+10
 33  8.5622763443229E-01  2.1364402797579E-03  8.5093707736409E-01  8.6451669989559E-01  5.7484800000000E+10
 34  8.8433998077164E-01  1.7930974786190E-03  8.7773543382892E-01  8.9058162102625E-01  5.7484800000000E+10
 35  9.1303381367769E-01  1.6131220697090E-03  9.0505735998510E-01  9.1874112958232E-01  5.7484800000000E+10
 36  9.4108740421158E-01  1.3283126216334E-03  9.3401905419781E-01  9.4578299877521E-01  5.7484800000000E+10
 37  9.6823154889145E-01  1.0798057270751E-03  9.6271457986628E-01  9.7200022973917E-01  5.7484800000000E+10
 38  9.9444837683166E-01  8.9387140049997E-04  9.8947437704915E-01  9.9755311149433E-01  5.7484800000000E+10
 39  1.0197136870489E+00  7.5933965401238E-04  1.0156546012580E+00  1.0224517681780E+00  5.7484800000000E+10
 40  1.0440013992635E+00  6.6750006146184E-04  1.0405019783807E+00  1.0462613417076E+00  5.7484800000000E+10
 41  1.0672947700203E+00  5.9675809372162E-04  1.0639931859850E+00  1.0694399415554E+00  5.7484800000000E+10
 42  1.0895840787230E+00  5.4626439913631E-04  1.0866114344209E+00  1.0915990087210E+00  5.7484800000000E+10
 43  1.1108647930566E+00  5.0152370056902E-04  1.1078814974323E+00  1.1127088071708E+00  5.7484800000000E+10
 44  1.1311417447283E+00  4.6945201137650E-04  1.1283274960964E+00  1.1326726027344E+00  5.7484800000000E+10
 45  1.1504236703056E+00  4.3146630921296E-04  1.1481022982775E+00  1.1519290663424E+00  5.7484800000000E+10
 46  1.1687249617226E+00  4.0193407850492E-04  1.1667375619773E+00  1.1702075146745E+00  5.7484800000000E+10
 47  1.1860644003465E+00  3.8038984119089E-04  1.1842086673008E+00  1.1875122431396E+00  5.7484800000000E+10
 48  1.2024645543612E+00  3.5809133500544E-04  1.2006871361258E+00  1.2036846199062E+00  5.7484800000000E+10
 49  1.2179513555499E+00  3.3137866402545E-04  1.2163085873855E+00  1.2191167684726E+00  5.7484800000000E+10
 50  1.2325538658805E+00  3.1163179927092E-04  1.2309942778323E+00  1.2336576011214E+00  5.7484800000000E+10
 51  1.2463031045557E+00  2.9197243983547E-04  1.2448438747910E+00  1.2473403534709E+00  5.7484800000000E+10
 52  1.2592308654541E+00  2.7450113496418E-04  1.2577694197443E+00  1.2601944047100E+00  5.7484800000000E+10
 53  1.2713712729100E+00  2.5338100558521E-04  1.2701330787622E+00  1.2722791998786E+00  5.7484800000000E+10
 54  1.2827590341241E+00  2.3489472944180E-04  1.2816162115655E+00  1.2835241613035E+00  5.7484800000000E+10
 55  1.2934283508616E+00  2.2094701370467E-04  1.2923555349871E+00  1.2942540215572E+00  5.7484800000000E+10
 56  1.3034143957396E+00  2.0475665154939E-04  1.3022725474820E+00  1.3041120198856E+00  5.7484800000000E+10
 57  1.3127517019322E+00  1.8993479853360E-04  1.3116519673630E+00  1.3134282225883E+00  5.7484800000000E+10
 58  1.3214747134864E+00  1.6969960197249E-04  1.3205304332355E+00  1.3220990303236E+00  5.7484800000000E+10
 59  1.3296170037285E+00  1.6054242061514E-04  1.3287772031974E+00  1.3302137784565E+00  5.7484800000000E+10
 60  1.3372101585545E+00  1.4999800260974E-04  1.3365258624744E+00  1.3377484035079E+00  5.7484800000000E+10
 61  1.3442872238890E+00  1.3761956106146E-04  1.3435737234862E+00  1.3448063869895E+00  5.7484800000000E+10
 62  1.3508780564917E+00  1.2830689559752E-04  1.3502116069663E+00  1.3513666444755E+00  5.7484800000000E+10
 63  1.3570122766347E+00  1.2042431016273E-04  1.3564400353768E+00  1.3574856285870E+00  5.7484800000000E+10
 64  1.3627178023677E+00  1.1148043797906E-04  1.3621964337728E+00  1.3631181581714E+00  5.7484800000000E+10
 65  1.3680220494000E+00  1.0334197442395E-04  1.3675460585703E+00  1.3684104296636E+00  5.7484800000000E+10
 66  1.3729505996651E+00  9.7663864493005E-05  1.3725211408534E+00  1.3733548658369E+00  5.7484800000000E+10
 67  1.3775274953245E+00  9.0937705519151E-05  1.3771480421805E+00  1.3778816868951E+00  5.7484800000000E+10
 68  1.3817764591602E+00  8.5331201305620E-05  1.3814107694547E+00  1.3820807109336E+00  5.7484800000000E+10
 69  1.3857188385178E+00  7.8322425393028E-05  1.3853582765080E+00  1.3859999344812E+00  5.7484800000000E+10
 70  1.3893756408553E+00  7.2546849227804E-05  1.3890452215035E+00  1.3896276002936E+00  5.7484800000000E+10
 71  1.3927663940808E+00  6.7933950997486E-05  1.3925052668632E+00  1.3930132641159E+00  5.7484800000000E+10
 72  1.3959092953384E+00  6.1773510939359E-05  1.3956625168875E+00  1.3961500125927E+00  5.7484800000000E+10
 73  1.3988214061713E+00  5.7500401092264E-05  1.3985979607299E+00  1.3990329814582E+00  5.7484800000000E+10
 74  1.4015192325950E+00  5.4214497718457E-05  1.4012916249010E+00  1.4017115421838E+00  5.7484800000000E+10
 75  1.4040175676479E+00  4.8960594563141E-05  1.4037943397614E+00  1.4041935559482E+00  5.7484800000000E+10
 76  1.4063309335769E+00  4.5693545223084E-05  1.4061331956470E+00  1.4065062751918E+00  5.7484800000000E+10
 77  1.4084722045781E+00  4.2339194558427E-05  1.4082967393784E+00  1.4086338938629E+00  5.7484800000000E+10
 78  1.4104539632120E+00  3.8691808366809E-05  1.4102876372354E+00  1.4105981545258E+00  5.7484800000000E+10
 79  1.4122876946820E+00  3.5531589989906E-05  1.4121272866507E+00  1.4124177330619E+00  5.7484800000000E+10
 80  1.4139841899576E+00  3.2703788643898E-05  1.4138582856163E+00  1.4141129591315E+00  5.7484800000000E+10
 81  1.4155533707849E+00  3.1394196997689E-05  1.4154353697813E+00  1.4156680785287E+00  5.7484800000000E+10
 82  1.4170045930021E+00  2.8937947614846E-05  1.4168905342973E+00  1.4171180612236E+00  5.7484800000000E+10
 83  1.4183466405589E+00  2.7185460566810E-05  1.4182434326443E+00  1.4184482582224E+00  5.7484800000000E+10
 84  1.4195873374570E+00  2.5402769568742E-05  1.4194896770723E+00  1.4196817460245E+00  5.7484800000000E+10
 85  1.4207344711176E+00  2.3079671584527E-05  1.4206366670999E+00  1.4208189604293E+00  5.7484800000000E+10
 86  1.4217947811963E+00  2.0810622640727E-05  1.4217036743812E+00  1.4218738237701E+00  5.7484800000000E+10
 87  1.4227748568095E+00  1.9749711454294E-05  1.4226868332831E+00  1.4228544102775E+00  5.7484800000000E+10
 88  1.4236805549926E+00  1.8363249370627E-05  1.4236108803095E+00  1.4237471918099E+00  5.7484800000000E+10
 89  1.4245175826207E+00  1.7257436156989E-05  1.4244460915610E+00  1.4245836550189E+00  5.7484800000000E+10
 90  1.4252909577081E+00  1.5780772933733E-05  1.4252304238446E+00  1.4253502120550E+00  5.7484800000000E+10
 91  1.4260055989253E+00  1.4390402479931E-05  1.4259417545932E+00  1.4260622543304E+00  5.7484800000000E+10
 92  1.4266658090764E+00  1.3776862920603E-05  1.4266060250619E+00  1.4267224261420E+00  5.7484800000000E+10
 93  1.4272757286520E+00  1.2676325954004E-05  1.4272292653657E+00  1.4273279985803E+00  5.7484800000000E+10
 94  1.4278391990218E+00  1.1733432073066E-05  1.4277949409022E+00  1.4278837547674E+00  5.7484800000000E+10
 95  1.4283596559188E+00  1.0849068732250E-05  1.4283190314721E+00  1.4284078224543E+00  5.7484800000000E+10
 96  1.4288403959260E+00  9.9868467226550E-06  1.4288009296344E+00  1.4288772221229E+00  5.7484800000000E+10
 97  1.4292842977082E+00  9.1183418572111E-06  1.4292508677429E+00  1.4293184523679E+00  5.7484800000000E+10
 98  1.4296953187859E+00  8.2818021102724E-06  1.4296665064565E+00  1.4297226644816E+00  5.7484800000000E+10
 99  1.4300841235115E+00  8.6743190615596E-06  1.4300561980316E+00  1.4301121321680E+00  5.7484800000000E+10
100  1.4304116880481E+00  4.5824402110404E-06  1.4303880749352E+00  1.4304218491188E+00  5.7484800000000E+10
 
 field : TRAC03   ; Iter =      2880 ; region #   0 ; nb.Lev = 100
 k | --   Average    -- | --   Std.Dev    -- | --     min      -- | --     max      -- | --    Vol
  0  1.0000000034620E+00  1.0273191458177E+00  3.9556711645863E-09  2.9292961235318E+00  5.7484800000000E+12
  1  9.3703246373087E-01  2.2423729934414E-01  6.5494956081332E-01  2.0646223014375E+00  5.7484800000000E+10
  2  1.0662635733157E+00  2.3697985946455E-01  7.1553790229197E-01  2.1087727111432E+00  5.7484800000000E+10
  3  1.1959698147879E+00  2.5337440098580E-01  7.4424174003399E-01  2.1411271532965E+00  5.7484800000000E+10
  4  1.3115672651525E+00  2.6452797750805E-01  7.9886538587752E-01  2.3857099744642E+00  5.7484800000000E+10
  5  1.4197266645509E+00  2.6572959925303E-01  8.3819045405349E-01  2.5647753503370E+00  5.7484800000000E+10
  6  1.5289450619193E+00  2.6254128253917E-01  8.4073227689474E-01  2.6031708761187E+00  5.7484800000000E+10
  7  1.6319406420893E+00  2.5621143254400E-01  9.1807679236278E-01  2.6461685609529E+00  5.7484800000000E+10
  8  1.7270705780081E+00  2.5071479386005E-01  1.0402326229005E+00  2.6316604687730E+00  5.7484800000000E+10
  9  1.8137862455071E+00  2.5090799992768E-01  1.0732840195539E+00  2.6331766124832E+00  5.7484800000000E+10
 10  1.8924802878287E+00  2.5355288350293E-01  1.1144265577137E+00  2.7029185338630E+00  5.7484800000000E+10
 11  1.9678295469739E+00  2.5455697242751E-01  1.1627292411769E+00  2.7505225634329E+00  5.7484800000000E+10
 12  2.0412965036091E+00  2.5412907346966E-01  1.1631066465463E+00  2.8071651251118E+00  5.7484800000000E+10
 13  2.1064539460644E+00  2.5708459862860E-01  1.1661568361339E+00  2.8161532825749E+00  5.7484800000000E+10
 14  2.1616022047321E+00  2.6237240677025E-01  1.2075853529320E+00  2.8281861269526E+00  5.7484800000000E+10
 15  2.2067451181319E+00  2.6303950991600E-01  1.2163121147032E+00  2.8281467792018E+00  5.7484800000000E+10
 16  2.2466298116510E+00  2.4937609156282E-01  1.2209675667526E+00  2.8280881751549E+00  5.7484800000000E+10
 17  2.2822153159774E+00  2.3086356123006E-01  1.4182691424240E+00  2.8282995907502E+00  5.7484800000000E+10
 18  2.3144159493889E+00  2.2071855474586E-01  1.4136317033263E+00  2.8326325655791E+00  5.7484800000000E+10
 19  2.3464605924721E+00  2.1202266612973E-01  1.4207680505841E+00  2.8555299708167E+00  5.7484800000000E+10
 20  2.3804499778612E+00  2.0613716478569E-01  1.4575246358383E+00  2.8815766611993E+00  5.7484800000000E+10
 21  2.4167404841864E+00  2.0117041401329E-01  1.4525780351338E+00  2.9145198030020E+00  5.7484800000000E+10
 22  2.4534747057127E+00  1.9513384807784E-01  1.5004644662161E+00  2.9152157627479E+00  5.7484800000000E+10
 23  2.4874364452361E+00  1.9206775451894E-01  1.5755759685890E+00  2.9152157522132E+00  5.7484800000000E+10
 24  2.5209721154191E+00  1.8699543145211E-01  1.6531965891026E+00  2.9173333361852E+00  5.7484800000000E+10
 25  2.5565470579570E+00  1.8032993538882E-01  1.7724578422483E+00  2.9161683200973E+00  5.7484800000000E+10
 26  2.5917031999367E+00  1.7396960040662E-01  1.9053305954131E+00  2.9292961235318E+00  5.7484800000000E+10
 27  2.6293786973881E+00  1.6537424010571E-01  1.9053305954131E+00  2.9244104149334E+00  5.7484800000000E+10
 28  2.6725435196261E+00  1.5113843033229E-01  2.0230885180211E+00  2.9038778109630E+00  5.7484800000000E+10
 29  2.7055705438647E+00  1.4128415474242E-01  2.0864726942272E+00  2.9066863571467E+00  5.7484800000000E+10
 30  2.7508982364062E+00  8.3520328288080E-02  2.1840572863657E+00  2.8776179977443E+00  5.7484800000000E+10
 31  2.7220882946052E+00  1.9328055000934E-02  2.6123177531778E+00  2.7712511907201E+00  5.7484800000000E+10
 32  2.6429970457160E+00  7.3152062709918E-03  2.6218857206677E+00  2.6862649110576E+00  5.7484800000000E+10
 33  2.5493950448548E+00  6.9683910765879E-03  2.5275724224483E+00  2.5759026262185E+00  5.7484800000000E+10
 34  2.4490611865647E+00  6.6983024088245E-03  2.4265068222070E+00  2.4755091949053E+00  5.7484800000000E+10
 35  2.3413797950324E+00  6.2358459673843E-03  2.3187439359154E+00  2.3720465964239E+00  5.7484800000000E+10
 36  2.2272122170759E+00  5.5917369638307E-03  2.2070962976901E+00  2.2565344162311E+00  5.7484800000000E+10
 37  2.1080163457128E+00  4.8995311431379E-03  2.0908831401749E+00  2.1329064791522E+00  5.7484800000000E+10
 38  1.9852482120883E+00  4.3049742556938E-03  1.9702688583856E+00  2.0090740223353E+00  5.7484800000000E+10
 39  1.8603063830589E+00  3.8453483356215E-03  1.8464311636390E+00  1.8807794029197E+00  5.7484800000000E+10
 40  1.7345376042131E+00  3.5263802426336E-03  1.7225786445079E+00  1.7529793857273E+00  5.7484800000000E+10
 41  1.6092052323830E+00  3.2635524084188E-03  1.5974419762837E+00  1.6272295556718E+00  5.7484800000000E+10
 42  1.4854808459495E+00  3.0723369723766E-03  1.4741461333078E+00  1.5021825552503E+00  5.7484800000000E+10
 43  1.3644354587300E+00  2.8808496620642E-03  1.3538320405571E+00  1.3815726947991E+00  5.7484800000000E+10
 44  1.2470010049368E+00  2.7377212304629E-03  1.2380705429688E+00  1.2634070067879E+00  5.7484800000000E+10
 45  1.1339897406118E+00  2.5387320665524E-03  1.1251271712723E+00  1.1476489605758E+00  5.7484800000000E+10
 46  1.0260764910475E+00  2.3727261746607E-03  1.0173261226414E+00  1.0378139161254E+00  5.7484800000000E+10
 47  9.2380152991703E-01  2.2400475470370E-03  9.1527683113410E-01  9.3473671772635E-01  5.7484800000000E+10
 48  8.2757313184740E-01  2.0920584133089E-03  8.2044789256186E-01  8.3796269644699E-01  5.7484800000000E+10
 49  7.3767187494740E-01  1.9102914068320E-03  7.3095531672861E-01  7.4713914175275E-01  5.7484800000000E+10
 50  6.5425653252690E-01  1.7632845278655E-03  6.4803008256205E-01  6.6310359532190E-01  5.7484800000000E+10
 51  5.7737784257896E-01  1.6124375346233E-03  5.7165032338217E-01  5.8544818400122E-01  5.7484800000000E+10
 52  5.0699327133408E-01  1.4727774444353E-03  5.0183335206778E-01  5.1484656162857E-01  5.7484800000000E+10
 53  4.4296818397766E-01  1.3130988712773E-03  4.3827190356018E-01  4.4940499635543E-01  5.7484800000000E+10
 54  3.8509643516129E-01  1.1703960796503E-03  3.8128464660459E-01  3.9079632710136E-01  5.7484800000000E+10
 55  3.3311661976176E-01  1.0524717145360E-03  3.2919473556981E-01  3.3823238422284E-01  5.7484800000000E+10
 56  2.8671559480320E-01  9.2809168026564E-04  2.8356236646152E-01  2.9190287013144E-01  5.7484800000000E+10
 57  2.4554727527037E-01  8.1512347497396E-04  2.4264981912543E-01  2.5027140035448E-01  5.7484800000000E+10
 58  2.0924046205672E-01  6.8584197959117E-04  2.0672266861054E-01  2.1307695854616E-01  5.7484800000000E+10
 59  1.7741142449038E-01  6.0683408475634E-04  1.7516396217319E-01  1.8059740340806E-01  5.7484800000000E+10
 60  1.4967625163987E-01  5.2927213338759E-04  1.4778484079763E-01  1.5210519561150E-01  5.7484800000000E+10
 61  1.2564531305533E-01  4.5001745971582E-04  1.2396379760190E-01  1.2797743943288E-01  5.7484800000000E+10
 62  1.0494671872272E-01  3.8711422132859E-04  1.0347195692546E-01  1.0697614206489E-01  5.7484800000000E+10
 63  8.7220525995418E-02  3.3319102678170E-04  8.5911500057807E-02  8.8805883345259E-02  5.7484800000000E+10
 64  7.2127304649452E-02  2.8199922382343E-04  7.1116728415832E-02  7.3444445276281E-02  5.7484800000000E+10
 65  5.9347885405130E-02  2.3735339431420E-04  5.8468700812772E-02  6.0447722083485E-02  5.7484800000000E+10
 66  4.8588810100492E-02  2.0257307124363E-04  4.7751274967334E-02  4.9479860278646E-02  5.7484800000000E+10
 67  3.9582174369897E-02  1.6989490282826E-04  3.8916714827677E-02  4.0297103468316E-02  5.7484800000000E+10
 68  3.2083648988385E-02  1.4239281489010E-04  3.1574347890015E-02  3.2696885529976E-02  5.7484800000000E+10
 69  2.5876168751896E-02  1.1651225023267E-04  2.5459704900791E-02  2.6415548544712E-02  5.7484800000000E+10
 70  2.0765382120666E-02  9.5463281397348E-05  2.0437005165804E-02  2.1201598344206E-02  5.7484800000000E+10
 71  1.6580636172768E-02  7.8817703571780E-05  1.6297035303312E-02  1.6882410333171E-02  5.7484800000000E+10
 72  1.3173075385966E-02  6.2723351715380E-05  1.2926141530085E-02  1.3423917173734E-02  5.7484800000000E+10
 73  1.0413613994753E-02  5.0915928532184E-05  1.0226045933260E-02  1.0610450520620E-02  5.7484800000000E+10
 74  8.1908624997684E-03  4.1606651414142E-05  8.0434776626875E-03  8.3667927171092E-03  5.7484800000000E+10
 75  6.4103717289526E-03  3.2506291694885E-05  6.2934015619415E-03  6.5577252076806E-03  5.7484800000000E+10
 76  4.9916393645910E-03  2.5934212030094E-05  4.8928492906824E-03  5.1054731738705E-03  5.7484800000000E+10
 77  3.8674293418394E-03  2.0603451023863E-05  3.7883501722932E-03  3.9517012737793E-03  5.7484800000000E+10
 78  2.9812937410309E-03  1.5959090858640E-05  2.9222461693903E-03  3.0503833871462E-03  5.7484800000000E+10
 79  2.2865710151144E-03  1.2413528199545E-05  2.2415438835639E-03  2.3432102573241E-03  5.7484800000000E+10
 80  1.7448145526436E-03  9.5794535066236E-06  1.7078555578226E-03  1.7824050453697E-03  5.7484800000000E+10
 81  1.3246160167920E-03  7.6854770670313E-06  1.2965893352731E-03  1.3532238784188E-03  5.7484800000000E+10
 82  1.0004269753951E-03  5.9220224420213E-06  9.7734542295620E-04  1.0236652948385E-03  5.7484800000000E+10
 83  7.5161866458780E-04  4.5771902419083E-06  7.3456132471629E-04  7.6884998856429E-04  5.7484800000000E+10
 84  5.6170737133645E-04  3.5487660148529E-06  5.4855517563579E-04  5.7549959386236E-04  5.7484800000000E+10
 85  4.1748298365931E-04  2.6322698591615E-06  4.0791452609788E-04  4.2876770291758E-04  5.7484800000000E+10
 86  3.0855455579499E-04  1.9374292375297E-06  3.0133880313739E-04  3.1697723279666E-04  5.7484800000000E+10
 87  2.2670601715004E-04  1.4843857367202E-06  2.2082596456318E-04  2.3332724767488E-04  5.7484800000000E+10
 88  1.6553665597192E-04  1.1203202407124E-06  1.6156544200352E-04  1.6981280783241E-04  5.7484800000000E+10
 89  1.2005452008224E-04  8.3948932694877E-07  1.1681049199929E-04  1.2356044516686E-04  5.7484800000000E+10
 90  8.6419050906984E-05  6.1747938189742E-07  8.4084193996340E-05  8.8749329587173E-05  5.7484800000000E+10
 91  6.1670198350763E-05  4.4502821751486E-07  5.9936705976539E-05  6.3638334656850E-05  5.7484800000000E+10
 92  4.3558175093806E-05  3.3651745490732E-07  4.2177956572510E-05  4.5046714505629E-05  5.7484800000000E+10
 93  3.0371470312296E-05  2.4407514458007E-07  2.9372984878648E-05  3.1265280243749E-05  5.7484800000000E+10
 94  2.0820049343171E-05  1.7620091458545E-07  2.0158494960674E-05  2.1489856167698E-05  5.7484800000000E+10
 95  1.3938722324209E-05  1.2724956641613E-07  1.3389679649497E-05  1.4402125968502E-05  5.7484800000000E+10
 96  9.0062384225047E-06  9.0308180136903E-08  8.6624543042884E-06  9.3609112705293E-06  5.7484800000000E+10
 97  5.4897408822520E-06  6.3438966801171E-08  5.2531703739672E-06  5.7269817350253E-06  5.7484800000000E+10
 98  2.9920226485842E-06  4.4110579244313E-08  2.8453335784554E-06  3.1462092038056E-06  5.7484800000000E+10
 99  1.1987897636682E-06  3.3261822329324E-08  1.0917780813168E-06  1.3064109789655E-06  5.7484800000000E+10
100  3.5643150613236E-08  1.4361219118874E-08  3.9556711645863E-09  1.0992146335495E-07  5.7484800000000E+10
 
 field : TRAC04   ; Iter =      2880 ; region #   0 ; nb.Lev = 100
 k | --   Average    -- | --   Std.Dev    -- | --     min      -- | --     max      -- | --    Vol
  0  1.0019836024034E+00  9.2444612777921E-01  1.0140152936221E-03  4.4154245924428E+00  5.7484800000000E+12
  1  2.6887859924789E+00  1.2960729439625E+00  1.4504696621167E-02  4.4154245924428E+00  5.7484800000000E+10
  2  2.6016832413917E+00  1.2545849026946E+00  1.4052065356623E-02  4.3569250841703E+00  5.7484800000000E+10
  3  2.5185036806715E+00  1.2157365205272E+00  1.3693244250884E-02  4.2850384682792E+00  5.7484800000000E+10
  4  2.4475008446942E+00  1.1827699399416E+00  1.2882714746420E-02  4.1994156383812E+00  5.7484800000000E+10
  5  2.3839289201730E+00  1.1530505558621E+00  1.2320553995642E-02  4.1099546622380E+00  5.7484800000000E+10
  6  2.3208562592152E+00  1.1218633705909E+00  1.1748818821354E-02  4.0292494682218E+00  5.7484800000000E+10
  7  2.2603936371958E+00  1.0905211838885E+00  1.0505459946424E-02  3.9763479760769E+00  5.7484800000000E+10
  8  2.2041299612730E+00  1.0606099933769E+00  9.3861047523281E-03  3.9595886422723E+00  5.7484800000000E+10
  9  2.1518560745628E+00  1.0332608440295E+00  9.2963172821604E-03  3.9319808648529E+00  5.7484800000000E+10
 10  2.1036079059002E+00  1.0090909304346E+00  9.2986863704308E-03  3.8985374759626E+00  5.7484800000000E+10
 11  2.0573565546449E+00  9.8733907851871E-01  9.3028876715691E-03  3.7996337679231E+00  5.7484800000000E+10
 12  2.0124502340805E+00  9.6622568074168E-01  9.3079159092922E-03  3.7493917461981E+00  5.7484800000000E+10
 13  1.9718068261042E+00  9.4613232125372E-01  9.3125964144174E-03  3.7710351388032E+00  5.7484800000000E+10
 14  1.9374186888632E+00  9.2985441106647E-01  9.3169378311475E-03  3.8011342796305E+00  5.7484800000000E+10
 15  1.9094819105542E+00  9.1742708711547E-01  9.3200780571005E-03  3.7975484566946E+00  5.7484800000000E+10
 16  1.8850306011891E+00  9.0519118075060E-01  9.3209790038174E-03  3.7962434694267E+00  5.7484800000000E+10
 17  1.8643000837099E+00  8.9499688368739E-01  9.3209458190473E-03  3.6916781310389E+00  5.7484800000000E+10
 18  1.8457890760053E+00  8.8690080848929E-01  9.3209124810275E-03  3.6950740941381E+00  5.7484800000000E+10
 19  1.8269844248609E+00  8.7949793895939E-01  9.3209124810275E-03  3.6892868155049E+00  5.7484800000000E+10
 20  1.8064595830473E+00  8.7084130593839E-01  9.3202271373760E-03  3.5883377512527E+00  5.7484800000000E+10
 21  1.7832127699515E+00  8.5992085916433E-01  9.3178913895508E-03  3.4853526621128E+00  5.7484800000000E+10
 22  1.7588486926561E+00  8.4894743133102E-01  9.3088677485006E-03  3.4809076437415E+00  5.7484800000000E+10
 23  1.7355488982133E+00  8.3949749937813E-01  9.2891964576761E-03  3.4696451200730E+00  5.7484800000000E+10
 24  1.7108876790954E+00  8.2936917764794E-01  9.3380047643562E-03  3.4338684244500E+00  5.7484800000000E+10
 25  1.6833312205820E+00  8.1735656154117E-01  9.3985607215358E-03  3.3536831976575E+00  5.7484800000000E+10
 26  1.6536707360529E+00  8.0401864178377E-01  9.3644201812113E-03  3.2527037917353E+00  5.7484800000000E+10
 27  1.6203958214998E+00  7.9076858336734E-01  8.5980490240503E-03  3.2267062541943E+00  5.7484800000000E+10
 28  1.5768960368431E+00  7.6958081178604E-01  7.7124499196541E-03  3.1466385187469E+00  5.7484800000000E+10
 29  1.5271218391059E+00  7.4517336977141E-01  7.6239808352296E-03  3.0620611513826E+00  5.7484800000000E+10
 30  1.4209987213282E+00  6.9123952310251E-01  7.5005453392050E-03  2.8282615146419E+00  5.7484800000000E+10
 31  1.2930886816253E+00  6.2419578290724E-01  6.8266592005335E-03  2.1295597601222E+00  5.7484800000000E+10
 32  1.2350162993849E+00  5.9467727720424E-01  6.4208087043059E-03  1.9444296332363E+00  5.7484800000000E+10
 33  1.2060975087080E+00  5.8042519746871E-01  6.2464931830156E-03  1.8934034030241E+00  5.7484800000000E+10
 34  1.1772515978418E+00  5.6652531724544E-01  5.9721302623522E-03  1.8442406032126E+00  5.7484800000000E+10
 35  1.1466403877857E+00  5.5173093387079E-01  5.8028563161552E-03  1.7956994504573E+00  5.7484800000000E+10
 36  1.1162347588586E+00  5.3701760410931E-01  5.7116324883245E-03  1.7483369466909E+00  5.7484800000000E+10
 37  1.0865561936441E+00  5.2267213626650E-01  5.4756568497886E-03  1.7020442045112E+00  5.7484800000000E+10
 38  1.0576597620703E+00  5.0872142405424E-01  5.3018610187206E-03  1.6571797509794E+00  5.7484800000000E+10
 39  1.0295578605327E+00  4.9516618672981E-01  5.2304580484287E-03  1.6135887100196E+00  5.7484800000000E+10
 40  1.0022438029038E+00  4.8200203027596E-01  5.0810038463571E-03  1.5712742797484E+00  5.7484800000000E+10
 41  9.7569609733976E-01  4.6921552725806E-01  4.9201411556279E-03  1.5298799780832E+00  5.7484800000000E+10
 42  9.4988935845037E-01  4.5679109736766E-01  4.7575172676124E-03  1.4896173672024E+00  5.7484800000000E+10
 43  9.2479696436730E-01  4.4471364460494E-01  4.6281962329775E-03  1.4503246274551E+00  5.7484800000000E+10
 44  9.0039085755309E-01  4.3297079603191E-01  4.5372451265764E-03  1.4119471902368E+00  5.7484800000000E+10
 45  8.7664641416581E-01  4.2154892635751E-01  4.3758906577408E-03  1.3750839542075E+00  5.7484800000000E+10
 46  8.5354194011429E-01  4.1043553478792E-01  4.2620173559850E-03  1.3386314668970E+00  5.7484800000000E+10
 47  8.3105605372748E-01  3.9962072284393E-01  4.1761884564818E-03  1.3036794139367E+00  5.7484800000000E+10
 48  8.0917012338912E-01  3.8909533821795E-01  4.0462289559752E-03  1.2692659973694E+00  5.7484800000000E+10
 49  7.8786542704188E-01  3.7885026586170E-01  3.9273105993461E-03  1.2357229936038E+00  5.7484800000000E+10
 50  7.6712449753185E-01  3.6887648592702E-01  3.8467732563305E-03  1.2033127727294E+00  5.7484800000000E+10
 51  7.4693246568984E-01  3.5916705041316E-01  3.7623095247133E-03  1.1718669460210E+00  5.7484800000000E+10
 52  7.2727392099065E-01  3.4971390253821E-01  3.6643748316015E-03  1.1410822720158E+00  5.7484800000000E+10
 53  7.0813355542259E-01  3.4051040214105E-01  3.5824144430326E-03  1.1108447632051E+00  5.7484800000000E+10
 54  6.8949742000816E-01  3.3155030642217E-01  3.4350295055642E-03  1.0817320794571E+00  5.7484800000000E+10
 55  6.7135317308349E-01  3.2282523646243E-01  3.3495998461581E-03  1.0530965707177E+00  5.7484800000000E+10
 56  6.5368625459695E-01  3.1432981931337E-01  3.3275721168632E-03  1.0254146812760E+00  5.7484800000000E+10
 57  6.3648489359211E-01  3.0605833763644E-01  3.2040961374874E-03  9.9829343342363E-01  5.7484800000000E+10
 58  6.1973551908467E-01  2.9800501316900E-01  3.0801499422313E-03  9.7218761429522E-01  5.7484800000000E+10
 59  6.0342727420411E-01  2.9016384577993E-01  3.0100258424302E-03  9.4682509530893E-01  5.7484800000000E+10
 60  5.8754932857550E-01  2.8252899334237E-01  2.9463679289739E-03  9.2176842267620E-01  5.7484800000000E+10
 61  5.7208769555403E-01  2.7509442734886E-01  2.8420646003321E-03  8.9745217722497E-01  5.7484800000000E+10
 62  5.5703398135896E-01  2.6785543371820E-01  2.7719298595722E-03  8.7398775877633E-01  5.7484800000000E+10
 63  5.4237628385545E-01  2.6080729439750E-01  2.7348710497420E-03  8.5078832656729E-01  5.7484800000000E+10
 64  5.2810408713375E-01  2.5394442889286E-01  2.6323726647694E-03  8.2854338297455E-01  5.7484800000000E+10
 65  5.1420739320449E-01  2.4726280285569E-01  2.5521754058235E-03  8.0687444952965E-01  5.7484800000000E+10
 66  5.0067645229809E-01  2.4075657821578E-01  2.4941829807413E-03  7.8556500625777E-01  5.7484800000000E+10
 67  4.8750181380368E-01  2.3442107395203E-01  2.4332889107002E-03  7.6492382205489E-01  5.7484800000000E+10
 68  4.7467312300393E-01  2.2825250149417E-01  2.3707806213221E-03  7.4482304583087E-01  5.7484800000000E+10
 69  4.6218311315000E-01  2.2224660857220E-01  2.3451848930128E-03  7.2515856405875E-01  5.7484800000000E+10
 70  4.5002122089947E-01  2.1639877981874E-01  2.2747929164216E-03  7.0617869731263E-01  5.7484800000000E+10
 71  4.3817898000349E-01  2.1070472888751E-01  2.1848428993646E-03  6.8759834522994E-01  5.7484800000000E+10
 72  4.2664865510147E-01  2.0515999380430E-01  2.1323293066987E-03  6.6960562100025E-01  5.7484800000000E+10
 73  4.1542202360928E-01  1.9976158403763E-01  2.0678409010402E-03  6.5189029858353E-01  5.7484800000000E+10
 74  4.0449020945971E-01  1.9450534805494E-01  2.0357384974343E-03  6.3460583487379E-01  5.7484800000000E+10
 75  3.9384681246363E-01  1.8938761734581E-01  1.9685148457735E-03  6.1811609308244E-01  5.7484800000000E+10
 76  3.8348266275363E-01  1.8440406260778E-01  1.9051644329995E-03  6.0173919526058E-01  5.7484800000000E+10
 77  3.7339195808510E-01  1.7955143054471E-01  1.8645598611270E-03  5.8585886242816E-01  5.7484800000000E+10
 78  3.6356625807742E-01  1.7482666851364E-01  1.8230655318285E-03  5.7052806000753E-01  5.7484800000000E+10
 79  3.5399947640485E-01  1.7022661011405E-01  1.7717872050844E-03  5.5551230473830E-01  5.7484800000000E+10
 80  3.4468397813003E-01  1.6574750377679E-01  1.7123778469423E-03  5.4095599570551E-01  5.7484800000000E+10
 81  3.3561382426723E-01  1.6138614993836E-01  1.6632797724888E-03  5.2659473326373E-01  5.7484800000000E+10
 82  3.2678264261438E-01  1.5713936885111E-01  1.6463439760049E-03  5.1276771067392E-01  5.7484800000000E+10
 83  3.1818341299955E-01  1.5300422941587E-01  1.5961328392836E-03  4.9934104747520E-01  5.7484800000000E+10
 84  3.0981122356731E-01  1.4897823748122E-01  1.5438749468040E-03  4.8625043036717E-01  5.7484800000000E+10
 85  3.0165831039895E-01  1.4505800192986E-01  1.5119061399633E-03  4.7333506947685E-01  5.7484800000000E+10
 86  2.9372072328723E-01  1.4124147050682E-01  1.4633104818867E-03  4.6091134663227E-01  5.7484800000000E+10
 87  2.8599128297229E-01  1.3752450520655E-01  1.4251400920594E-03  4.4872250624761E-01  5.7484800000000E+10
 88  2.7846590067915E-01  1.3390588496339E-01  1.3900937821470E-03  4.3719911320291E-01  5.7484800000000E+10
 89  2.7113815054052E-01  1.3038208647385E-01  1.3456746255775E-03  4.2542156122281E-01  5.7484800000000E+10
 90  2.6400360102853E-01  1.2695127541135E-01  1.3244903234234E-03  4.1425244641473E-01  5.7484800000000E+10
 91  2.5705638725236E-01  1.2361102936836E-01  1.2832081730282E-03  4.0342881918999E-01  5.7484800000000E+10
 92  2.5029214677883E-01  1.2035809621816E-01  1.2458151274153E-03  3.9276637314562E-01  5.7484800000000E+10
 93  2.4370596878646E-01  1.1719108559262E-01  1.2255716736110E-03  3.8247806659293E-01  5.7484800000000E+10
 94  2.3729292857940E-01  1.1410738690611E-01  1.1873802669026E-03  3.7239536965883E-01  5.7484800000000E+10
 95  2.3104873775812E-01  1.1110466595897E-01  1.1542302962780E-03  3.6276170693840E-01  5.7484800000000E+10
 96  2.2496926295873E-01  1.0818134487878E-01  1.1236718466638E-03  3.5296007419851E-01  5.7484800000000E+10
 97  2.1905174370971E-01  1.0533593517031E-01  1.0932666384801E-03  3.4389844054363E-01  5.7484800000000E+10
 98  2.1327189956498E-01  1.0255648220062E-01  1.0596937831232E-03  3.3484822756651E-01  5.7484800000000E+10
 99  2.0749271494023E-01  9.9775247214561E-02  1.0471363249963E-03  3.2571822645116E-01  5.7484800000000E+10
100  2.0239789107531E-01  9.7329195659293E-02  1.0140152936221E-03  3.1736655236855E-01  5.7484800000000E+10
 
 field : TRAC05   ; Iter =      2880 ; region #   0 ; nb.Lev = 100
 k | --   Average    -- | --   Std.Dev    -- | --     min      -- | --     max      -- | --    Vol
  0  1.0013564065246E+00  1.4357096638613E+00  1.1480329886284E-14  5.7956693703372E+00  5.7484800000000E+12
  1  1.1769533651946E+00  5.6991686168042E-01  2.4129443556525E-01  4.0444018710416E+00  5.7484800000000E+10
  2  1.3890036120387E+00  6.5040036927395E-01  2.8237231801042E-01  4.0652495738421E+00  5.7484800000000E+10
  3  1.6028773506326E+00  7.3405456146150E-01  2.8237247443967E-01  4.3562834904808E+00  5.7484800000000E+10
  4  1.7923323775648E+00  8.0731465360890E-01  3.4997673124055E-01  4.7055071585947E+00  5.7484800000000E+10
  5  1.9659142185328E+00  8.6493164899970E-01  3.9631640895102E-01  4.8132874599118E+00  5.7484800000000E+10
  6  2.1381882144861E+00  9.2078588148252E-01  4.2755511030536E-01  5.0920475199553E+00  5.7484800000000E+10
  7  2.2994073289697E+00  9.8120859981344E-01  4.7506482310687E-01  5.1012699261803E+00  5.7484800000000E+10
  8  2.4434581035327E+00  1.0377156027900E+00  5.3934834652160E-01  5.2428885437286E+00  5.7484800000000E+10
  9  2.5703018317760E+00  1.0916509088625E+00  5.8195317294796E-01  5.2560054614132E+00  5.7484800000000E+10
 10  2.6796448389295E+00  1.1383425421635E+00  5.8063285456386E-01  5.3915341538872E+00  5.7484800000000E+10
 11  2.7775363165183E+00  1.1756469683675E+00  5.8071869352269E-01  5.5764839277804E+00  5.7484800000000E+10
 12  2.8676044925513E+00  1.2068499142582E+00  5.8086462643995E-01  5.6235331615233E+00  5.7484800000000E+10
 13  2.9453501289343E+00  1.2374668102901E+00  5.8439653534119E-01  5.6089194470401E+00  5.7484800000000E+10
 14  3.0070053893000E+00  1.2620038320495E+00  6.6054715043209E-01  5.5670329110145E+00  5.7484800000000E+10
 15  3.0539624053139E+00  1.2763565138966E+00  6.9936164889609E-01  5.5791972197524E+00  5.7484800000000E+10
 16  3.0925799884730E+00  1.2828209105400E+00  7.2582460487876E-01  5.6302732196862E+00  5.7484800000000E+10
 17  3.1235626635694E+00  1.2847786806167E+00  7.3595680281882E-01  5.6302312061293E+00  5.7484800000000E+10
 18  3.1480874446638E+00  1.2864754132635E+00  7.2349451474191E-01  5.6860230486215E+00  5.7484800000000E+10
 19  3.1701937138518E+00  1.2880738132130E+00  7.4415357526118E-01  5.7097222604755E+00  5.7484800000000E+10
 20  3.1920243430305E+00  1.2899604993008E+00  7.5545859088322E-01  5.6857174641929E+00  5.7484800000000E+10
 21  3.2129627885903E+00  1.2941323526364E+00  8.1080539415196E-01  5.6155714778074E+00  5.7484800000000E+10
 22  3.2291975492211E+00  1.2966839614478E+00  8.8295372384661E-01  5.6890074935429E+00  5.7484800000000E+10
 23  3.2377112067192E+00  1.2959125997796E+00  8.8297284332673E-01  5.7791930129705E+00  5.7484800000000E+10
 24  3.2407311791132E+00  1.2933234802093E+00  8.8297285461455E-01  5.7956693703372E+00  5.7484800000000E+10
 25  3.2395433324324E+00  1.2872311398830E+00  8.8812260512821E-01  5.7910851092543E+00  5.7484800000000E+10
 26  3.2306894773381E+00  1.2786256335322E+00  9.0721037207806E-01  5.5808440906814E+00  5.7484800000000E+10
 27  3.2114341339166E+00  1.2702123258563E+00  9.3914964017463E-01  5.4433791705005E+00  5.7484800000000E+10
 28  3.1735652730434E+00  1.2571634240670E+00  9.0073818707451E-01  5.3718208775282E+00  5.7484800000000E+10
 29  3.1062260541738E+00  1.2290724260963E+00  8.9116594230563E-01  5.3438940525433E+00  5.7484800000000E+10
 30  2.8977163107159E+00  1.1560527099970E+00  8.5786710182632E-01  5.1763635407588E+00  5.7484800000000E+10
 31  2.4580220051947E+00  9.7741198564539E-01  7.6852130649493E-01  3.9380935707988E+00  5.7484800000000E+10
 32  2.1487476381095E+00  8.5352296099007E-01  6.9228037680282E-01  3.3028622621489E+00  5.7484800000000E+10
 33  1.9348352461588E+00  7.6827035641560E-01  6.2382671188412E-01  2.9664540452852E+00  5.7484800000000E+10
 34  1.7306925727735E+00  6.8720269154900E-01  5.5669334116450E-01  2.6468442061880E+00  5.7484800000000E+10
 35  1.5290395750722E+00  6.0675739730238E-01  4.9144225466249E-01  2.3378790897109E+00  5.7484800000000E+10
 36  1.3376726254565E+00  5.3025722014570E-01  4.2960552453813E-01  2.0461360898106E+00  5.7484800000000E+10
 37  1.1598427422608E+00  4.5925122148775E-01  3.7286886223564E-01  1.7737100987877E+00  5.7484800000000E+10
 38  9.9677471390575E-01  3.9427825346794E-01  3.1925184401073E-01  1.5255424295280E+00  5.7484800000000E+10
 39  8.4908536457167E-01  3.3556053380082E-01  2.7169156608273E-01  1.3007382112026E+00  5.7484800000000E+10
 40  7.1691988286071E-01  2.8311499508431E-01  2.3057697705611E-01  1.0985069463800E+00  5.7484800000000E+10
 41  6.0000261614840E-01  2.3679869236770E-01  1.9302989292690E-01  9.1987754344095E-01  5.7484800000000E+10
 42  4.9773401228675E-01  1.9634329486471E-01  1.5982069680600E-01  7.6369238004502E-01  5.7484800000000E+10
 43  4.0926337070458E-01  1.6138122539316E-01  1.3157229445153E-01  6.2881980646530E-01  5.7484800000000E+10
 44  3.3355085832116E-01  1.3148863574644E-01  1.0742050982478E-01  5.1169684910710E-01  5.7484800000000E+10
 45  2.6944567973200E-01  1.0619363829130E-01  8.6574873834169E-02  4.1393313407357E-01  5.7484800000000E+10
 46  2.1573882416675E-01  8.5012308988320E-02  6.9043403074235E-02  3.3110755944932E-01  5.7484800000000E+10
 47  1.7121033115145E-01  6.7457440479231E-02  5.4694978916711E-02  2.6347903252414E-01  5.7484800000000E+10
 48  1.3467204588901E-01  5.3056708254640E-02  4.3051428535388E-02  2.0716117370568E-01  5.7484800000000E+10
 49  1.0499469901361E-01  4.1361925112450E-02  3.3498738955452E-02  1.6128575767688E-01  5.7484800000000E+10
 50  8.1132467102989E-02  3.1959805028686E-02  2.5838710826948E-02  1.2476118285820E-01  5.7484800000000E+10
 51  6.2138760577132E-02  2.4477314464222E-02  1.9843088391564E-02  9.5653772920443E-02  5.7484800000000E+10
 52  4.7170583818834E-02  1.8580714178111E-02  1.5027587511658E-02  7.2689012412913E-02  5.7484800000000E+10
 53  3.5490912649923E-02  1.3979681581154E-02  1.1310211137089E-02  5.4664201845945E-02  5.7484800000000E+10
 54  2.6466675848138E-02  1.0425245360207E-02  8.5007887270090E-03  4.0893399235705E-02  5.7484800000000E+10
 55  1.9562380461972E-02  7.7056144645844E-03  6.2306220402408E-03  3.0167810542451E-02  5.7484800000000E+10
 56  1.4331068606645E-02  5.6449333413845E-03  4.5779167455427E-03  2.2114209805724E-02  5.7484800000000E+10
 57  1.0405767282211E-02  4.0987599573606E-03  3.3236351534935E-03  1.6019170981214E-02  5.7484800000000E+10
 58  7.4886269627286E-03  2.9497313452048E-03  2.3947930678485E-03  1.1530802758559E-02  5.7484800000000E+10
 59  5.3415356427477E-03  2.1041076194946E-03  1.7154415031845E-03  8.2470396886402E-03  5.7484800000000E+10
 60  3.7763958973241E-03  1.4875927517996E-03  1.2076215688007E-03  5.8364357808205E-03  5.7484800000000E+10
 61  2.6461214867081E-03  1.0423469235805E-03  8.4102745863672E-04  4.0835461108115E-03  5.7484800000000E+10
 62  1.8377359694489E-03  7.2393100152063E-04  5.8043508901326E-04  2.8405422577748E-03  5.7484800000000E+10
 63  1.2650069666746E-03  4.9834055261379E-04  4.0183661138389E-04  1.9671261325007E-03  5.7484800000000E+10
 64  8.6305562229436E-04  3.3998815548206E-04  2.7668424844930E-04  1.3355971148137E-03  5.7484800000000E+10
 65  5.8360383091841E-04  2.2990988134081E-04  1.8663179313446E-04  9.0585663305718E-04  5.7484800000000E+10
 66  3.9113785860956E-04  1.5409545961183E-04  1.2450026725444E-04  6.0611178037249E-04  5.7484800000000E+10
 67  2.5982449192574E-04  1.0236177016357E-04  8.2543441587327E-05  4.0355217592235E-04  5.7484800000000E+10
 68  1.7106269033127E-04  6.7393878536272E-05  5.4184415833008E-05  2.6523719391099E-04  5.7484800000000E+10
 69  1.1162938600687E-04  4.3980947116907E-05  3.5480826224760E-05  1.7361090282138E-04  5.7484800000000E+10
 70  7.2198374975558E-05  2.8446125702038E-05  2.2992130189443E-05  1.1218946222844E-04  5.7484800000000E+10
 71  4.6280857462593E-05  1.8235049574359E-05  1.4728347475883E-05  7.2002391359672E-05  5.7484800000000E+10
 72  2.9404454534930E-05  1.1585712057038E-05  9.3690414212619E-06  4.5825857005018E-05  5.7484800000000E+10
 73  1.8516800688279E-05  7.2959545813933E-06  5.8899908248750E-06  2.8897694917129E-05  5.7484800000000E+10
 74  1.1556817951313E-05  4.5537763515427E-06  3.6996381293962E-06  1.8031949249939E-05  5.7484800000000E+10
 75  7.1491608966273E-06  2.8170599104395E-06  2.2774697750300E-06  1.1174682630506E-05  5.7484800000000E+10
 76  4.3831462770955E-06  1.7271568326748E-06  1.4033140103233E-06  6.8386611167498E-06  5.7484800000000E+10
 77  2.6635531200414E-06  1.0495298705628E-06  8.4965125786301E-07  4.1538341470452E-06  5.7484800000000E+10
 78  1.6042149225321E-06  6.3208920682689E-07  5.1176120855382E-07  2.5046987237647E-06  5.7484800000000E+10
 79  9.5763489413213E-07  3.7734574402996E-07  3.0623759261130E-07  1.5057234692854E-06  5.7484800000000E+10
 80  5.6658106344307E-07  2.2325108476614E-07  1.8051919005106E-07  8.8999413376504E-07  5.7484800000000E+10
 81  3.3224337141448E-07  1.3091222166392E-07  1.0461538054575E-07  5.1991425270153E-07  5.7484800000000E+10
 82  1.9310038886887E-07  7.6085528427547E-08  6.0613268820016E-08  3.0359220547214E-07  5.7484800000000E+10
 83  1.1123187393044E-07  4.3827744168105E-08  3.5294287299837E-08  1.7560451945345E-07  5.7484800000000E+10
 84  6.3508340991761E-08  2.5023921949438E-08  2.0260376985447E-08  1.0086380494713E-07  5.7484800000000E+10
 85  3.5936517468096E-08  1.4159724999879E-08  1.1494359311167E-08  5.6437363383819E-08  5.7484800000000E+10
 86  2.0155927863377E-08  7.9418990965575E-09  6.4272838425528E-09  3.1863389706548E-08  5.7484800000000E+10
 87  1.1204164272565E-08  4.4145258519461E-09  3.5309124769405E-09  1.7720309996871E-08  5.7484800000000E+10
 88  6.1730985050853E-09  2.4324273152725E-09  1.9431533257431E-09  9.7743713432073E-09  5.7484800000000E+10
 89  3.3708418790309E-09  1.3283769667023E-09  1.0588794681488E-09  5.3145059476789E-09  5.7484800000000E+10
 90  1.8243127444487E-09  7.1906540190589E-10  5.7182128126649E-10  2.8689103982378E-09  5.7484800000000E+10
 91  9.7841597904549E-10  3.8581232841176E-10  3.0923094161842E-10  1.5548379730175E-09  5.7484800000000E+10
 92  5.1995212374482E-10  2.0516817107605E-10  1.6396063267896E-10  8.2584279020671E-10  5.7484800000000E+10
 93  2.7371298091811E-10  1.0814810420229E-10  8.6279468924790E-11  4.3489124472499E-10  5.7484800000000E+10
 94  1.4264310444234E-10  5.6513956533856E-11  4.5072153122677E-11  2.2541868242534E-10  5.7484800000000E+10
 95  7.3507947960800E-11  2.9275362029267E-11  2.2836939266559E-11  1.1784250679316E-10  5.7484800000000E+10
 96  3.7364852002846E-11  1.5035768542701E-11  1.1453159723234E-11  5.9931135463901E-11  5.7484800000000E+10
 97  1.8639207853761E-11  7.6569708702898E-12  5.3871167547101E-12  3.0201997864613E-11  5.7484800000000E+10
 98  9.0154738741317E-12  3.8638321514408E-12  2.3266750610573E-12  1.4884100657264E-11  5.7484800000000E+10
 99  4.0561543138481E-12  1.9080382809240E-12  7.4464767074995E-13  6.9005343386308E-12  5.7484800000000E+10
100  1.7255413331660E-12  9.9057717904735E-13  1.1480329886284E-14  3.1222293998016E-12  5.7484800000000E+10
 
 field : TRAC01   ; Iter =      4320 ; region #   0 ; nb.Lev = 100
 k | --   Average    -- | --   Std.Dev    -- | --     min      -- | --     max      -- | --    Vol
  0  9.9999999845751E-01  5.7923731036447E-01  1.9073817094934E-04  1.9940129344822E+00  5.7484800000000E+12
  1  1.9415268851822E+00  3.9792303029222E-02  1.7504385789081E+00  1.9940129344822E+00  5.7484800000000E+10
  2  1.9169393742762E+00  4.2283233392098E-02  1.7075188438619E+00  1.9845183528557E+00  5.7484800000000E+10
  3  1.8916282939198E+00  4.5001027680736E-02  1.7010196848934E+00  1.9751463384326E+00  5.7484800000000E+10
  4  1.8694906868987E+00  4.7599038957777E-02  1.6270362498399E+00  1.9629448476932E+00  5.7484800000000E+10
  5  1.8492043157204E+00  4.8179220024833E-02  1.6259204712787E+00  1.9514469610364E+00  5.7484800000000E+10
  6  1.8288662984363E+00  4.7912444156299E-02  1.6259940862075E+00  1.9513317753730E+00  5.7484800000000E+10
  7  1.8094376058847E+00  4.7079075431053E-02  1.5902426420430E+00  1.9422183263373E+00  5.7484800000000E+10
  8  1.7915262596848E+00  4.6482628506018E-02  1.5882171232705E+00  1.9303893698626E+00  5.7484800000000E+10
  9  1.7750078525439E+00  4.6664924156972E-02  1.5869894955287E+00  1.9065573317802E+00  5.7484800000000E+10
 10  1.7592997306178E+00  4.7861071797714E-02  1.5877181029151E+00  1.8972236959889E+00  5.7484800000000E+10
 11  1.7440112081965E+00  4.9137324106092E-02  1.5605100254502E+00  1.8963285153561E+00  5.7484800000000E+10
 12  1.7289451512008E+00  4.9624691609589E-02  1.5410604123193E+00  1.8947120698790E+00  5.7484800000000E+10
 13  1.7152050833534E+00  5.0285783107518E-02  1.5415365037759E+00  1.8899399702622E+00  5.7484800000000E+10
 14  1.7028429208509E+00  5.1667134509090E-02  1.5315902021515E+00  1.8891838698151E+00  5.7484800000000E+10
 15  1.6924259514820E+00  5.2669159665945E-02  1.5276997479004E+00  1.8753718557969E+00  5.7484800000000E+10
 16  1.6834472091258E+00  5.0434240981779E-02  1.5342999130702E+00  1.8510996134014E+00  5.7484800000000E+10
 17  1.6755469325513E+00  4.6927086333480E-02  1.5444632958049E+00  1.8538984594984E+00  5.7484800000000E+10
 18  1.6681785323889E+00  4.5171413388286E-02  1.5340147262134E+00  1.8545645406818E+00  5.7484800000000E+10
 19  1.6605988838388E+00  4.4366173201412E-02  1.5232032694863E+00  1.8471959773699E+00  5.7484800000000E+10
 20  1.6524340255896E+00  4.3812824392813E-02  1.5230920941375E+00  1.8374212266443E+00  5.7484800000000E+10
 21  1.6436092234864E+00  4.3854660078887E-02  1.5038752006038E+00  1.8374195014464E+00  5.7484800000000E+10
 22  1.6339762124853E+00  4.4484290022227E-02  1.5016508709038E+00  1.8307450485631E+00  5.7484800000000E+10
 23  1.6242336588865E+00  4.5059180563067E-02  1.5005640750156E+00  1.8246464656230E+00  5.7484800000000E+10
 24  1.6138169379064E+00  4.5449986991032E-02  1.4699631959771E+00  1.7921853404063E+00  5.7484800000000E+10
 25  1.6023744580893E+00  4.5792457042462E-02  1.4667909500278E+00  1.7860831002037E+00  5.7484800000000E+10
 26  1.5895275288715E+00  4.5948052828729E-02  1.4592537551417E+00  1.7768406404982E+00  5.7484800000000E+10
 27  1.5738984111020E+00  4.5948503031596E-02  1.4492958287683E+00  1.7479329537912E+00  5.7484800000000E+10
 28  1.5531969174780E+00  4.5619713055860E-02  1.4321560128396E+00  1.7224170353297E+00  5.7484800000000E+10
 29  1.5323997669836E+00  4.7281654144477E-02  1.4228485549306E+00  1.7059215945195E+00  5.7484800000000E+10
 30  1.4757382058716E+00  3.6441536900260E-02  1.4069826636402E+00  1.6645165566796E+00  5.7484800000000E+10
 31  1.4094995454697E+00  1.3097931105462E-02  1.3869337460354E+00  1.4653074848217E+00  5.7484800000000E+10
 32  1.3724714464848E+00  4.0641485858231E-03  1.3632545110947E+00  1.3981659171332E+00  5.7484800000000E+10
 33  1.3520176397158E+00  2.0898282659674E-03  1.3456966211089E+00  1.3593678500601E+00  5.7484800000000E+10
 34  1.3331556687521E+00  2.0112898204951E-03  1.3265898076244E+00  1.3392572073004E+00  5.7484800000000E+10
 35  1.3132013193316E+00  2.0620552566513E-03  1.3063757923780E+00  1.3202020704647E+00  5.7484800000000E+10
 36  1.2929651368415E+00  1.8915769813557E-03  1.2866537375874E+00  1.3007743977990E+00  5.7484800000000E+10
 37  1.2727464015887E+00  1.6580239329643E-03  1.2673721042722E+00  1.2805197025268E+00  5.7484800000000E+10
 38  1.2525401901690E+00  1.4341783232208E-03  1.2480245795581E+00  1.2597332500180E+00  5.7484800000000E+10
 39  1.2323347320815E+00  1.2368940338539E-03  1.2286236192578E+00  1.2394178555410E+00  5.7484800000000E+10
 40  1.2121294673526E+00  1.0738936518278E-03  1.2088801758457E+00  1.2187518786967E+00  5.7484800000000E+10
 41  1.1919247420919E+00  9.4419538249805E-04  1.1891054632572E+00  1.1978948022405E+00  5.7484800000000E+10
 42  1.1717206487965E+00  8.4508348557577E-04  1.1694807218036E+00  1.1768000979866E+00  5.7484800000000E+10
 43  1.1515177150114E+00  7.6828875843690E-04  1.1492859631480E+00  1.1558698172619E+00  5.7484800000000E+10
 44  1.1313150815558E+00  7.1410332511134E-04  1.1294487755014E+00  1.1354023206447E+00  5.7484800000000E+10
 45  1.1111124114968E+00  6.6972399245622E-04  1.1093859840351E+00  1.1151184270162E+00  5.7484800000000E+10
 46  1.0909100386776E+00  6.3795466166210E-04  1.0892201540786E+00  1.0946319360408E+00  5.7484800000000E+10
 47  1.0707077010607E+00  6.1601661523610E-04  1.0689739581026E+00  1.0742575074029E+00  5.7484800000000E+10
 48  1.0505053586452E+00  5.9881286002437E-04  1.0490336694661E+00  1.0538622478877E+00  5.7484800000000E+10
 49  1.0303034554288E+00  5.7959782820426E-04  1.0288941277255E+00  1.0334060061637E+00  5.7484800000000E+10
 50  1.0101015434709E+00  5.6687721001759E-04  1.0086010316382E+00  1.0129234262629E+00  5.7484800000000E+10
 51  9.8989901243002E-01  5.5735393293097E-04  9.8839403371146E-01  9.9285916399801E-01  5.7484800000000E+10
 52  9.6969727816450E-01  5.4888040831264E-04  9.6832251954590E-01  9.7264673762552E-01  5.7484800000000E+10
 53  9.4949536589555E-01  5.3661303676456E-04  9.4815860130893E-01  9.5231729853810E-01  5.7484800000000E+10
 54  9.2929286950944E-01  5.2696483300531E-04  9.2798686393350E-01  9.3210933962868E-01  5.7484800000000E+10
 55  9.0909104721173E-01  5.2168267361792E-04  9.0772293183908E-01  9.1160416356219E-01  5.7484800000000E+10
 56  8.8888923062145E-01  5.1294399704805E-04  8.8750623086625E-01  8.9146150729761E-01  5.7484800000000E+10
 57  8.6868733987642E-01  5.0319093081474E-04  8.6731748600412E-01  8.7120414512698E-01  5.7484800000000E+10
 58  8.4848513327168E-01  4.8585145628052E-04  8.4715444933428E-01  8.5104164938977E-01  5.7484800000000E+10
 59  8.2828241056680E-01  4.8503149615372E-04  8.2682011984831E-01  8.3110044164357E-01  5.7484800000000E+10
 60  8.0808134554308E-01  4.8252296996773E-04  8.0659576664694E-01  8.1076933149442E-01  5.7484800000000E+10
 61  7.8787888576872E-01  4.7495000696542E-04  7.8652933612168E-01  7.9044017564477E-01  5.7484800000000E+10
 62  7.6767675198450E-01  4.7009714718646E-04  7.6614561776509E-01  7.7045878696380E-01  5.7484800000000E+10
 63  7.4747446397567E-01  4.6851566174786E-04  7.4598621646774E-01  7.5042567219285E-01  5.7484800000000E+10
 64  7.2727308949554E-01  4.6153791232171E-04  7.2585575291921E-01  7.3017079517211E-01  5.7484800000000E+10
 65  7.0707084733709E-01  4.5486194054679E-04  7.0541688446843E-01  7.0973678803944E-01  5.7484800000000E+10
 66  6.8686834807411E-01  4.5839283775456E-04  6.8541148922813E-01  6.8932443880521E-01  5.7484800000000E+10
 67  6.6666686921222E-01  4.5567894691680E-04  6.6522789476803E-01  6.6881322897050E-01  5.7484800000000E+10
 68  6.4646432363566E-01  4.5468685733269E-04  6.4511959802488E-01  6.4871988343908E-01  5.7484800000000E+10
 69  6.2626277549890E-01  4.4737096457974E-04  6.2478965399028E-01  6.2846044325259E-01  5.7484800000000E+10
 70  6.0606104554302E-01  4.4378804224124E-04  6.0460493565534E-01  6.0823270087780E-01  5.7484800000000E+10
 71  5.8585865172959E-01  4.4494774261092E-04  5.8436571566687E-01  5.8819279952868E-01  5.7484800000000E+10
 72  5.6565616468264E-01  4.3639432008326E-04  5.6420278786594E-01  5.6776711076675E-01  5.7484800000000E+10
 73  5.4545476910054E-01  4.3754510986105E-04  5.4387332425399E-01  5.4752036619775E-01  5.7484800000000E+10
 74  5.2525247662313E-01  4.4019402468280E-04  5.2382150430983E-01  5.2751731215249E-01  5.7484800000000E+10
 75  5.0505098272657E-01  4.2869977500283E-04  5.0368237372773E-01  5.0707592009236E-01  5.7484800000000E+10
 76  4.8484827417820E-01  4.2939277079097E-04  4.8339833496631E-01  4.8690262857547E-01  5.7484800000000E+10
 77  4.6464651680280E-01  4.2444894030214E-04  4.6316260206004E-01  4.6666064618614E-01  5.7484800000000E+10
 78  4.4444477045347E-01  4.1830963842479E-04  4.4306656529874E-01  4.4646502485276E-01  5.7484800000000E+10
 79  4.2424262440164E-01  4.1291473357230E-04  4.2269129249418E-01  4.2617571708294E-01  5.7484800000000E+10
 80  4.0404009278462E-01  4.1023202752179E-04  4.0246045493498E-01  4.0582960219514E-01  5.7484800000000E+10
 81  3.8383815134063E-01  4.2074004915504E-04  3.8231247510322E-01  3.8565183172140E-01  5.7484800000000E+10
 82  3.6363650479994E-01  4.1816632110377E-04  3.6224286864518E-01  3.6541373128098E-01  5.7484800000000E+10
 83  3.4343374619585E-01  4.2417888544410E-04  3.4199230491482E-01  3.4548532546712E-01  5.7484800000000E+10
 84  3.2323296491739E-01  4.2636102249881E-04  3.2176132732297E-01  3.2553436311862E-01  5.7484800000000E+10
 85  3.0303030758240E-01  4.1879895261282E-04  3.0132581085427E-01  3.0503531145763E-01  5.7484800000000E+10
 86  2.8282832672874E-01  4.0604260206351E-04  2.8114715253347E-01  2.8459255583309E-01  5.7484800000000E+10
 87  2.6262584442056E-01  4.1369707826501E-04  2.6104160392580E-01  2.6444758041451E-01  5.7484800000000E+10
 88  2.4242444266103E-01  4.1401621271446E-04  2.4098916471269E-01  2.4410076249030E-01  5.7484800000000E+10
 89  2.2222196751308E-01  4.1847172337722E-04  2.2071339194018E-01  2.2382235129224E-01  5.7484800000000E+10
 90  2.0202079466086E-01  4.1175934090744E-04  2.0047823624340E-01  2.0378200604917E-01  5.7484800000000E+10
 91  1.8181773724382E-01  4.0869755249411E-04  1.8021215773192E-01  1.8375921540131E-01  5.7484800000000E+10
 92  1.6161583453211E-01  4.2574660343339E-04  1.5994417255615E-01  1.6358730477882E-01  5.7484800000000E+10
 93  1.4141449296011E-01  4.2894122982957E-04  1.3956916840535E-01  1.4345373650025E-01  5.7484800000000E+10
 94  1.2121157798279E-01  4.3251527896581E-04  1.1942615679793E-01  1.2322710805325E-01  5.7484800000000E+10
 95  1.0101022129023E-01  4.3480852957691E-04  9.8942945903984E-02  1.0298077521782E-01  5.7484800000000E+10
 96  8.0811800710155E-02  4.3469312639274E-04  7.8420100386387E-02  8.2636760304972E-02  5.7484800000000E+10
 97  6.0622234854185E-02  4.2396892805675E-04  5.8908754285904E-02  6.2723998743603E-02  5.7484800000000E+10
 98  4.0316322765662E-02  4.1805187018933E-04  3.8953114335299E-02  4.2012576643198E-02  5.7484800000000E+10
 99  1.9319536986532E-02  4.8858328834017E-04  1.7569427164741E-02  2.0761568422987E-02  5.7484800000000E+10
100  9.5851157960565E-04  3.3757652831209E-04  1.9073817094934E-04  2.3404707760427E-03  5.7484800000000E+10
 
 field : TRAC02   ; Iter =      4320 ; region #   0 ; nb.Lev = 100
 k | --   Average    -- | --   Std.Dev    -- | --     min      -- | --     max      -- | --    Vol
  0  1.0000000009230E+00  4.6896782700099E-01  4.3614298469951E-03  1.4304199200043E+00  5.7484800000000E+12
  1  5.3382893807422E-02  4.2586517543007E-02  4.3614298469951E-03  2.7772448004765E-01  5.7484800000000E+10
  2  7.6928308771008E-02  4.7246584898026E-02  1.1337464335812E-02  3.3079159967037E-01  5.7484800000000E+10
  3  1.0239360142222E-01  5.2118316285304E-02  1.8129060025078E-02  3.3553013673953E-01  5.7484800000000E+10
  4  1.2572750494440E-01  5.6544001107544E-02  2.7903132222178E-02  4.2928765849197E-01  5.7484800000000E+10
  5  1.4790376654119E-01  5.8509858010082E-02  3.8001901706801E-02  4.3064443557130E-01  5.7484800000000E+10
  6  1.7087485853017E-01  5.9376962635796E-02  3.8209583481320E-02  4.3697642629351E-01  5.7484800000000E+10
  7  1.9356001096405E-01  5.9447483962334E-02  4.8814310571828E-02  4.8848655640436E-01  5.7484800000000E+10
  8  2.1522140850666E-01  5.9558412679254E-02  6.4563417014544E-02  4.9134467482520E-01  5.7484800000000E+10
  9  2.3578466757040E-01  6.0392601101952E-02  8.8645137148686E-02  4.9310119198407E-01  5.7484800000000E+10
 10  2.5585259099632E-01  6.2312114826710E-02  8.9699658532974E-02  4.9203764926355E-01  5.7484800000000E+10
 11  2.7576553144887E-01  6.4360600999291E-02  9.0038809109090E-02  5.2991007952581E-01  5.7484800000000E+10
 12  2.9562057890758E-01  6.5492245684825E-02  9.1952248788608E-02  5.5992930353360E-01  5.7484800000000E+10
 13  3.1392434722648E-01  6.6741546338802E-02  1.0066822232232E-01  5.5927906560881E-01  5.7484800000000E+10
 14  3.3058974022820E-01  6.9007327371763E-02  1.0137109246776E-01  5.7618005372275E-01  5.7484800000000E+10
 15  3.4470903728020E-01  7.0815752338339E-02  1.2019406865771E-01  5.8132618223236E-01  5.7484800000000E+10
 16  3.5695684060599E-01  6.8256208063273E-02  1.3833311451575E-01  5.7106983799607E-01  5.7484800000000E+10
 17  3.6777697835183E-01  6.3734057876779E-02  1.3543629805389E-01  5.5538374928514E-01  5.7484800000000E+10
 18  3.7800545172449E-01  6.1536519459819E-02  1.3475893743259E-01  5.7279373727697E-01  5.7484800000000E+10
 19  3.8865213429966E-01  6.0808048395214E-02  1.4447216833942E-01  5.8844864773991E-01  5.7484800000000E+10
 20  4.0019431819006E-01  6.0542223819494E-02  1.5589862365535E-01  5.8857853460076E-01  5.7484800000000E+10
 21  4.1280119920756E-01  6.1003465538920E-02  1.5590054181615E-01  6.2065058529208E-01  5.7484800000000E+10
 22  4.2668908880106E-01  6.2331497066798E-02  1.6591945065412E-01  6.2197434482086E-01  5.7484800000000E+10
 23  4.4087271928111E-01  6.3619436781358E-02  1.7432313935897E-01  6.2400435057214E-01  5.7484800000000E+10
 24  4.5616770618559E-01  6.4693351098837E-02  2.1131233546201E-01  6.7222371522094E-01  5.7484800000000E+10
 25  4.7306899391350E-01  6.5686947396540E-02  2.1883073982993E-01  6.7785552650780E-01  5.7484800000000E+10
 26  4.9220303338918E-01  6.6467282283153E-02  2.2914953304220E-01  6.8936529966222E-01  5.7484800000000E+10
 27  5.1570956152050E-01  6.7005238559479E-02  2.5839850215555E-01  7.0507267984675E-01  5.7484800000000E+10
 28  5.4708627373690E-01  6.7286022466968E-02  3.1126796021663E-01  7.3357038406344E-01  5.7484800000000E+10
 29  5.7894696066237E-01  7.0293998485610E-02  3.3499081388384E-01  7.4806159378913E-01  5.7484800000000E+10
 30  6.6613890594347E-01  5.5437526494542E-02  3.9270365525195E-01  7.7321963166976E-01  5.7484800000000E+10
 31  7.6902965000718E-01  2.0329514382505E-02  6.8228214406046E-01  8.0406592866969E-01  5.7484800000000E+10
 32  8.2631436658618E-01  6.2711558381048E-03  7.8642479188132E-01  8.4040584015994E-01  5.7484800000000E+10
 33  8.5704232457662E-01  3.1142891884673E-03  8.4603642027297E-01  8.6652372297652E-01  5.7484800000000E+10
 34  8.8454535952745E-01  2.8956051289343E-03  8.7576247049090E-01  8.9401164907850E-01  5.7484800000000E+10
 35  9.1298935899438E-01  2.9043570792702E-03  9.0309043361379E-01  9.2254580237519E-01  5.7484800000000E+10
 36  9.4105111909338E-01  2.5886177786719E-03  9.3031025045074E-01  9.4963105480172E-01  5.7484800000000E+10
 37  9.6821028130300E-01  2.1941755551950E-03  9.5787236809788E-01  9.7528260382193E-01  5.7484800000000E+10
 38  9.9443177706604E-01  1.8312872411989E-03  9.8520328888625E-01  1.0001687508569E+00  5.7484800000000E+10
 39  1.0197005881653E+00  1.5204319768617E-03  1.0109480382080E+00  1.0242422974158E+00  5.7484800000000E+10
 40  1.0439922678209E+00  1.2675134173925E-03  1.0361355718397E+00  1.0478073872296E+00  5.7484800000000E+10
 41  1.0672887129043E+00  1.0675736699996E-03  1.0605121095288E+00  1.0704600986983E+00  5.7484800000000E+10
 42  1.0895798127176E+00  9.1312129277207E-04  1.0840671344493E+00  1.0919836328988E+00  5.7484800000000E+10
 43  1.1108620291658E+00  7.9173864715229E-04  1.1063630717029E+00  1.1131529066872E+00  5.7484800000000E+10
 44  1.1311397105733E+00  7.0029708713225E-04  1.1271175847357E+00  1.1329673085745E+00  5.7484800000000E+10
 45  1.1504223332794E+00  6.2399630840732E-04  1.1466766414441E+00  1.1520265857842E+00  5.7484800000000E+10
 46  1.1687239163926E+00  5.6342397054593E-04  1.1654195970346E+00  1.1702103077350E+00  5.7484800000000E+10
 47  1.1860635579388E+00  5.1499122136600E-04  1.1830837994710E+00  1.1875120572911E+00  5.7484800000000E+10
 48  1.2024639892593E+00  4.7302598600848E-04  1.1998036129066E+00  1.2036258491814E+00  5.7484800000000E+10
 49  1.2179509104967E+00  4.3200113441556E-04  1.2156315137954E+00  1.2190023887076E+00  5.7484800000000E+10
 50  1.2325534336426E+00  3.9811619817847E-04  1.2305679544818E+00  1.2336067684306E+00  5.7484800000000E+10
 51  1.2463028018476E+00  3.6812915180462E-04  1.2443425521363E+00  1.2472859676765E+00  5.7484800000000E+10
 52  1.2592305619472E+00  3.4086006095758E-04  1.2573910745197E+00  1.2600837726537E+00  5.7484800000000E+10
 53  1.2713710457130E+00  3.1261572843042E-04  1.2697235240768E+00  1.2721498142569E+00  5.7484800000000E+10
 54  1.2827588879107E+00  2.8787423265286E-04  1.2812163226269E+00  1.2834684918788E+00  5.7484800000000E+10
 55  1.2934281902512E+00  2.6678282114277E-04  1.2921444450622E+00  1.2941259506969E+00  5.7484800000000E+10
 56  1.3034142078814E+00  2.4546330995362E-04  1.3021760347471E+00  1.3040737476626E+00  5.7484800000000E+10
 57  1.3127516236477E+00  2.2512350770568E-04  1.3116259916004E+00  1.3133640348746E+00  5.7484800000000E+10
 58  1.3214746643958E+00  2.0294316883737E-04  1.3204085669856E+00  1.3220291841592E+00  5.7484800000000E+10
 59  1.3296168961606E+00  1.8880853740941E-04  1.3285191503130E+00  1.3301838835351E+00  5.7484800000000E+10
 60  1.3372101245493E+00  1.7529204024026E-04  1.3362252376292E+00  1.3377486774510E+00  5.7484800000000E+10
 61  1.3442871844533E+00  1.6068833875246E-04  1.3434233465772E+00  1.3447433743710E+00  5.7484800000000E+10
 62  1.3508780322175E+00  1.4809254473379E-04  1.3500032550560E+00  1.3513588221198E+00  5.7484800000000E+10
 63  1.3570122491703E+00  1.3724538393814E-04  1.3561448289029E+00  1.3574487125952E+00  5.7484800000000E+10
 64  1.3627177647361E+00  1.2582341451891E-04  1.3619248213958E+00  1.3631047681127E+00  5.7484800000000E+10
 65  1.3680220451544E+00  1.1518625747306E-04  1.3673438537122E+00  1.3684389819877E+00  5.7484800000000E+10
 66  1.3729505891522E+00  1.0776192056126E-04  1.3723698883595E+00  1.3732942739401E+00  5.7484800000000E+10
 67  1.3775275135038E+00  9.9574671344385E-05  1.3770578002500E+00  1.3778418258140E+00  5.7484800000000E+10
 68  1.3817764467142E+00  9.2144096380050E-05  1.3813185283258E+00  1.3820455787548E+00  5.7484800000000E+10
 69  1.3857188508143E+00  8.4187703497898E-05  1.3853027106448E+00  1.3859954281808E+00  5.7484800000000E+10
 70  1.3893756543462E+00  7.7381661212324E-05  1.3889982678397E+00  1.3896303877198E+00  5.7484800000000E+10
 71  1.3927664027658E+00  7.1985262642949E-05  1.3923873360815E+00  1.3930060517214E+00  5.7484800000000E+10
 72  1.3959093069707E+00  6.5389738659444E-05  1.3955931848597E+00  1.3961254024551E+00  5.7484800000000E+10
 73  1.3988214343085E+00  6.0728111596753E-05  1.3985335370918E+00  1.3990398225655E+00  5.7484800000000E+10
 74  1.4015192318943E+00  5.6593313508021E-05  1.4012276747968E+00  1.4017028872465E+00  5.7484800000000E+10
 75  1.4040175947608E+00  5.1087331060776E-05  1.4037765863462E+00  1.4041803845168E+00  5.7484800000000E+10
 76  1.4063309319160E+00  4.7293679966929E-05  1.4061036724506E+00  1.4064893246389E+00  5.7484800000000E+10
 77  1.4084722328286E+00  4.3338020867689E-05  1.4082672510329E+00  1.4086231487696E+00  5.7484800000000E+10
 78  1.4104539694475E+00  3.9485965640816E-05  1.4102628682330E+00  1.4105832082842E+00  5.7484800000000E+10
 79  1.4122877131119E+00  3.6090723154889E-05  1.4121184484438E+00  1.4124215565563E+00  5.7484800000000E+10
 80  1.4139842057598E+00  3.3129403530936E-05  1.4138389945162E+00  1.4141116922076E+00  5.7484800000000E+10
 81  1.4155533881034E+00  3.1412121406818E-05  1.4154167991314E+00  1.4156674437539E+00  5.7484800000000E+10
 82  1.4170046116387E+00  2.8934832156768E-05  1.4168815041811E+00  1.4171008672528E+00  5.7484800000000E+10
 83  1.4183466472603E+00  2.7067933673529E-05  1.4182161413347E+00  1.4184377078186E+00  5.7484800000000E+10
 84  1.4195873601248E+00  2.5226798925639E-05  1.4194509629267E+00  1.4196734391318E+00  5.7484800000000E+10
 85  1.4207344787313E+00  2.2880363028546E-05  1.4206236720049E+00  1.4208272738351E+00  5.7484800000000E+10
 86  1.4217948041670E+00  2.0514835100327E-05  1.4217050805238E+00  1.4218794051775E+00  5.7484800000000E+10
 87  1.4227748621192E+00  1.9281526797216E-05  1.4226897734675E+00  1.4228489925146E+00  5.7484800000000E+10
 88  1.4236805730366E+00  1.7867654250795E-05  1.4236086280723E+00  1.4237429676212E+00  5.7484800000000E+10
 89  1.4245175914424E+00  1.6655125922835E-05  1.4244537216564E+00  1.4245775335305E+00  5.7484800000000E+10
 90  1.4252909724186E+00  1.5184275944870E-05  1.4252261990097E+00  1.4253476700667E+00  5.7484800000000E+10
 91  1.4260056115280E+00  1.3893556944782E-05  1.4259397045001E+00  1.4260596768764E+00  5.7484800000000E+10
 92  1.4266658257034E+00  1.3370269803645E-05  1.4266039852421E+00  1.4267178721494E+00  5.7484800000000E+10
 93  1.4272757403987E+00  1.2459616424438E-05  1.4272159488766E+00  1.4273290839636E+00  5.7484800000000E+10
 94  1.4278392114280E+00  1.1591628521406E-05  1.4277852886543E+00  1.4278872143457E+00  5.7484800000000E+10
 95  1.4283596682840E+00  1.0778927758188E-05  1.4283103698915E+00  1.4284099148650E+00  5.7484800000000E+10
 96  1.4288403648947E+00  9.9433294843814E-06  1.4287984028498E+00  1.4288950176631E+00  5.7484800000000E+10
 97  1.4292841976929E+00  8.9507989633004E-06  1.4292397472830E+00  1.4293209002056E+00  5.7484800000000E+10
 98  1.4296960699073E+00  8.1348058014551E-06  1.4296625126098E+00  1.4297224862125E+00  5.7484800000000E+10
 99  1.4300882509631E+00  8.5635924563118E-06  1.4300628284238E+00  1.4301186692231E+00  5.7484800000000E+10
100  1.4304069916604E+00  5.6910341910390E-06  1.4303836036489E+00  1.4304199200043E+00  5.7484800000000E+10
 
 field : TRAC03   ; Iter =      4320 ; region #   0 ; nb.Lev = 100
 k | --   Average    -- | --   Std.Dev    -- | --     min      -- | --     max      -- | --    Vol
  0  1.0000000049930E+00  1.0258423441240E+00  9.9737961201298E-09  2.9154977293274E+00  5.7484800000000E+12
  1  9.4324879806067E-01  2.0846698641359E-01  6.7897224987894E-01  1.9173738536003E+00  5.7484800000000E+10
  2  1.0676723116533E+00  2.2297876519019E-01  7.1918492784659E-01  2.0890649257754E+00  5.7484800000000E+10
  3  1.1993817732215E+00  2.3814038594048E-01  7.5910110985209E-01  2.1822297150814E+00  5.7484800000000E+10
  4  1.3168683486467E+00  2.5095162179973E-01  8.1732523509050E-01  2.5582683105932E+00  5.7484800000000E+10
  5  1.4254695061163E+00  2.5209409142541E-01  8.7607433113838E-01  2.5646588484758E+00  5.7484800000000E+10
  6  1.5340874384341E+00  2.4758701735054E-01  8.7677968762588E-01  2.5547216812296E+00  5.7484800000000E+10
  7  1.6371379731447E+00  2.3961793731976E-01  9.2985349789643E-01  2.6173767026023E+00  5.7484800000000E+10
  8  1.7308072389509E+00  2.3303345821946E-01  9.9416598750801E-01  2.6259512446419E+00  5.7484800000000E+10
  9  1.8156475573501E+00  2.3119125691191E-01  1.1152849506343E+00  2.6305982816930E+00  5.7484800000000E+10
 10  1.8943930845359E+00  2.3462540906727E-01  1.1721647898241E+00  2.6462429436259E+00  5.7484800000000E+10
 11  1.9692695078850E+00  2.3806100204462E-01  1.1734654768241E+00  2.7451184114758E+00  5.7484800000000E+10
 12  2.0417256276253E+00  2.3729492192370E-01  1.1830925454988E+00  2.8071651251118E+00  5.7484800000000E+10
 13  2.1065484648047E+00  2.3748074747350E-01  1.2116953310570E+00  2.8054859440349E+00  5.7484800000000E+10
 14  2.1634254835404E+00  2.4074150651618E-01  1.2173164939413E+00  2.7992959866780E+00  5.7484800000000E+10
 15  2.2107964548751E+00  2.4206304889580E-01  1.2876768482975E+00  2.8197545383317E+00  5.7484800000000E+10
 16  2.2508160234750E+00  2.2867830314743E-01  1.4401368626703E+00  2.8063949004969E+00  5.7484800000000E+10
 17  2.2855931748174E+00  2.1096253119175E-01  1.4228026140098E+00  2.7852574264321E+00  5.7484800000000E+10
 18  2.3167449873733E+00  2.0194278906555E-01  1.4187796374743E+00  2.8301572372617E+00  5.7484800000000E+10
 19  2.3477001076587E+00  1.9582333550721E-01  1.4600928276459E+00  2.8734060686891E+00  5.7484800000000E+10
 20  2.3801085094746E+00  1.8979563371693E-01  1.5180913365217E+00  2.8778529988667E+00  5.7484800000000E+10
 21  2.4136687466686E+00  1.8676306155684E-01  1.5162476740412E+00  2.8994397398996E+00  5.7484800000000E+10
 22  2.4480848786026E+00  1.8511619065940E-01  1.5019232097469E+00  2.9083878804307E+00  5.7484800000000E+10
 23  2.4808575791905E+00  1.8233333191729E-01  1.5220325997799E+00  2.9044220104916E+00  5.7484800000000E+10
 24  2.5137110936825E+00  1.7773377405267E-01  1.7162076966957E+00  2.8990631391031E+00  5.7484800000000E+10
 25  2.5484315349193E+00  1.7236304549408E-01  1.7350267390472E+00  2.9068643065982E+00  5.7484800000000E+10
 26  2.5842902405139E+00  1.6475153410733E-01  1.7926048594574E+00  2.9154977293274E+00  5.7484800000000E+10
 27  2.6237534238373E+00  1.5620866984750E-01  1.9594576080911E+00  2.9129424594991E+00  5.7484800000000E+10
 28  2.6687010754832E+00  1.4168956992330E-01  2.0456824829152E+00  2.8934905240856E+00  5.7484800000000E+10
 29  2.6994876588916E+00  1.3303226148627E-01  2.0911240553236E+00  2.9009584018995E+00  5.7484800000000E+10
 30  2.7441274275173E+00  7.7404363869057E-02  2.2100861849191E+00  2.8722711058850E+00  5.7484800000000E+10
 31  2.7210094507682E+00  2.2183062951259E-02  2.6058750090236E+00  2.7834350609765E+00  5.7484800000000E+10
 32  2.6447676141786E+00  1.0329822576829E-02  2.6123503423205E+00  2.6927650203103E+00  5.7484800000000E+10
 33  2.5499276843368E+00  1.0827473595020E-02  2.5221130633395E+00  2.5900231896497E+00  5.7484800000000E+10
 34  2.4489911114129E+00  1.1188270342551E-02  2.4155776459332E+00  2.4841788002873E+00  5.7484800000000E+10
 35  2.3413576837335E+00  1.1297889936385E-02  2.3028683017537E+00  2.3792680568746E+00  5.7484800000000E+10
 36  2.2272651895316E+00  1.0837849563178E-02  2.1905700643666E+00  2.2714197779224E+00  5.7484800000000E+10
 37  2.1080924998702E+00  9.9220222358727E-03  2.0757868727640E+00  2.1543254129662E+00  5.7484800000000E+10
 38  1.9853195178965E+00  8.8047941727517E-03  1.9575552645426E+00  2.0293765271079E+00  5.7484800000000E+10
 39  1.8603667804526E+00  7.6876234184055E-03  1.8372947894506E+00  1.9043374965671E+00  5.7484800000000E+10
 40  1.7345833391171E+00  6.6872276939185E-03  1.7143736895611E+00  1.7758366476384E+00  5.7484800000000E+10
 41  1.6092383806202E+00  5.8335381005635E-03  1.5918615821746E+00  1.6461775271800E+00  5.7484800000000E+10
 42  1.4855064243246E+00  5.1323057507198E-03  1.4719557403646E+00  1.5164325920038E+00  5.7484800000000E+10
 43  1.3644538851052E+00  4.5468646709262E-03  1.3512868369330E+00  1.3902618896575E+00  5.7484800000000E+10
 44  1.2470159791467E+00  4.0835791232525E-03  1.2363658647229E+00  1.2704518196322E+00  5.7484800000000E+10
 45  1.1340010574337E+00  3.6720126342371E-03  1.1245686169233E+00  1.1560349823041E+00  5.7484800000000E+10
 46  1.0260862846587E+00  3.3267232621551E-03  1.0173184529554E+00  1.0456014389812E+00  5.7484800000000E+10
 47  9.2381014380897E-01  3.0335877477204E-03  9.1528628479682E-01  9.4137157118780E-01  5.7484800000000E+10
 48  8.2758000446111E-01  2.7644638873921E-03  8.2079897271446E-01  8.4313750065004E-01  5.7484800000000E+10
 49  7.3767784827194E-01  2.4913019011340E-03  7.3161449984059E-01  7.5106591897122E-01  5.7484800000000E+10
 50  6.5426216029466E-01  2.2534883269223E-03  6.4830266531454E-01  6.6551425496292E-01  5.7484800000000E+10
 51  5.7738239447347E-01  2.0340117689046E-03  5.7197863990784E-01  5.8822518798210E-01  5.7484800000000E+10
 52  5.0699742901612E-01  1.8296335430203E-03  5.0241782256713E-01  5.1689667004764E-01  5.7484800000000E+10
 53  4.4297154804529E-01  1.6209310182841E-03  4.3893716830025E-01  4.5152265001708E-01  5.7484800000000E+10
 54  3.8509899721611E-01  1.4349926604363E-03  3.8157596636339E-01  3.9279924149956E-01  5.7484800000000E+10
 55  3.3311885913338E-01  1.2713873577350E-03  3.2980137579711E-01  3.3923057831514E-01  5.7484800000000E+10
 56  2.8671755751804E-01  1.1131287034434E-03  2.8372724928011E-01  2.9235741908885E-01  5.7484800000000E+10
 57  2.4554839084285E-01  9.6649257954927E-04  2.4292264722579E-01  2.5037838821808E-01  5.7484800000000E+10
 58  2.0924115812234E-01  8.2035408321923E-04  2.0700186913972E-01  2.1354228745565E-01  5.7484800000000E+10
 59  1.7741206040671E-01  7.1416178497401E-04  1.7527584358326E-01  1.8156479316421E-01  5.7484800000000E+10
 60  1.4967635887320E-01  6.1860482540574E-04  1.4778000820337E-01  1.5318042638877E-01  5.7484800000000E+10
 61  1.2564525417748E-01  5.2562917879105E-04  1.2415519608231E-01  1.2845868266341E-01  5.7484800000000E+10
 62  1.0494645275954E-01  4.4695187258239E-04  1.0350082697680E-01  1.0757840794637E-01  5.7484800000000E+10
 63  8.7220130849397E-02  3.7993036329673E-04  8.6010344119305E-02  8.9628802482850E-02  5.7484800000000E+10
 64  7.2126835190902E-02  3.1835878838278E-04  7.1144653180834E-02  7.4142013647735E-02  5.7484800000000E+10
 65  5.9347270455074E-02  2.6456696085153E-04  5.8394999602039E-02  6.0913251999923E-02  5.7484800000000E+10
 66  4.8588164327219E-02  2.2352680545959E-04  4.7871169493978E-02  4.9800358338897E-02  5.7484800000000E+10
 67  3.9581463180512E-02  1.8601299322801E-04  3.8995112405313E-02  4.0470096097454E-02  5.7484800000000E+10
 68  3.2082999314197E-02  1.5378728368777E-04  3.1642164532407E-02  3.2847337663998E-02  5.7484800000000E+10
 69  2.5875498381648E-02  1.2525383886262E-04  2.5465065662908E-02  2.6499632220488E-02  5.7484800000000E+10
 70  2.0764749872174E-02  1.0179741544130E-04  2.0427186812559E-02  2.1262478756253E-02  5.7484800000000E+10
 71  1.6580055695762E-02  8.3512271185973E-05  1.6305076782453E-02  1.7021435520716E-02  5.7484800000000E+10
 72  1.3172533650647E-02  6.6416280788320E-05  1.2952272905717E-02  1.3494423760411E-02  5.7484800000000E+10
 73  1.0413105775768E-02  5.3749513901582E-05  1.0221131259786E-02  1.0669530444325E-02  5.7484800000000E+10
 74  8.1904281323393E-03  4.3440754020039E-05  8.0493660840952E-03  8.4135755286706E-03  5.7484800000000E+10
 75  6.4099636632113E-03  3.3901086978747E-05  6.3026725780082E-03  6.5699816608737E-03  5.7484800000000E+10
 76  4.9912956541114E-03  2.6851396460397E-05  4.9026152737077E-03  5.1207629298447E-03  5.7484800000000E+10
 77  3.8671135787298E-03  2.1079407828008E-05  3.7939498856616E-03  3.9658414029106E-03  5.7484800000000E+10
 78  2.9810308552615E-03  1.6283286694455E-05  2.9283601848685E-03  3.0595038363937E-03  5.7484800000000E+10
 79  2.2863426383863E-03  1.2601469638062E-05  2.2407476007596E-03  2.3454309085293E-03  5.7484800000000E+10
 80  1.7446222899343E-03  9.7022248761705E-06  1.7073178925373E-03  1.7874597839743E-03  5.7484800000000E+10
 81  1.3244543718555E-03  7.6862461863395E-06  1.2964924392186E-03  1.3582284879833E-03  5.7484800000000E+10
 82  1.0002921481447E-03  5.9227070474721E-06  9.8068863109336E-04  1.0253928855034E-03  5.7484800000000E+10
 83  7.5150869904044E-04  4.5581301742984E-06  7.3615880554837E-04  7.7311328284647E-04  5.7484800000000E+10
 84  5.6161433692728E-04  3.5247544290267E-06  5.4946259271205E-04  5.8059230287936E-04  5.7484800000000E+10
 85  4.1740880870462E-04  2.6106533089710E-06  4.0677690831246E-04  4.3028532251961E-04  5.7484800000000E+10
 86  3.0849308919319E-04  1.9100696914079E-06  3.0060013965196E-04  3.1687950667191E-04  5.7484800000000E+10
 87  2.2665830008807E-04  1.4489501721292E-06  2.2087548956522E-04  2.3296013521934E-04  5.7484800000000E+10
 88  1.6549831527698E-04  1.0898615228569E-06  1.6158864834256E-04  1.6988373368631E-04  5.7484800000000E+10
 89  1.2002517285223E-04  8.1073674444921E-07  1.1713721099506E-04  1.2309884043243E-04  5.7484800000000E+10
 90  8.6396237960840E-05  5.9483308685285E-07  8.4184711996368E-05  8.8834199806909E-05  5.7484800000000E+10
 91  6.1652820585123E-05  4.2968180551195E-07  6.0028359460621E-05  6.3648491286105E-05  5.7484800000000E+10
 92  4.3544880257471E-05  3.2667063848699E-07  4.2271312158015E-05  4.5049871049654E-05  5.7484800000000E+10
 93  3.0361537428860E-05  2.4020315953514E-07  2.9329781070153E-05  3.1525803819498E-05  5.7484800000000E+10
 94  2.0812569967852E-05  1.7408741156254E-07  2.0070277392049E-05  2.1599962422613E-05  5.7484800000000E+10
 95  1.3933068263159E-05  1.2647066888399E-07  1.3371790828965E-05  1.4509508598187E-05  5.7484800000000E+10
 96  9.0021325560317E-06  8.9924276234075E-08  8.5050406362077E-06  9.3820607882345E-06  5.7484800000000E+10
 97  5.4869256205804E-06  6.2174827847401E-08  5.2148017913945E-06  5.7913831484955E-06  5.7484800000000E+10
 98  2.9873282046193E-06  4.3266066294914E-08  2.8428677992444E-06  3.1698979260182E-06  5.7484800000000E+10
 99  1.1839010689431E-06  3.2694364545895E-08  1.0712834734940E-06  1.2815836165721E-06  5.7484800000000E+10
100  5.0188846312186E-08  1.7773916888594E-08  9.9737961201298E-09  1.2459810641237E-07  5.7484800000000E+10
 
 field : TRAC04   ; Iter =      4320 ; region #   0 ; nb.Lev = 100
 k | --   Average    -- | --   Std.Dev    -- | --     min      -- | --     max      -- | --    Vol
  0  1.0019835977518E+00  9.2382843474932E-01  1.0218165574186E-03  4.4040490683223E+00  5.7484800000000E+12
  1  2.7101061325862E+00  1.2998185651341E+00  1.4637445446933E-02  4.4040490683223E+00  5.7484800000000E+10
  2  2.6239689804114E+00  1.2571090030708E+00  1.4182988808474E-02  4.3515595935580E+00  5.7484800000000E+10
  3  2.5370456907727E+00  1.2161276549851E+00  1.3596996488243E-02  4.2695983888992E+00  5.7484800000000E+10
  4  2.4632630011946E+00  1.1818141817612E+00  1.2734778890381E-02  4.1824931850923E+00  5.7484800000000E+10
  5  2.3958877237754E+00  1.1491113347533E+00  1.2084247662865E-02  4.0409425160067E+00  5.7484800000000E+10
  6  2.3295852811212E+00  1.1159295225905E+00  1.1106119129750E-02  3.9930700119762E+00  5.7484800000000E+10
  7  2.2671886766523E+00  1.0839170517186E+00  9.7377729097119E-03  3.9048800391152E+00  5.7484800000000E+10
  8  2.2097823239523E+00  1.0536260851313E+00  9.3018563701645E-03  3.8654655165309E+00  5.7484800000000E+10
  9  2.1567713574096E+00  1.0259731398129E+00  9.3014677213480E-03  3.7980675178182E+00  5.7484800000000E+10
 10  2.1075843412107E+00  1.0018635761181E+00  9.3102544552766E-03  3.7598442588641E+00  5.7484800000000E+10
 11  2.0604857270522E+00  9.7977649445821E-01  9.3438571407565E-03  3.7155638861627E+00  5.7484800000000E+10
 12  2.0148894318371E+00  9.5851936303526E-01  9.4018974386485E-03  3.7121150970486E+00  5.7484800000000E+10
 13  1.9735792639901E+00  9.3953640573117E-01  9.4910153519594E-03  3.7009895858233E+00  5.7484800000000E+10
 14  1.9370867080705E+00  9.2298955389607E-01  9.5821250477642E-03  3.6713451937498E+00  5.7484800000000E+10
 15  1.9067941599326E+00  9.1015884687845E-01  9.6035166907778E-03  3.6686250332025E+00  5.7484800000000E+10
 16  1.8816482871226E+00  8.9923007539739E-01  9.6029307455547E-03  3.6753051213565E+00  5.7484800000000E+10
 17  1.8605704598332E+00  8.9037725824807E-01  9.6132003383977E-03  3.6881754223207E+00  5.7484800000000E+10
 18  1.8412751350365E+00  8.8266828388396E-01  9.6459111790560E-03  3.6912826652872E+00  5.7484800000000E+10
 19  1.8210725635830E+00  8.7374378990536E-01  9.7332141071757E-03  3.6175552123905E+00  5.7484800000000E+10
 20  1.7990536354044E+00  8.6336067528173E-01  9.7898248502818E-03  3.4326177311399E+00  5.7484800000000E+10
 21  1.7752647097426E+00  8.5165062213667E-01  9.7726262624715E-03  3.3192135767462E+00  5.7484800000000E+10
 22  1.7503961842339E+00  8.4045601763390E-01  9.7245130622117E-03  3.3424285969852E+00  5.7484800000000E+10
 23  1.7267914445869E+00  8.3118254619227E-01  9.7660253109276E-03  3.3805674062599E+00  5.7484800000000E+10
 24  1.7019166674430E+00  8.2114473211574E-01  9.8857089269748E-03  3.4036571578600E+00  5.7484800000000E+10
 25  1.6745784347680E+00  8.1015777621309E-01  9.9492661081431E-03  3.3765824181542E+00  5.7484800000000E+10
 26  1.6445080619169E+00  7.9732078015590E-01  9.6846156704632E-03  3.2710773914136E+00  5.7484800000000E+10
 27  1.6097250224088E+00  7.8307458641072E-01  8.7657331127165E-03  3.1960125558232E+00  5.7484800000000E+10
 28  1.5643846349260E+00  7.6117981723244E-01  8.0270963636669E-03  3.0565857124632E+00  5.7484800000000E+10
 29  1.5154999696007E+00  7.3711473138328E-01  8.0241398252299E-03  3.0565857124632E+00  5.7484800000000E+10
 30  1.4072542713747E+00  6.8360876117771E-01  7.7829368105921E-03  2.8008584791793E+00  5.7484800000000E+10
 31  1.2902460698490E+00  6.2337340909886E-01  6.9468607380180E-03  2.1480828070844E+00  5.7484800000000E+10
 32  1.2313794191154E+00  5.9329444922077E-01  6.4478952992859E-03  1.9445202383160E+00  5.7484800000000E+10
 33  1.2037952482585E+00  5.7946063684700E-01  6.3049571268672E-03  1.8934745086182E+00  5.7484800000000E+10
 34  1.1776258680824E+00  5.6689036269783E-01  6.0545541604484E-03  1.8444245685764E+00  5.7484800000000E+10
 35  1.1480816319524E+00  5.5266131001409E-01  5.8628759968561E-03  1.7956987819695E+00  5.7484800000000E+10
 36  1.1177988393139E+00  5.3798887203248E-01  5.7608870679534E-03  1.7483618652534E+00  5.7484800000000E+10
 37  1.0879770279220E+00  5.2353627668509E-01  5.5229661613602E-03  1.7019414250654E+00  5.7484800000000E+10
 38  1.0588601897717E+00  5.0944212453006E-01  5.3570066429556E-03  1.6569253588664E+00  5.7484800000000E+10
 39  1.0305242399635E+00  4.9574082441675E-01  5.3028040890679E-03  1.6136003231570E+00  5.7484800000000E+10
 40  1.0029954524170E+00  4.8244541108649E-01  5.1308431343157E-03  1.5708748574962E+00  5.7484800000000E+10
 41  9.7626741792486E-01  4.6954976866582E-01  4.9607752996810E-03  1.5296346115264E+00  5.7484800000000E+10
 42  9.5031701429255E-01  4.5703841648318E-01  4.8040622444309E-03  1.4893305585977E+00  5.7484800000000E+10
 43  9.2511347568558E-01  4.4489407405528E-01  4.6792910681765E-03  1.4502283473415E+00  5.7484800000000E+10
 44  9.0062341992363E-01  4.3310071042729E-01  4.5763427687081E-03  1.4119379272832E+00  5.7484800000000E+10
 45  8.7681625489293E-01  4.2164134523851E-01  4.4055890950696E-03  1.3748707786077E+00  5.7484800000000E+10
 46  8.5366588352295E-01  4.1050047537538E-01  4.2978293188656E-03  1.3385066255204E+00  5.7484800000000E+10
 47  8.3114661106671E-01  3.9966570829539E-01  4.2179933361515E-03  1.3034068117105E+00  5.7484800000000E+10
 48  8.0923631825400E-01  3.8912571969748E-01  4.0913001812559E-03  1.2691805127157E+00  5.7484800000000E+10
 49  7.8791424058569E-01  3.7887034634656E-01  3.9619600545098E-03  1.2357570082866E+00  5.7484800000000E+10
 50  7.6716093883164E-01  3.6888940858320E-01  3.8915661168851E-03  1.2031453411713E+00  5.7484800000000E+10
 51  7.4695995150348E-01  3.5917471256050E-01  3.8107876071878E-03  1.1717808402595E+00  5.7484800000000E+10
 52  7.2729520220288E-01  3.4971791754444E-01  3.7063707760703E-03  1.1410331911277E+00  5.7484800000000E+10
 53  7.0815029383887E-01  3.4051218023047E-01  3.6172328498736E-03  1.1108281966356E+00  5.7484800000000E+10
 54  6.8951079690051E-01  3.3155039213517E-01  3.4606465399897E-03  1.0815524398620E+00  5.7484800000000E+10
 55  6.7136433896154E-01  3.2282412727390E-01  3.3835834419991E-03  1.0532259909220E+00  5.7484800000000E+10
 56  6.5369596900728E-01  3.1432788476599E-01  3.3659432568166E-03  1.0255489974039E+00  5.7484800000000E+10
 57  6.3649323935094E-01  3.0605583826082E-01  3.2308067038730E-03  9.9818764648276E-01  5.7484800000000E+10
 58  6.1974301837537E-01  2.9800244143119E-01  3.1029154545374E-03  9.7204380875602E-01  5.7484800000000E+10
 59  6.0343415342370E-01  2.9016108253849E-01  3.0425291118637E-03  9.4669477443236E-01  5.7484800000000E+10
 60  5.8755560551708E-01  2.8252615961423E-01  2.9800959781378E-03  9.2174806201736E-01  5.7484800000000E+10
 61  5.7209363928144E-01  2.7509169845039E-01  2.8653289888866E-03  8.9734797698181E-01  5.7484800000000E+10
 62  5.5703962838788E-01  2.6785265325418E-01  2.7949225396761E-03  8.7393536331613E-01  5.7484800000000E+10
 63  5.4238170519734E-01  2.6080445653469E-01  2.7685395168998E-03  8.5066499907619E-01  5.7484800000000E+10
 64  5.2810937352587E-01  2.5394179498813E-01  2.6749947678270E-03  8.2847608739940E-01  5.7484800000000E+10
 65  5.1421231719223E-01  2.4726025442255E-01  2.5893654642061E-03  8.0673973314537E-01  5.7484800000000E+10
 66  5.0068125865231E-01  2.4075414908861E-01  2.5249246921758E-03  7.8548494885581E-01  5.7484800000000E+10
 67  4.8750644605058E-01  2.3441863441805E-01  2.4596532907573E-03  7.6479011409134E-01  5.7484800000000E+10
 68  4.7467764160444E-01  2.2825016987103E-01  2.3919479637960E-03  7.4472789050261E-01  5.7484800000000E+10
 69  4.6218746769994E-01  2.2224433479498E-01  2.3655917989946E-03  7.2517814580121E-01  5.7484800000000E+10
 70  4.5002541809303E-01  2.1639660761942E-01  2.2936854547172E-03  7.0615780590074E-01  5.7484800000000E+10
 71  4.3818304798432E-01  2.1070268094032E-01  2.2006336981233E-03  6.8742692541831E-01  5.7484800000000E+10
 72  4.2665264305848E-01  2.0515790341289E-01  2.1487252257205E-03  6.6933542616418E-01  5.7484800000000E+10
 73  4.1542581853292E-01  1.9975954493096E-01  2.0807985477276E-03  6.5177458802705E-01  5.7484800000000E+10
 74  4.0449394123711E-01  1.9450343591961E-01  2.0505162546410E-03  6.3455254279267E-01  5.7484800000000E+10
 75  3.9385033119091E-01  1.8938576067710E-01  1.9871531053079E-03  6.1795434683711E-01  5.7484800000000E+10
 76  3.8348621643461E-01  1.8440225505014E-01  1.9225954844467E-03  6.0163889603307E-01  5.7484800000000E+10
 77  3.7339524435598E-01  1.7954964305532E-01  1.8842113529582E-03  5.8579312411791E-01  5.7484800000000E+10
 78  3.6356958563024E-01  1.7482500366502E-01  1.8411367072295E-03  5.7036633070963E-01  5.7484800000000E+10
 79  3.5400258449532E-01  1.7022488073587E-01  1.7909593038411E-03  5.5547478940409E-01  5.7484800000000E+10
 80  3.4468698219731E-01  1.6574588151918E-01  1.7290783839556E-03  5.4089528547164E-01  5.7484800000000E+10
 81  3.3561666853336E-01  1.6138457754329E-01  1.6829141511344E-03  5.2653226276711E-01  5.7484800000000E+10
 82  3.2678541960040E-01  1.5713787412221E-01  1.6637848623643E-03  5.1276617406387E-01  5.7484800000000E+10
 83  3.1818616772777E-01  1.5300270265386E-01  1.6092294353732E-03  4.9930603322161E-01  5.7484800000000E+10
 84  3.0981375754920E-01  1.4897662864821E-01  1.5578881408762E-03  4.8615907748469E-01  5.7484800000000E+10
 85  3.0166085654651E-01  1.4505660289260E-01  1.5257772715250E-03  4.7336542936000E-01  5.7484800000000E+10
 86  2.9372301315967E-01  1.4123998907937E-01  1.4753609372557E-03  4.6090334437673E-01  5.7484800000000E+10
 87  2.8599368289757E-01  1.3752318432007E-01  1.4363726424090E-03  4.4881032952979E-01  5.7484800000000E+10
 88  2.7846805846951E-01  1.3390447545233E-01  1.4027274177561E-03  4.3716122936674E-01  5.7484800000000E+10
 89  2.7114029060783E-01  1.3038070510513E-01  1.3560462762478E-03  4.2552815890009E-01  5.7484800000000E+10
 90  2.6400561362447E-01  1.2694998651789E-01  1.3361684547403E-03  4.1430314933691E-01  5.7484800000000E+10
 91  2.5705828514048E-01  1.2360967193892E-01  1.2976491229941E-03  4.0350143080582E-01  5.7484800000000E+10
 92  2.5029396004104E-01  1.2035677679720E-01  1.2600654607747E-03  3.9277765343700E-01  5.7484800000000E+10
 93  2.4370770682529E-01  1.1718979153044E-01  1.2379014603454E-03  3.8243790923795E-01  5.7484800000000E+10
 94  2.3729456864665E-01  1.1410608528825E-01  1.1957491778554E-03  3.7244152208680E-01  5.7484800000000E+10
 95  2.3105033690265E-01  1.1110345445389E-01  1.1627635271430E-03  3.6275562557639E-01  5.7484800000000E+10
 96  2.2497161104844E-01  1.0818062639646E-01  1.1327819060229E-03  3.5298197499629E-01  5.7484800000000E+10
 97  2.1905516974060E-01  1.0533574415688E-01  1.0998668089345E-03  3.4391298628502E-01  5.7484800000000E+10
 98  2.1326015998580E-01  1.0254834608984E-01  1.0679352052565E-03  3.3479064509568E-01  5.7484800000000E+10
 99  2.0742511227788E-01  9.9736594704229E-02  1.0658750891735E-03  3.2557740213707E-01  5.7484800000000E+10
100  2.0248163239149E-01  9.7365782485586E-02  1.0218165574186E-03  3.1744786797824E-01  5.7484800000000E+10
 
 field : TRAC05   ; Iter =      4320 ; region #   0 ; nb.Lev = 100
 k | --   Average    -- | --   Std.Dev    -- | --     min      -- | --     max      -- | --    Vol
  0  1.0013564084009E+00  1.4339110600013E+00  1.6077382231521E-14  5.7373648466280E+00  5.7484800000000E+12
  1  1.1989690592556E+00  5.6516555181256E-01  2.4618715006886E-01  4.0116321342487E+00  5.7484800000000E+10
  2  1.4053259251858E+00  6.5052408415853E-01  2.8842193235034E-01  4.0677332019874E+00  5.7484800000000E+10
  3  1.6240421742463E+00  7.3807002915523E-01  3.1541830673254E-01  4.0879332358493E+00  5.7484800000000E+10
  4  1.8162316092656E+00  8.1274760049211E-01  3.5522331318113E-01  4.5813249098974E+00  5.7484800000000E+10
  5  1.9939149194261E+00  8.8004628107226E-01  3.8896732677673E-01  4.8071650502380E+00  5.7484800000000E+10
  6  2.1679583928968E+00  9.4416266227041E-01  4.1921021750441E-01  5.0784101935038E+00  5.7484800000000E+10
  7  2.3281184533128E+00  1.0037453460159E+00  4.6399278076908E-01  5.2210201107108E+00  5.7484800000000E+10
  8  2.4682429111970E+00  1.0572776010284E+00  4.9969933367398E-01  5.2428781812876E+00  5.7484800000000E+10
  9  2.5905433313246E+00  1.1090167423832E+00  5.7160377713241E-01  5.2396190916212E+00  5.7484800000000E+10
 10  2.6967175273133E+00  1.1528812517152E+00  5.8847428739784E-01  5.4058947303593E+00  5.7484800000000E+10
 11  2.7919562094277E+00  1.1891046540244E+00  5.8702281036706E-01  5.4876066108415E+00  5.7484800000000E+10
 12  2.8787355596474E+00  1.2192126026838E+00  5.9313278771110E-01  5.4995976320531E+00  5.7484800000000E+10
 13  2.9523507814114E+00  1.2445035215475E+00  6.6603642629446E-01  5.5137051443946E+00  5.7484800000000E+10
 14  3.0125306693908E+00  1.2644056441797E+00  6.6154340537612E-01  5.5350039758066E+00  5.7484800000000E+10
 15  3.0590049594497E+00  1.2773596896627E+00  6.8870490024866E-01  5.4884180181635E+00  5.7484800000000E+10
 16  3.0945254087737E+00  1.2814392420968E+00  7.8222744011328E-01  5.5587304950376E+00  5.7484800000000E+10
 17  3.1216346786653E+00  1.2815843869560E+00  8.2230948165359E-01  5.5673117452668E+00  5.7484800000000E+10
 18  3.1426012225369E+00  1.2830251821212E+00  7.9329895124124E-01  5.5880265474869E+00  5.7484800000000E+10
 19  3.1621964875083E+00  1.2858070076108E+00  7.5456270904047E-01  5.5974886029276E+00  5.7484800000000E+10
 20  3.1811790439716E+00  1.2890964634967E+00  7.5496549780909E-01  5.5937585126647E+00  5.7484800000000E+10
 21  3.1981743796447E+00  1.2933397195998E+00  8.1028084764169E-01  5.5984132106014E+00  5.7484800000000E+10
 22  3.2101381937325E+00  1.2947152458947E+00  8.4506417514716E-01  5.6660658051137E+00  5.7484800000000E+10
 23  3.2153536522429E+00  1.2911542760380E+00  8.8296702946268E-01  5.7373648466280E+00  5.7484800000000E+10
 24  3.2160983876212E+00  1.2855920870747E+00  8.8296705894444E-01  5.6834399125476E+00  5.7484800000000E+10
 25  3.2128321318168E+00  1.2778916161069E+00  8.8432771756052E-01  5.6706265354239E+00  5.7484800000000E+10
 26  3.2030958179695E+00  1.2676447425760E+00  9.0274372601599E-01  5.5804032477989E+00  5.7484800000000E+10
 27  3.1835867489033E+00  1.2578993503567E+00  9.4002344977007E-01  5.5089300389879E+00  5.7484800000000E+10
 28  3.1450908243534E+00  1.2435137488840E+00  9.0711473519860E-01  5.2745269200347E+00  5.7484800000000E+10
 29  3.0771942964993E+00  1.2102455925368E+00  9.0661991900526E-01  5.2636047398712E+00  5.7484800000000E+10
 30  2.8564085020467E+00  1.1314767209619E+00  8.6454145550673E-01  5.0657386133779E+00  5.7484800000000E+10
 31  2.4588666363365E+00  9.7853369835683E-01  7.7271618227612E-01  3.9839145812468E+00  5.7484800000000E+10
 32  2.1475852237789E+00  8.5613088767288E-01  6.9220565937896E-01  3.3094165042280E+00  5.7484800000000E+10
 33  1.9312002362578E+00  7.7047601364902E-01  6.2322410315866E-01  2.9673107900590E+00  5.7484800000000E+10
 34  1.7318122650574E+00  6.9163164810106E-01  5.5671718133227E-01  2.6478963726426E+00  5.7484800000000E+10
 35  1.5321611281390E+00  6.1182280266894E-01  4.9151813440256E-01  2.3378817000125E+00  5.7484800000000E+10
 36  1.3406315801040E+00  5.3461727012158E-01  4.2990099630214E-01  2.0462761442417E+00  5.7484800000000E+10
 37  1.1622051513546E+00  4.6262355814171E-01  3.7286326273204E-01  1.7738547990535E+00  5.7484800000000E+10
 38  9.9854028396056E-01  3.9674642578273E-01  3.1921521381541E-01  1.5254549612585E+00  5.7484800000000E+10
 39  8.5034116995431E-01  3.3729008495511E-01  2.7199723372706E-01  1.2999737964948E+00  5.7484800000000E+10
 40  7.1777606392990E-01  2.8428323780862E-01  2.3105034106246E-01  1.0973371598395E+00  5.7484800000000E+10
 41  6.0056942989960E-01  2.3756402248815E-01  1.9317118495802E-01  9.1893591487566E-01  5.7484800000000E+10
 42  4.9810197808164E-01  1.9683079242220E-01  1.5977646254125E-01  7.6382841840448E-01  5.7484800000000E+10
 43  4.0949775771954E-01  1.6168474084667E-01  1.3169092676975E-01  6.2787439919200E-01  5.7484800000000E+10
 44  3.3369846295462E-01  1.3167224232149E-01  1.0751189629385E-01  5.1128534110268E-01  5.7484800000000E+10
 45  2.6953692082368E-01  1.0630170623555E-01  8.6716478625770E-02  4.1312806399248E-01  5.7484800000000E+10
 46  2.1579478558366E-01  8.5073762956659E-02  6.9079083758155E-02  3.3100710400133E-01  5.7484800000000E+10
 47  1.7124415410602E-01  6.7490802653885E-02  5.4732966328978E-02  2.6277029825806E-01  5.7484800000000E+10
 48  1.3469165253591E-01  5.3073372418947E-02  4.3108129240785E-02  2.0704444489270E-01  5.7484800000000E+10
 49  1.0500572530813E-01  4.1369268069810E-02  3.3525579413266E-02  1.6119751092273E-01  5.7484800000000E+10
 50  8.1138347129391E-02  3.1962059288207E-02  2.5843773490234E-02  1.2464092427176E-01  5.7484800000000E+10
 51  6.2141324411199E-02  2.4476926105819E-02  1.9841996904083E-02  9.5570389954320E-02  5.7484800000000E+10
 52  4.7171308307500E-02  1.8579171304905E-02  1.5064416695656E-02  7.2654701856577E-02  5.7484800000000E+10
 53  3.5490541711411E-02  1.3977807732731E-02  1.1340580833177E-02  5.4579039162893E-02  5.7484800000000E+10
 54  2.6465669535739E-02  1.0423304147012E-02  8.5085693935662E-03  4.0784923614967E-02  5.7484800000000E+10
 55  1.9561120411238E-02  7.7038333406455E-03  6.2244258444409E-03  3.0202481701776E-02  5.7484800000000E+10
 56  1.4329749228982E-02  5.6433947530057E-03  4.5686586502784E-03  2.2147786718424E-02  5.7484800000000E+10
 57  1.0404452396227E-02  4.0974640488433E-03  3.3401253381271E-03  1.6025273200831E-02  5.7484800000000E+10
 58  7.4874423557655E-03  2.9486988493406E-03  2.4071899422594E-03  1.1522993167365E-02  5.7484800000000E+10
 59  5.3405064677007E-03  2.1032666905305E-03  1.7197454173228E-03  8.2301391306642E-03  5.7484800000000E+10
 60  3.7755122246901E-03  1.4869417487852E-03  1.2121499267142E-03  5.8288924840083E-03  5.7484800000000E+10
 61  2.6453968370478E-03  1.0418524355328E-03  8.4343941078409E-04  4.0797228878458E-03  5.7484800000000E+10
 62  1.8371452718922E-03  7.2354770084944E-04  5.8178562858207E-04  2.8380017564428E-03  5.7484800000000E+10
 63  1.2645347659294E-03  4.9804829156808E-04  4.0264619308165E-04  1.9618576117991E-03  5.7484800000000E+10
 64  8.6268722178406E-04  3.3977090060062E-04  2.7693754446552E-04  1.3335824263900E-03  5.7484800000000E+10
 65  5.8331740622541E-04  2.2974503908374E-04  1.8708824354303E-04  9.0381941205932E-04  5.7484800000000E+10
 66  3.9092018684159E-04  1.5397489085684E-04  1.2454433218772E-04  6.0462723403530E-04  5.7484800000000E+10
 67  2.5966088034366E-04  1.0227365429893E-04  8.2422227901488E-05  4.0278014073732E-04  5.7484800000000E+10
 68  1.7094210959599E-04  6.7329814454065E-05  5.4021154376608E-05  2.6505673745641E-04  5.7484800000000E+10
 69  1.1154133537329E-04  4.3935341887087E-05  3.5399301261848E-05  1.7311688995150E-04  5.7484800000000E+10
 70  7.2135122960029E-05  2.8413909175333E-05  2.3050133374107E-05  1.1206232231414E-04  5.7484800000000E+10
 71  4.6235959591432E-05  1.8212586217172E-05  1.4751989802468E-05  7.1634160431182E-05  5.7484800000000E+10
 72  2.9372816821133E-05  1.1570135676064E-05  9.3664281377343E-06  4.5589467094060E-05  5.7484800000000E+10
 73  1.8494707435838E-05  7.2852013112802E-06  5.8859188769145E-06  2.8827902119011E-05  5.7484800000000E+10
 74  1.1541656981839E-05  4.5464176040207E-06  3.6988903665336E-06  1.8016241596064E-05  5.7484800000000E+10
 75  7.1387908108970E-06  2.8120876263624E-06  2.2792969050528E-06  1.1114963712507E-05  5.7484800000000E+10
 76  4.3761894336953E-06  1.7238275780720E-06  1.3971372563422E-06  6.8190772969982E-06  5.7484800000000E+10
 77  2.6588989714266E-06  1.0473005785380E-06  8.4629730551438E-07  4.1326236120866E-06  5.7484800000000E+10
 78  1.6011715730586E-06  6.3063024633390E-07  5.1402515043147E-07  2.4930854224120E-06  5.7484800000000E+10
 79  9.5565524544023E-07  3.7639101402372E-07  3.0671013848730E-07  1.4989133531994E-06  5.7484800000000E+10
 80  5.6531179842355E-07  2.2264188412408E-07  1.8081319471284E-07  8.8433148787610E-07  5.7484800000000E+10
 81  3.3143668004842E-07  1.3052397951241E-07  1.0480711905884E-07  5.1859778565259E-07  5.7484800000000E+10
 82  1.9259313558434E-07  7.5841491781390E-08  6.0686801486863E-08  3.0254601005342E-07  5.7484800000000E+10
 83  1.1091618979935E-07  4.3675180049831E-08  3.5331966478198E-08  1.7493571620451E-07  5.7484800000000E+10
 84  6.3313081586714E-08  2.4929380333456E-08  2.0241700243115E-08  1.0017422386845E-07  5.7484800000000E+10
 85  3.5818095339800E-08  1.4102441848357E-08  1.1463575358790E-08  5.6389277554189E-08  5.7484800000000E+10
 86  2.0084642768747E-08  7.9072666672829E-09  6.4292881376723E-09  3.1811637019511E-08  5.7484800000000E+10
 87  1.1162250369385E-08  4.3941566819609E-09  3.5276343921030E-09  1.7570801379181E-08  5.7484800000000E+10
 88  6.1486635539076E-09  2.4204992459619E-09  1.9383170511220E-09  9.7336982259865E-09  5.7484800000000E+10
 89  3.3568744103319E-09  1.3215617166013E-09  1.0561486470212E-09  5.2870710356436E-09  5.7484800000000E+10
 90  1.8164117014587E-09  7.1522687737846E-10  5.7116497730188E-10  2.8657293711476E-09  5.7484800000000E+10
 91  9.7399140033043E-10  3.8365793462161E-10  3.0936727976350E-10  1.5591404730006E-09  5.7484800000000E+10
 92  5.1750346488082E-10  2.0397992954166E-10  1.6419800046340E-10  8.1945170224027E-10  5.7484800000000E+10
 93  2.7237596134940E-10  1.0750028039120E-10  8.6312997473927E-11  4.3383537358259E-10  5.7484800000000E+10
 94  1.4192093978943E-10  5.6163184023200E-11  4.4999078086321E-11  2.2458086857789E-10  5.7484800000000E+10
 95  7.3123070558617E-11  2.9089442293973E-11  2.2770405535405E-11  1.1736733993935E-10  5.7484800000000E+10
 96  3.7164496480824E-11  1.4939564456011E-11  1.1411874225594E-11  5.9639792052487E-11  5.7484800000000E+10
 97  1.8538906644815E-11  7.6090612945040E-12  5.3902266726370E-12  3.0116869540847E-11  5.7484800000000E+10
 98  8.9629649241187E-12  3.8394723443363E-12  2.3213043822462E-12  1.4751734980502E-11  5.7484800000000E+10
 99  4.0102067418469E-12  1.8874721008404E-12  7.4381571201743E-13  6.7971006661094E-12  5.7484800000000E+10
100  1.7488607049562E-12  1.0009310656572E-12  1.6077382231521E-14  3.1467795201015E-12  5.7484800000000E+10
 
 field : TRAC01   ; Iter =      5760 ; region #   0 ; nb.Lev = 100
 k | --   Average    -- | --   Std.Dev    -- | --     min      -- | --     max      -- | --    Vol
  0  9.9999999809630E-01  5.7915831606688E-01  3.0985484424981E-04  1.9921776802183E+00  5.7484800000000E+12
  1  1.9406385613853E+00  3.8417647504883E-02  1.7523928841822E+00  1.9921776802183E+00  5.7484800000000E+10
  2  1.9164446307918E+00  4.1404312277021E-02  1.7092546717469E+00  1.9829992092890E+00  5.7484800000000E+10
  3  1.8908556024454E+00  4.4404951242564E-02  1.6859826004679E+00  1.9695303922473E+00  5.7484800000000E+10
  4  1.8685109222006E+00  4.6686080956403E-02  1.6272397988928E+00  1.9588488488313E+00  5.7484800000000E+10
  5  1.8479519853330E+00  4.7314483473701E-02  1.6280759391231E+00  1.9567079625843E+00  5.7484800000000E+10
  6  1.8277425613995E+00  4.7330584466667E-02  1.6080844227052E+00  1.9437372475713E+00  5.7484800000000E+10
  7  1.8084125893776E+00  4.6293688429807E-02  1.5905412863081E+00  1.9324477760692E+00  5.7484800000000E+10
  8  1.7906174560974E+00  4.5542336254013E-02  1.5909188352190E+00  1.9272604371189E+00  5.7484800000000E+10
  9  1.7742179792966E+00  4.5985337828425E-02  1.5931079510975E+00  1.9069291895264E+00  5.7484800000000E+10
 10  1.7587423256390E+00  4.7218025011288E-02  1.5930300805101E+00  1.8910983595095E+00  5.7484800000000E+10
 11  1.7437664010672E+00  4.8260924959997E-02  1.5887069425539E+00  1.8918627279047E+00  5.7484800000000E+10
 12  1.7290361733432E+00  4.8703165504308E-02  1.5752112758607E+00  1.8835783932520E+00  5.7484800000000E+10
 13  1.7155936780694E+00  4.8785233235768E-02  1.5682909640559E+00  1.8797587821296E+00  5.7484800000000E+10
 14  1.7032418584088E+00  4.9476895191462E-02  1.5460963874303E+00  1.8777241177646E+00  5.7484800000000E+10
 15  1.6924553752316E+00  4.9982190842679E-02  1.5313720173208E+00  1.8672522199933E+00  5.7484800000000E+10
 16  1.6832807946118E+00  4.7786190579731E-02  1.5354536593368E+00  1.8501602023504E+00  5.7484800000000E+10
 17  1.6752464192140E+00  4.5119030773262E-02  1.5461860458555E+00  1.8531473983978E+00  5.7484800000000E+10
 18  1.6676998871746E+00  4.3215645742539E-02  1.5334634450476E+00  1.8537143350750E+00  5.7484800000000E+10
 19  1.6602073092819E+00  4.2436226794090E-02  1.5233193231903E+00  1.8471958520962E+00  5.7484800000000E+10
 20  1.6523409074973E+00  4.2247243662823E-02  1.5235746947746E+00  1.8466118722071E+00  5.7484800000000E+10
 21  1.6438554971498E+00  4.2590255943237E-02  1.5085070986316E+00  1.8372654441572E+00  5.7484800000000E+10
 22  1.6346094031731E+00  4.2813234722904E-02  1.5012199420580E+00  1.8304065625362E+00  5.7484800000000E+10
 23  1.6248649697825E+00  4.3319259620364E-02  1.5010601709952E+00  1.7914384890466E+00  5.7484800000000E+10
 24  1.6146514676078E+00  4.3767438330638E-02  1.4736634479569E+00  1.7817038424123E+00  5.7484800000000E+10
 25  1.6036132344008E+00  4.4623364864161E-02  1.4672640115034E+00  1.7848713640247E+00  5.7484800000000E+10
 26  1.5908146765999E+00  4.4349038593199E-02  1.4593141360349E+00  1.7799333141064E+00  5.7484800000000E+10
 27  1.5745724711243E+00  4.3658571355356E-02  1.4502778928060E+00  1.7689110404878E+00  5.7484800000000E+10
 28  1.5530825451255E+00  4.3903162162323E-02  1.4358470932686E+00  1.7214802883739E+00  5.7484800000000E+10
 29  1.5332494435809E+00  4.6311019924720E-02  1.4341739158330E+00  1.7078269918989E+00  5.7484800000000E+10
 30  1.4760245756394E+00  3.6422029704358E-02  1.4129409648534E+00  1.6572125954947E+00  5.7484800000000E+10
 31  1.4116915225635E+00  1.7985810357153E-02  1.3793893991811E+00  1.5168191321815E+00  5.7484800000000E+10
 32  1.3734612610948E+00  7.9988074064471E-03  1.3580609606933E+00  1.4146114426280E+00  5.7484800000000E+10
 33  1.3518883053646E+00  3.1839338187944E-03  1.3431697308848E+00  1.3699505350819E+00  5.7484800000000E+10
 34  1.3329747040117E+00  2.6149213203515E-03  1.3244349144271E+00  1.3404736620703E+00  5.7484800000000E+10
 35  1.3131735178782E+00  2.9561963722278E-03  1.3034050279337E+00  1.3223707886427E+00  5.7484800000000E+10
 36  1.2929696050206E+00  3.0129698672023E-03  1.2826693157541E+00  1.3028620705735E+00  5.7484800000000E+10
 37  1.2727548681848E+00  2.8832994907221E-03  1.2633991806332E+00  1.2834622432259E+00  5.7484800000000E+10
 38  1.2525564974382E+00  2.6783335657981E-03  1.2440414754090E+00  1.2631521607882E+00  5.7484800000000E+10
 39  1.2323553166405E+00  2.4328619634828E-03  1.2245039960116E+00  1.2420641754360E+00  5.7484800000000E+10
 40  1.2121496506783E+00  2.1751267433374E-03  1.2053117994651E+00  1.2215345474292E+00  5.7484800000000E+10
 41  1.1919421565269E+00  1.9277200974521E-03  1.1860023212033E+00  1.2007498184810E+00  5.7484800000000E+10
 42  1.1717348615168E+00  1.7033937810448E-03  1.1664594859928E+00  1.1797175672707E+00  5.7484800000000E+10
 43  1.1515287166382E+00  1.5065490337402E-03  1.1468592598198E+00  1.1587812132192E+00  5.7484800000000E+10
 44  1.1313235009079E+00  1.3401837703290E-03  1.1269829429088E+00  1.1379615579918E+00  5.7484800000000E+10
 45  1.1111187530469E+00  1.1991549581473E-03  1.1073277208005E+00  1.1171367002409E+00  5.7484800000000E+10
 46  1.0909147911299E+00  1.0831582289136E-03  1.0877036629477E+00  1.0962592456250E+00  5.7484800000000E+10
 47  1.0707111076318E+00  9.9002950583586E-04  1.0677784734088E+00  1.0755574319972E+00  5.7484800000000E+10
 48  1.0505077873343E+00  9.1655403893941E-04  1.0479069515360E+00  1.0549447679381E+00  5.7484800000000E+10
 49  1.0303052148297E+00  8.5624774691835E-04  1.0281206451261E+00  1.0345086244257E+00  5.7484800000000E+10
 50  1.0101027303387E+00  8.1094827502921E-04  1.0082408644963E+00  1.0140515945064E+00  5.7484800000000E+10
 51  9.8989996141863E-01  7.7731888578787E-04  9.8816769455733E-01  9.9351930092486E-01  5.7484800000000E+10
 52  9.6969805033918E-01  7.4864772001518E-04  9.6787895478754E-01  9.7329399750676E-01  5.7484800000000E+10
 53  9.4949596514781E-01  7.1998667182981E-04  9.4775988770174E-01  9.5315682593456E-01  5.7484800000000E+10
 54  9.2929343762217E-01  6.9565071058948E-04  9.2765029664382E-01  9.3274107589191E-01  5.7484800000000E+10
 55  9.0909149838646E-01  6.7594337258869E-04  9.0749421001904E-01  9.1246780263817E-01  5.7484800000000E+10
 56  8.8888958323872E-01  6.5820548891321E-04  8.8722140216710E-01  8.9222944656992E-01  5.7484800000000E+10
 57  8.6868762927201E-01  6.4125501686411E-04  8.6704904212544E-01  8.7175592230168E-01  5.7484800000000E+10
 58  8.4848529015092E-01  6.2126915915024E-04  8.4676842487124E-01  8.5140798276446E-01  5.7484800000000E+10
 59  8.2828269708622E-01  6.1155718338707E-04  8.2630129027927E-01  8.3120767612741E-01  5.7484800000000E+10
 60  8.0808150732445E-01  6.0264612628341E-04  8.0627230804213E-01  8.1076496354550E-01  5.7484800000000E+10
 61  7.8787915433714E-01  5.8962318743703E-04  7.8632240474519E-01  7.9056721126114E-01  5.7484800000000E+10
 62  7.6767688940733E-01  5.7811629071120E-04  7.6617657043751E-01  7.7049445879318E-01  5.7484800000000E+10
 63  7.4747456003286E-01  5.7191770365406E-04  7.4596994698025E-01  7.5017132736443E-01  5.7484800000000E+10
 64  7.2727321566827E-01  5.6243531486542E-04  7.2567948586344E-01  7.3016523292973E-01  5.7484800000000E+10
 65  7.0707096424070E-01  5.5262283533564E-04  7.0542693941760E-01  7.0977288117379E-01  5.7484800000000E+10
 66  6.8686845633764E-01  5.5152358005642E-04  6.8514033913943E-01  6.8945558356770E-01  5.7484800000000E+10
 67  6.6666694808857E-01  5.4510490469211E-04  6.6510834848705E-01  6.6920400479375E-01  5.7484800000000E+10
 68  6.4646454603686E-01  5.3700037969920E-04  6.4494613796706E-01  6.4907907163430E-01  5.7484800000000E+10
 69  6.2626292709546E-01  5.2535470913393E-04  6.2455298570554E-01  6.2881677112499E-01  5.7484800000000E+10
 70  6.0606109062848E-01  5.1790481461783E-04  6.0459929534513E-01  6.0846875244636E-01  5.7484800000000E+10
 71  5.8585870817290E-01  5.1584145539934E-04  5.8433712030820E-01  5.8823759054601E-01  5.7484800000000E+10
 72  5.6565631221389E-01  5.0553755227083E-04  5.6400760399144E-01  5.6817441957337E-01  5.7484800000000E+10
 73  5.4545479407196E-01  5.0308851431712E-04  5.4359228167311E-01  5.4804973952110E-01  5.7484800000000E+10
 74  5.2525263094500E-01  5.0111729605271E-04  5.2340038455933E-01  5.2769612932365E-01  5.7484800000000E+10
 75  5.0505097984524E-01  4.8962169188422E-04  5.0353518026638E-01  5.0746869731140E-01  5.7484800000000E+10
 76  4.8484841562777E-01  4.8608891579929E-04  4.8345606544481E-01  4.8718096742307E-01  5.7484800000000E+10
 77  4.6464657963410E-01  4.7706737693661E-04  4.6315193461610E-01  4.6693598740779E-01  5.7484800000000E+10
 78  4.4444492316983E-01  4.6735876861461E-04  4.4276979711512E-01  4.4667793684059E-01  5.7484800000000E+10
 79  4.2424265749242E-01  4.5941170133869E-04  4.2258577300186E-01  4.2646386980771E-01  5.7484800000000E+10
 80  4.0404012308098E-01  4.5533423240748E-04  4.0242795193010E-01  4.0643324218805E-01  5.7484800000000E+10
 81  3.8383815092231E-01  4.6171230637165E-04  3.8202641383772E-01  3.8615201481607E-01  5.7484800000000E+10
 82  3.6363649989342E-01  4.6072146938626E-04  3.6174523320972E-01  3.6580006993270E-01  5.7484800000000E+10
 83  3.4343389681479E-01  4.6460201161648E-04  3.4136571118664E-01  3.4560570988066E-01  5.7484800000000E+10
 84  3.2323289427658E-01  4.6328213741622E-04  3.2127590519436E-01  3.2545591284338E-01  5.7484800000000E+10
 85  3.0303040643614E-01  4.5503820715278E-04  3.0110316951265E-01  3.0542989510288E-01  5.7484800000000E+10
 86  2.8282837264197E-01  4.4041221130618E-04  2.8094940038048E-01  2.8525540181414E-01  5.7484800000000E+10
 87  2.6262607346023E-01  4.4165577416072E-04  2.6106248902157E-01  2.6474464650030E-01  5.7484800000000E+10
 88  2.4242440955977E-01  4.3750802768224E-04  2.4099340524915E-01  2.4435980652594E-01  5.7484800000000E+10
 89  2.2222212593624E-01  4.3584407042162E-04  2.2058227255352E-01  2.2420000033754E-01  5.7484800000000E+10
 90  2.0202073067565E-01  4.2800725241625E-04  2.0016878825665E-01  2.0405430617522E-01  5.7484800000000E+10
 91  1.8181766189832E-01  4.2846790622936E-04  1.7958911224781E-01  1.8388717454602E-01  5.7484800000000E+10
 92  1.6161570940619E-01  4.4813385194418E-04  1.5977157265486E-01  1.6373947223596E-01  5.7484800000000E+10
 93  1.4141424454305E-01  4.5965918508580E-04  1.3956410410571E-01  1.4369152741079E-01  5.7484800000000E+10
 94  1.2121138579016E-01  4.6931761845207E-04  1.1930512325750E-01  1.2355489748624E-01  5.7484800000000E+10
 95  1.0101053151993E-01  4.7067076802950E-04  9.9174315418510E-02  1.0335297038940E-01  5.7484800000000E+10
 96  8.0815879208563E-02  4.6669574337029E-04  7.9124916632405E-02  8.3040045704106E-02  5.7484800000000E+10
 97  6.0628190867482E-02  4.4253785905458E-04  5.8963966623420E-02  6.2635381513579E-02  5.7484800000000E+10
 98  4.0262123223705E-02  4.2303937646315E-04  3.8788243755687E-02  4.2172391703089E-02  5.7484800000000E+10
 99  1.9118005348498E-02  5.0309651195482E-04  1.7266790111477E-02  2.0557871836113E-02  5.7484800000000E+10
100  1.2054502675544E-03  4.4969510447702E-04  3.0985484424981E-04  2.9389659397944E-03  5.7484800000000E+10
 
 field : TRAC02   ; Iter =      5760 ; region #   0 ; nb.Lev = 100
 k | --   Average    -- | --   Std.Dev    -- | --     min      -- | --     max      -- | --    Vol
  0  1.0000000013031E+00  4.6878714849338E-01  5.6271371169508E-03  1.4304179289306E+00  5.7484800000000E+12
  1  5.4201905188553E-02  4.1233950309378E-02  5.6271371169508E-03  2.7590365272754E-01  5.7484800000000E+10
  2  7.7485748452332E-02  4.6203176669397E-02  1.2496528710596E-02  3.2851025820182E-01  5.7484800000000E+10
  3  1.0330137844570E-01  5.1415262286231E-02  2.1380711899216E-02  3.5493720362794E-01  5.7484800000000E+10
  4  1.2690073720952E-01  5.5430437134165E-02  3.1837172371157E-02  4.2902550570542E-01  5.7484800000000E+10
  5  1.4944925179375E-01  5.7397221438220E-02  3.3302039260394E-02  4.2812219672260E-01  5.7484800000000E+10
  6  1.7236378244372E-01  5.8549325306684E-02  4.5795447018583E-02  4.6044635838882E-01  5.7484800000000E+10
  7  1.9499991947437E-01  5.8428023962986E-02  6.2451692069911E-02  4.8808618148485E-01  5.7484800000000E+10
  8  2.1654042155520E-01  5.8322307001559E-02  6.8818735766695E-02  4.8753371239985E-01  5.7484800000000E+10
  9  2.3699129369529E-01  5.9446137340311E-02  9.0882115347703E-02  4.8048832744556E-01  5.7484800000000E+10
 10  2.5676540254437E-01  6.1505012759864E-02  9.5984197743883E-02  4.8062640609456E-01  5.7484800000000E+10
 11  2.7624614232162E-01  6.3269908907079E-02  9.5301450382486E-02  4.8648239476422E-01  5.7484800000000E+10
 12  2.9563759409586E-01  6.4285496862619E-02  1.0555583653708E-01  5.0973832984276E-01  5.7484800000000E+10
 13  3.1351912027460E-01  6.4783960167485E-02  1.1280155135708E-01  5.1996619467464E-01  5.7484800000000E+10
 14  3.3018365313509E-01  6.6090165817136E-02  1.1144978911381E-01  5.5559487006155E-01  5.7484800000000E+10
 15  3.4479946855673E-01  6.7180200013951E-02  1.2862920432557E-01  5.7592063135766E-01  5.7484800000000E+10
 16  3.5727366857473E-01  6.4647377300422E-02  1.3945241067919E-01  5.6933954125225E-01  5.7484800000000E+10
 17  3.6827245217541E-01  6.1359054862747E-02  1.3618751175009E-01  5.5963419350837E-01  5.7484800000000E+10
 18  3.7875811391098E-01  5.8985921940460E-02  1.3569991142665E-01  5.7354974994290E-01  5.7484800000000E+10
 19  3.8927090615943E-01  5.8251454335245E-02  1.4447233164152E-01  5.8829021651621E-01  5.7484800000000E+10
 20  4.0040192336201E-01  5.8389124288826E-02  1.4520648807230E-01  5.8782624131247E-01  5.7484800000000E+10
 21  4.1256792470029E-01  5.9219145580894E-02  1.5609881230522E-01  6.1385582504460E-01  5.7484800000000E+10
 22  4.2591919694115E-01  5.9917974468233E-02  1.6536671071208E-01  6.2270220819740E-01  5.7484800000000E+10
 23  4.4008146757500E-01  6.1138611159805E-02  2.2420695926367E-01  6.2324732561754E-01  5.7484800000000E+10
 24  4.5502028500706E-01  6.2249760571066E-02  2.2410380987057E-01  6.6644912259646E-01  5.7484800000000E+10
 25  4.7130834371308E-01  6.3940705756294E-02  2.2290660585740E-01  6.7708355917646E-01  5.7484800000000E+10
 26  4.9035717133319E-01  6.4045141914572E-02  2.2751738413062E-01  6.8914646545099E-01  5.7484800000000E+10
 27  5.1473597619297E-01  6.3619747377383E-02  2.3932140705934E-01  7.0340533024400E-01  5.7484800000000E+10
 28  5.4732842024289E-01  6.4777828573354E-02  3.1179399953413E-01  7.2775732216554E-01  5.7484800000000E+10
 29  5.7772686523876E-01  6.8863225893321E-02  3.3220348436889E-01  7.3039444567935E-01  5.7484800000000E+10
 30  6.6579022756304E-01  5.5454120629092E-02  4.0348335605424E-01  7.6379389513872E-01  5.7484800000000E+10
 31  7.6560806847773E-01  2.7913878030618E-02  6.0740474234348E-01  8.1562216574435E-01  5.7484800000000E+10
 32  8.2474518289323E-01  1.2382100629732E-02  7.6089503103635E-01  8.4826915548627E-01  5.7484800000000E+10
 33  8.5723983749878E-01  4.7566684958635E-03  8.2998301016663E-01  8.7015137133175E-01  5.7484800000000E+10
 34  8.8482464121097E-01  3.7560458359484E-03  8.7416205598919E-01  8.9710437358363E-01  5.7484800000000E+10
 35  9.1302461594511E-01  4.1576328968014E-03  9.0001420961878E-01  9.2668083323792E-01  5.7484800000000E+10
 36  9.4103626968699E-01  4.1227413743743E-03  9.2742624318130E-01  9.5500195764811E-01  5.7484800000000E+10
 37  9.6819197736750E-01  3.8172283495428E-03  9.5391837442436E-01  9.8046651947656E-01  5.7484800000000E+10
 38  9.9440477528424E-01  3.4221593990767E-03  9.8077331469849E-01  1.0051847208067E+00  5.7484800000000E+10
 39  1.0196698007298E+00  2.9933403538702E-03  1.0076509513179E+00  1.0292354117181E+00  5.7484800000000E+10
 40  1.0439638294747E+00  2.5705650003387E-03  1.0328109909232E+00  1.0519707971030E+00  5.7484800000000E+10
 41  1.0672653111006E+00  2.1828157557927E-03  1.0572316879594E+00  1.0739318957279E+00  5.7484800000000E+10
 42  1.0895615436688E+00  1.8436990285031E-03  1.0808737960702E+00  1.0952218812632E+00  5.7484800000000E+10
 43  1.1108484381052E+00  1.5552648677332E-03  1.1033238170218E+00  1.1156239444393E+00  5.7484800000000E+10
 44  1.1311297165647E+00  1.3167450353989E-03  1.1245749440125E+00  1.1353618202705E+00  5.7484800000000E+10
 45  1.1504150955254E+00  1.1191496196846E-03  1.1447726876469E+00  1.1539307126819E+00  5.7484800000000E+10
 46  1.1687187028048E+00  9.5830842635021E-04  1.1639714694588E+00  1.1715416389822E+00  5.7484800000000E+10
 47  1.1860599191218E+00  8.2894480755474E-04  1.1819877462888E+00  1.1885010237468E+00  5.7484800000000E+10
 48  1.2024614461157E+00  7.2503233201530E-04  1.1989396857752E+00  1.2045084242679E+00  5.7484800000000E+10
 49  1.2179490983132E+00  6.3897844177260E-04  1.2148028365299E+00  1.2195745149556E+00  5.7484800000000E+10
 50  1.2325521863511E+00  5.7007647814666E-04  1.2297674895193E+00  1.2338516215916E+00  5.7484800000000E+10
 51  1.2463018326645E+00  5.1393718342497E-04  1.2439015276265E+00  1.2474416738209E+00  5.7484800000000E+10
 52  1.2592297969338E+00  4.6523517758457E-04  1.2569850286625E+00  1.2603528341758E+00  5.7484800000000E+10
 53  1.2713704555158E+00  4.1977476859713E-04  1.2692283100851E+00  1.2723810081138E+00  5.7484800000000E+10
 54  1.2827583789649E+00  3.8024128290584E-04  1.2808651478583E+00  1.2836490873446E+00  5.7484800000000E+10
 55  1.2934277962731E+00  3.4587114264842E-04  1.2916998052844E+00  1.2942455266461E+00  5.7484800000000E+10
 56  1.3034139046993E+00  3.1510202212915E-04  1.3018059608470E+00  1.3042143078581E+00  5.7484800000000E+10
 57  1.3127513800961E+00  2.8695601063437E-04  1.3113767624576E+00  1.3134813070152E+00  5.7484800000000E+10
 58  1.3214745019021E+00  2.5956138665767E-04  1.3202464268621E+00  1.3221921526305E+00  5.7484800000000E+10
 59  1.3296167048570E+00  2.3821950122404E-04  1.3284716517865E+00  1.3303821376462E+00  5.7484800000000E+10
 60  1.3372100023151E+00  2.1896177116333E-04  1.3362317288456E+00  1.3378671666618E+00  5.7484800000000E+10
 61  1.3442870402972E+00  1.9956420893522E-04  1.3433754268953E+00  1.3448125784754E+00  5.7484800000000E+10
 62  1.3508779464152E+00  1.8217187161786E-04  1.3499882148293E+00  1.3513474651179E+00  5.7484800000000E+10
 63  1.3570121879408E+00  1.6761892063728E-04  1.3562209809088E+00  1.3574488044236E+00  5.7484800000000E+10
 64  1.3627177051414E+00  1.5337615379295E-04  1.3619294637650E+00  1.3631528617416E+00  5.7484800000000E+10
 65  1.3680219968934E+00  1.3998878891832E-04  1.3673302265299E+00  1.3684364704118E+00  5.7484800000000E+10
 66  1.3729505515063E+00  1.2971081309105E-04  1.3723388069400E+00  1.3733562886050E+00  5.7484800000000E+10
 67  1.3775274879602E+00  1.1912584364456E-04  1.3769742949197E+00  1.3778672220322E+00  5.7484800000000E+10
 68  1.3817763970611E+00  1.0887000278378E-04  1.3812450806249E+00  1.3820806218432E+00  5.7484800000000E+10
 69  1.3857188216077E+00  9.8872761870796E-05  1.3852349011096E+00  1.3860406475256E+00  5.7484800000000E+10
 70  1.3893756461061E+00  9.0318406328101E-05  1.3889556739882E+00  1.3896299371366E+00  5.7484800000000E+10
 71  1.3927663931611E+00  8.3457821478563E-05  1.3923806199888E+00  1.3930109776754E+00  5.7484800000000E+10
 72  1.3959092870846E+00  7.5782698520024E-05  1.3955323194759E+00  1.3961541348999E+00  5.7484800000000E+10
 73  1.3988214364332E+00  6.9841346697381E-05  1.3984606383380E+00  1.3990781501226E+00  5.7484800000000E+10
 74  1.4015192195185E+00  6.4451547935193E-05  1.4012036835981E+00  1.4017562437030E+00  5.7484800000000E+10
 75  1.4040176039904E+00  5.8340362083263E-05  1.4037300376363E+00  1.4041990944749E+00  5.7484800000000E+10
 76  1.4063309256951E+00  5.3559779538590E-05  1.4060720043972E+00  1.4064841965821E+00  5.7484800000000E+10
 77  1.4084722368866E+00  4.8705769169917E-05  1.4082389586047E+00  1.4086244580822E+00  5.7484800000000E+10
 78  1.4104539658910E+00  4.4128185644537E-05  1.4102419812733E+00  1.4106111628550E+00  5.7484800000000E+10
 79  1.4122877206482E+00  4.0152032554508E-05  1.4120931727035E+00  1.4124319399696E+00  5.7484800000000E+10
 80  1.4139842136213E+00  3.6785196786191E-05  1.4137901193013E+00  1.4141135441367E+00  5.7484800000000E+10
 81  1.4155533981669E+00  3.4478517876975E-05  1.4153794622473E+00  1.4156886768510E+00  5.7484800000000E+10
 82  1.4170046213578E+00  3.1875774655790E-05  1.4168554026565E+00  1.4171344155299E+00  5.7484800000000E+10
 83  1.4183466474679E+00  2.9665356554444E-05  1.4182077264768E+00  1.4184779725090E+00  5.7484800000000E+10
 84  1.4195873746509E+00  2.7405678339159E-05  1.4194554975622E+00  1.4197021072703E+00  5.7484800000000E+10
 85  1.4207344829840E+00  2.4861461020091E-05  1.4206035423336E+00  1.4208393546368E+00  5.7484800000000E+10
 86  1.4217948120768E+00  2.2251670059416E-05  1.4216713968166E+00  1.4218893745580E+00  5.7484800000000E+10
 87  1.4227748624836E+00  2.0591409944756E-05  1.4226758047055E+00  1.4228480305389E+00  5.7484800000000E+10
 88  1.4236805850675E+00  1.8878248124305E-05  1.4235962829665E+00  1.4237414565468E+00  5.7484800000000E+10
 89  1.4245175947257E+00  1.7353641796695E-05  1.4244383908823E+00  1.4245817023402E+00  5.7484800000000E+10
 90  1.4252909827937E+00  1.5781940748541E-05  1.4252163187458E+00  1.4253590345918E+00  5.7484800000000E+10
 91  1.4260056206196E+00  1.4566309991600E-05  1.4259347123026E+00  1.4260806983377E+00  5.7484800000000E+10
 92  1.4266658352922E+00  1.4075107125820E-05  1.4265987452484E+00  1.4267245900866E+00  5.7484800000000E+10
 93  1.4272757527206E+00  1.3351024654207E-05  1.4272093962192E+00  1.4273290242219E+00  5.7484800000000E+10
 94  1.4278392213027E+00  1.2580092982432E-05  1.4277763882444E+00  1.4278902400525E+00  5.7484800000000E+10
 95  1.4283596704831E+00  1.1667999340833E-05  1.4283013311996E+00  1.4284052424501E+00  5.7484800000000E+10
 96  1.4288403055653E+00  1.0671291571980E-05  1.4287892133197E+00  1.4288792872356E+00  5.7484800000000E+10
 97  1.4292841081823E+00  9.3398310204654E-06  1.4292421367904E+00  1.4293192103692E+00  5.7484800000000E+10
 98  1.4296969983051E+00  8.2129869215369E-06  1.4296593281234E+00  1.4297254951516E+00  5.7484800000000E+10
 99  1.4300916643296E+00  8.7692035936479E-06  1.4300666689936E+00  1.4301237884676E+00  5.7484800000000E+10
100  1.4304028355374E+00  7.5769144513692E-06  1.4303735188990E+00  1.4304179289306E+00  5.7484800000000E+10
 
 field : TRAC03   ; Iter =      5760 ; region #   0 ; nb.Lev = 100
 k | --   Average    -- | --   Std.Dev    -- | --     min      -- | --     max      -- | --    Vol
  0  1.0000000069059E+00  1.0250109147531E+00  1.6055943482354E-08  2.8956031510911E+00  5.7484800000000E+12
  1  9.4769860002443E-01  2.0131888031930E-01  6.8660297478517E-01  1.9174219371147E+00  5.7484800000000E+10
  2  1.0704428185597E+00  2.1831062142889E-01  7.2578983237280E-01  2.0813915846178E+00  5.7484800000000E+10
  3  1.2036732558811E+00  2.3487566336119E-01  7.8840066524753E-01  2.2599963958192E+00  5.7484800000000E+10
  4  1.3222449174616E+00  2.4615687393841E-01  8.4238131579659E-01  2.5572470800236E+00  5.7484800000000E+10
  5  1.4321805405360E+00  2.4787962194217E-01  8.4821807312137E-01  2.5521501942926E+00  5.7484800000000E+10
  6  1.5398872621411E+00  2.4482731602394E-01  9.1692186434353E-01  2.5796192937753E+00  5.7484800000000E+10
  7  1.6420612145360E+00  2.3558734193743E-01  9.8308366644719E-01  2.6160008172344E+00  5.7484800000000E+10
  8  1.7349669687952E+00  2.2835512922768E-01  1.0095179506929E+00  2.6143880460429E+00  5.7484800000000E+10
  9  1.8189634227627E+00  2.2800869604473E-01  1.1132828217111E+00  2.6449179605058E+00  5.7484800000000E+10
 10  1.8963235752396E+00  2.3131683968626E-01  1.2033349854590E+00  2.6453540464753E+00  5.7484800000000E+10
 11  1.9696511697421E+00  2.3342963161909E-01  1.1982003626164E+00  2.6878420300960E+00  5.7484800000000E+10
 12  2.0405714376296E+00  2.3253052145957E-01  1.2427240628644E+00  2.7012340903712E+00  5.7484800000000E+10
 13  2.1038475752695E+00  2.2995257390275E-01  1.2652733868985E+00  2.7146192635909E+00  5.7484800000000E+10
 14  2.1606185539966E+00  2.2996170614071E-01  1.2852941096762E+00  2.7413157207623E+00  5.7484800000000E+10
 15  2.2095413145534E+00  2.2935148751355E-01  1.3419480696642E+00  2.8069568111533E+00  5.7484800000000E+10
 16  2.2504814898969E+00  2.1633787144010E-01  1.4460203315292E+00  2.8027549018239E+00  5.7484800000000E+10
 17  2.2856591135839E+00  2.0184386487560E-01  1.4271852441109E+00  2.7806567962296E+00  5.7484800000000E+10
 18  2.3177597258032E+00  1.9170007356922E-01  1.4237186943640E+00  2.8306557415664E+00  5.7484800000000E+10
 19  2.3482932001696E+00  1.8621993643448E-01  1.4600938006347E+00  2.8492751961401E+00  5.7484800000000E+10
 20  2.3792323168798E+00  1.8242146483159E-01  1.4632117409552E+00  2.8627202049593E+00  5.7484800000000E+10
 21  2.4110677108563E+00  1.8064463202467E-01  1.5188967471382E+00  2.8896322545505E+00  5.7484800000000E+10
 22  2.4439277284044E+00  1.7785815943803E-01  1.5433480689664E+00  2.8941268264959E+00  5.7484800000000E+10
 23  2.4769843954943E+00  1.7458328216888E-01  1.6908145400945E+00  2.8892910824911E+00  5.7484800000000E+10
 24  2.5098230769472E+00  1.7085319479944E-01  1.7405481668667E+00  2.8911415882875E+00  5.7484800000000E+10
 25  2.5433660650339E+00  1.6766744654906E-01  1.7367411726175E+00  2.8914641166356E+00  5.7484800000000E+10
 26  2.5795618484675E+00  1.5938049259537E-01  1.7509535097807E+00  2.8935454449614E+00  5.7484800000000E+10
 27  2.6212512796162E+00  1.4878923877747E-01  1.8435264895043E+00  2.8914641166356E+00  5.7484800000000E+10
 28  2.6670795041027E+00  1.3486272867032E-01  2.0511152676205E+00  2.8914641166356E+00  5.7484800000000E+10
 29  2.6948808684731E+00  1.2846721484502E-01  2.0961398849984E+00  2.8956031510911E+00  5.7484800000000E+10
 30  2.7386952724772E+00  7.4455586325134E-02  2.2253212041989E+00  2.8685552078516E+00  5.7484800000000E+10
 31  2.7196787218761E+00  2.6541027277405E-02  2.5981061376987E+00  2.8063953399367E+00  5.7484800000000E+10
 32  2.6463037584719E+00  1.6949592770761E-02  2.5949275495191E+00  2.7298733354972E+00  5.7484800000000E+10
 33  2.5509038803032E+00  1.5748399667530E-02  2.5126197530168E+00  2.6301719560594E+00  5.7484800000000E+10
 34  2.4490344885647E+00  1.5111961517910E-02  2.4035391613753E+00  2.4996067633540E+00  5.7484800000000E+10
 35  2.3411600274195E+00  1.6326239707961E-02  2.2865973257176E+00  2.3910959998466E+00  5.7484800000000E+10
 36  2.2271708900933E+00  1.7245297957918E-02  2.1671027584160E+00  2.2833230529994E+00  5.7484800000000E+10
 37  2.1081070103481E+00  1.7227289554872E-02  2.0517500929165E+00  2.1715703957654E+00  5.7484800000000E+10
 38  1.9854102696767E+00  1.6431897370327E-02  1.9329872857691E+00  2.0501509970233E+00  5.7484800000000E+10
 39  1.8604934571415E+00  1.5116803423709E-02  1.8116572865495E+00  1.9207504753925E+00  5.7484800000000E+10
 40  1.7347137489941E+00  1.3544341679347E-02  1.6921879427070E+00  1.7931776920498E+00  5.7484800000000E+10
 41  1.6093548184554E+00  1.1914046129637E-02  1.5727462295839E+00  1.6638806934803E+00  5.7484800000000E+10
 42  1.4856035424761E+00  1.0352801401531E-02  1.4536770126769E+00  1.5342452735806E+00  5.7484800000000E+10
 43  1.3645302481516E+00  8.9256071075930E-03  1.3370457894489E+00  1.4076352179300E+00  5.7484800000000E+10
 44  1.2470750748261E+00  7.6749171031984E-03  1.2223767831010E+00  1.2852305937796E+00  5.7484800000000E+10
 45  1.1340459855296E+00  6.5850189856638E-03  1.1133565754083E+00  1.1672260298673E+00  5.7484800000000E+10
 46  1.0261201726666E+00  5.6587893259839E-03  1.0094620371079E+00  1.0541516614348E+00  5.7484800000000E+10
 47  9.2383498413223E-01  4.8842444191190E-03  9.0947341027235E-01  9.4783677175573E-01  5.7484800000000E+10
 48  8.2759829702657E-01  4.2388590750434E-03  8.1565285762308E-01  8.4820021898259E-01  5.7484800000000E+10
 49  7.3769161192970E-01  3.6865765306007E-03  7.2833043051218E-01  7.5585722466187E-01  5.7484800000000E+10
 50  6.5427233909356E-01  3.2283064788759E-03  6.4694164180344E-01  6.7005718886231E-01  5.7484800000000E+10
 51  5.7739060789256E-01  2.8411895994743E-03  5.7110712849171E-01  5.9067581826922E-01  5.7484800000000E+10
 52  5.0700409649883E-01  2.4983619705943E-03  5.0099774052428E-01  5.1908354237502E-01  5.7484800000000E+10
 53  4.4297685195219E-01  2.1777648864840E-03  4.3774291663755E-01  4.5411070325278E-01  5.7484800000000E+10
 54  3.8510342795419E-01  1.8962771614967E-03  3.8068850671320E-01  3.9457056446286E-01  5.7484800000000E+10
 55  3.3312228163588E-01  1.6490699544267E-03  3.2922109457437E-01  3.4136096525855E-01  5.7484800000000E+10
 56  2.8672014649868E-01  1.4293789112452E-03  2.8308519452771E-01  2.9404471787928E-01  5.7484800000000E+10
 57  2.4555035507088E-01  1.2321479513558E-03  2.4242844466155E-01  2.5145670859889E-01  5.7484800000000E+10
 58  2.0924246482165E-01  1.0493208713061E-03  2.0634041072096E-01  2.1423267357874E-01  5.7484800000000E+10
 59  1.7741318651866E-01  9.0153786258059E-04  1.7453955562806E-01  1.8176644220555E-01  5.7484800000000E+10
 60  1.4967697242779E-01  7.7269261262034E-04  1.4735832514565E-01  1.5313975809772E-01  5.7484800000000E+10
 61  1.2564573464303E-01  6.5292198375300E-04  1.2392711020063E-01  1.2863401649942E-01  5.7484800000000E+10
 62  1.0494656452199E-01  5.4980092672789E-04  1.0353908629180E-01  1.0763597430812E-01  5.7484800000000E+10
 63  8.7220024560317E-02  4.6407551457540E-04  8.6025398917893E-02  8.9412859920955E-02  5.7484800000000E+10
 64  7.2126613549228E-02  3.8799278944362E-04  7.1022808224486E-02  7.4117283756428E-02  5.7484800000000E+10
 65  5.9346936408941E-02  3.2144630995502E-04  5.8400665126360E-02  6.0956297641740E-02  5.7484800000000E+10
 66  4.8587747729154E-02  2.6897273563830E-04  4.7746065425809E-02  4.9864060984531E-02  5.7484800000000E+10
 67  3.9580997980763E-02  2.2233814573864E-04  3.8948474427117E-02  4.0609558497537E-02  5.7484800000000E+10
 68  3.2082571503735E-02  1.8161763265475E-04  3.1583293309215E-02  3.2971068561069E-02  5.7484800000000E+10
 69  2.5875044421379E-02  1.4693526774367E-04  2.5395665310046E-02  2.6601161361795E-02  5.7484800000000E+10
 70  2.0764292979739E-02  1.1867904392777E-04  2.0427644791576E-02  2.1320364740479E-02  5.7484800000000E+10
 71  1.6579631164175E-02  9.6691462847217E-05  1.6298863375119E-02  1.7028140007820E-02  5.7484800000000E+10
 72  1.3172144165438E-02  7.6902585002335E-05  1.2926584866052E-02  1.3552403689002E-02  5.7484800000000E+10
 73  1.0412720639818E-02  6.1720458843964E-05  1.0187356890674E-02  1.0731279548908E-02  5.7484800000000E+10
 74  8.1900850357973E-03  4.9398235173221E-05  8.0087842158477E-03  8.4328763709941E-03  5.7484800000000E+10
 75  6.4096387901551E-03  3.8605223702887E-05  6.2871108934537E-03  6.5982244159277E-03  5.7484800000000E+10
 76  4.9910165080384E-03  3.0346581948060E-05  4.9035328922496E-03  5.1400752033895E-03  5.7484800000000E+10
 77  3.8668641923078E-03  2.3615367185491E-05  3.7925649440699E-03  3.9789133888232E-03  5.7484800000000E+10
 78  2.9808192784916E-03  1.8152732420618E-05  2.9163933074885E-03  3.0687647302387E-03  5.7484800000000E+10
 79  2.2861585277795E-03  1.3973494264485E-05  2.2357787993875E-03  2.3543082407142E-03  5.7484800000000E+10
 80  1.7444663952532E-03  1.0746832022172E-05  1.7065951693803E-03  1.8015042440013E-03  5.7484800000000E+10
 81  1.3243226886866E-03  8.4135788913349E-06  1.2910520395161E-03  1.3671892982441E-03  5.7484800000000E+10
 82  1.0001824910281E-03  6.5006577778596E-06  9.7381990323739E-04  1.0303027146148E-03  5.7484800000000E+10
 83  7.5141895332151E-04  4.9844195277486E-06  7.2937367840231E-04  7.7456559048978E-04  5.7484800000000E+10
 84  5.6153803114531E-04  3.8119280752114E-06  5.4550211550160E-04  5.7982723446655E-04  5.7484800000000E+10
 85  4.1734771425540E-04  2.8248109794697E-06  4.0536025922542E-04  4.3207858401922E-04  5.7484800000000E+10
 86  3.0844295652053E-04  2.0622462127974E-06  2.9960330186901E-04  3.1994125708196E-04  5.7484800000000E+10
 87  2.2661842797061E-04  1.5416371419948E-06  2.2090425946537E-04  2.3405872683004E-04  5.7484800000000E+10
 88  1.6546631716368E-04  1.1460011172545E-06  1.6184741992324E-04  1.7062859805126E-04  5.7484800000000E+10
 89  1.2000099393560E-04  8.4247119489173E-07  1.1700840826809E-04  1.2388599539587E-04  5.7484800000000E+10
 90  8.6377748807960E-05  6.1608279249382E-07  8.3723644536557E-05  8.9221490066826E-05  5.7484800000000E+10
 91  6.1638971640909E-05  4.4925409578800E-07  5.9349279780938E-05  6.3865421487118E-05  5.7484800000000E+10
 92  4.3534308948903E-05  3.4295923580479E-07  4.2021673960788E-05  4.5195733721924E-05  5.7484800000000E+10
 93  3.0353249539711E-05  2.5639746336100E-07  2.9330857263011E-05  3.1625530695175E-05  5.7484800000000E+10
 94  2.0806058824817E-05  1.8822505302202E-07  2.0033020867806E-05  2.1720532321310E-05  5.7484800000000E+10
 95  1.3927927352244E-05  1.3629647418859E-07  1.3384768254120E-05  1.4598912087423E-05  5.7484800000000E+10
 96  8.9983040309012E-06  9.6007593649769E-08  8.6302381658380E-06  9.4520493430697E-06  5.7484800000000E+10
 97  5.4841777899893E-06  6.4537677986087E-08  5.2364673504009E-06  5.7558087369328E-06  5.7484800000000E+10
 98  2.9820995385596E-06  4.3624643687125E-08  2.8282280685541E-06  3.1816933906930E-06  5.7484800000000E+10
 99  1.1713815299055E-06  3.3409981856389E-08  1.0507663123624E-06  1.2685281692753E-06  5.7484800000000E+10
100  6.3009649651162E-08  2.3518544368842E-08  1.6055943482354E-08  1.5562447031030E-07  5.7484800000000E+10
 
 field : TRAC04   ; Iter =      5760 ; region #   0 ; nb.Lev = 100
 k | --   Average    -- | --   Std.Dev    -- | --     min      -- | --     max      -- | --    Vol
  0  1.0019835959163E+00  9.2349582354117E-01  1.0263863992717E-03  4.3937602200697E+00  5.7484800000000E+12
  1  2.7317649973097E+00  1.3036515932988E+00  1.4623886413638E-02  4.3937602200697E+00  5.7484800000000E+10
  2  2.6448782393163E+00  1.2594127464876E+00  1.4127189775405E-02  4.3429888434694E+00  5.7484800000000E+10
  3  2.5547116970944E+00  1.2165405656201E+00  1.3448031401187E-02  4.2474192508350E+00  5.7484800000000E+10
  4  2.4782993532443E+00  1.1808017207623E+00  1.2562137902799E-02  4.1553911398325E+00  5.7484800000000E+10
  5  2.4077241601343E+00  1.1460060195394E+00  1.1743404781099E-02  4.0358614334891E+00  5.7484800000000E+10
  6  2.3392981986549E+00  1.1115246794510E+00  1.0497875723870E-02  3.9482970110610E+00  5.7484800000000E+10
  7  2.2749978575581E+00  1.0784122645341E+00  9.3893845947943E-03  3.8674335192365E+00  5.7484800000000E+10
  8  2.2161451600169E+00  1.0477877796096E+00  9.3024928344304E-03  3.8358949385004E+00  5.7484800000000E+10
  9  2.1619632078367E+00  1.0199989117678E+00  9.3060514722532E-03  3.8079094578898E+00  5.7484800000000E+10
 10  2.1118934918197E+00  9.9541103705372E-01  9.3402061259606E-03  3.7723509056192E+00  5.7484800000000E+10
 11  2.0643429159859E+00  9.7289041983660E-01  9.4126675205747E-03  3.7164769558071E+00  5.7484800000000E+10
 12  2.0184883791597E+00  9.5189833954794E-01  9.5246346430716E-03  3.6801615420178E+00  5.7484800000000E+10
 13  1.9773305588417E+00  9.3423052368910E-01  9.6455552523822E-03  3.6693363127815E+00  5.7484800000000E+10
 14  1.9404095640835E+00  9.1926131204018E-01  9.7276656376186E-03  3.6694874062642E+00  5.7484800000000E+10
 15  1.9086075643098E+00  9.0678323058461E-01  9.7756992320525E-03  3.6680547469827E+00  5.7484800000000E+10
 16  1.8821825523573E+00  8.9656793083668E-01  9.8466564631789E-03  3.6713166987962E+00  5.7484800000000E+10
 17  1.8592447926228E+00  8.8732685652908E-01  9.9478589625801E-03  3.6847218876584E+00  5.7484800000000E+10
 18  1.8375326749234E+00  8.7804813946215E-01  1.0068105725042E-02  3.6874360126127E+00  5.7484800000000E+10
 19  1.8155501406445E+00  8.6768682811380E-01  1.0169410929731E-02  3.6057331263313E+00  5.7484800000000E+10
 20  1.7919242760181E+00  8.5552931916383E-01  1.0189228791762E-02  3.3393807580530E+00  5.7484800000000E+10
 21  1.7674939998027E+00  8.4403752014355E-01  1.0151117704482E-02  3.2636264217287E+00  5.7484800000000E+10
 22  1.7426725922758E+00  8.3363420212973E-01  1.0123717516255E-02  3.2622478621649E+00  5.7484800000000E+10
 23  1.7178756400002E+00  8.2348798467385E-01  1.0177782117718E-02  3.2665851091653E+00  5.7484800000000E+10
 24  1.6923986479860E+00  8.1325162532300E-01  1.0324827947396E-02  3.2684847560726E+00  5.7484800000000E+10
 25  1.6647522106347E+00  8.0225415457426E-01  1.0412099662841E-02  3.2742105280358E+00  5.7484800000000E+10
 26  1.6339713270424E+00  7.8971850540236E-01  1.0062547261212E-02  3.2737138523743E+00  5.7484800000000E+10
 27  1.5969248739054E+00  7.7396920734852E-01  9.0052001502584E-03  3.2184374900781E+00  5.7484800000000E+10
 28  1.5490830895916E+00  7.5079803744510E-01  8.1559380487058E-03  3.0516784087369E+00  5.7484800000000E+10
 29  1.5008511294482E+00  7.2695726358425E-01  8.1378470760053E-03  3.0516784087369E+00  5.7484800000000E+10
 30  1.3940048577111E+00  6.7491883174429E-01  7.8597277183280E-03  2.7800003412882E+00  5.7484800000000E+10
 31  1.2843102684970E+00  6.2003621583226E-01  7.0066645614051E-03  2.1675751867076E+00  5.7484800000000E+10
 32  1.2260653895435E+00  5.9055081049905E-01  6.4936362997653E-03  1.9443846118214E+00  5.7484800000000E+10
 33  1.1989315299962E+00  5.7692265544300E-01  6.3454157740564E-03  1.8941038555124E+00  5.7484800000000E+10
 34  1.1752309855661E+00  5.6563244131666E-01  6.0947371562726E-03  1.8444140562496E+00  5.7484800000000E+10
 35  1.1478815407143E+00  5.5265296653504E-01  5.8884558188099E-03  1.7956271336562E+00  5.7484800000000E+10
 36  1.1185756314119E+00  5.3857514547439E-01  5.7746928120258E-03  1.7482324482407E+00  5.7484800000000E+10
 37  1.0890962292101E+00  5.2433476315740E-01  5.5498444869934E-03  1.7018437188977E+00  5.7484800000000E+10
 38  1.0600497622705E+00  5.1028135601249E-01  5.3807505257759E-03  1.6568675208178E+00  5.7484800000000E+10
 39  1.0316421131911E+00  4.9652927695587E-01  5.3264135295886E-03  1.6132992231527E+00  5.7484800000000E+10
 40  1.0039753779692E+00  4.8313915702198E-01  5.1616541277823E-03  1.5707755958729E+00  5.7484800000000E+10
 41  9.7709087879987E-01  4.7013571176734E-01  4.9812622432590E-03  1.5294049503369E+00  5.7484800000000E+10
 42  9.5099093670589E-01  4.5752018820823E-01  4.8269074044209E-03  1.4892534867351E+00  5.7484800000000E+10
 43  9.2565542423850E-01  4.4528319532339E-01  4.7119950613016E-03  1.4499832135602E+00  5.7484800000000E+10
 44  9.0105416847481E-01  4.3341090966831E-01  4.6084169115675E-03  1.4116894419993E+00  5.7484800000000E+10
 45  8.7715570626795E-01  4.2188632634223E-01  4.4398744066565E-03  1.3748693535106E+00  5.7484800000000E+10
 46  8.5393182576184E-01  4.1069247819931E-01  4.3286477606999E-03  1.3384255596449E+00  5.7484800000000E+10
 47  8.3135405872402E-01  3.9981515844488E-01  4.2379573885898E-03  1.3032308652907E+00  5.7484800000000E+10
 48  8.0939775971522E-01  3.8924126409625E-01  4.1090808919476E-03  1.2689937217106E+00  5.7484800000000E+10
 49  7.8803995369618E-01  3.7895942387835E-01  3.9795367699405E-03  1.2355021001672E+00  5.7484800000000E+10
 50  7.6725895299714E-01  3.6895803136055E-01  3.9137835644727E-03  1.2030308221952E+00  5.7484800000000E+10
 51  7.4703665245288E-01  3.5922726660052E-01  3.8386505474706E-03  1.1717003061825E+00  5.7484800000000E+10
 52  7.2735554894201E-01  3.4975813751726E-01  3.7379718575196E-03  1.1409262750443E+00  5.7484800000000E+10
 53  7.0819794668849E-01  3.4054305560561E-01  3.6505487572504E-03  1.1106552001234E+00  5.7484800000000E+10
 54  6.8954872403746E-01  3.3157397743717E-01  3.4836630833565E-03  1.0813923212445E+00  5.7484800000000E+10
 55  6.7139473676256E-01  3.2284198030743E-01  3.3976838965280E-03  1.0529403274962E+00  5.7484800000000E+10
 56  6.5372061839566E-01  3.1434125659413E-01  3.3807036069639E-03  1.0252952170441E+00  5.7484800000000E+10
 57  6.3651344525925E-01  3.0606581507165E-01  3.2507673940788E-03  9.9818710217695E-01  5.7484800000000E+10
 58  6.1975970768806E-01  2.9800996858894E-01  3.1279897711989E-03  9.7192863919240E-01  5.7484800000000E+10
 59  6.0344824924163E-01  2.9016672145472E-01  3.0658359567556E-03  9.4658229749220E-01  5.7484800000000E+10
 60  5.8756759513776E-01  2.8253038589411E-01  2.9943399588895E-03  9.2164586014268E-01  5.7484800000000E+10
 61  5.7210413315751E-01  2.7509487683909E-01  2.8778601030231E-03  8.9730343903599E-01  5.7484800000000E+10
 62  5.5704875463312E-01  2.6785484005447E-01  2.8100244724025E-03  8.7386142183341E-01  5.7484800000000E+10
 63  5.4238979852558E-01  2.6080584247045E-01  2.7822763250606E-03  8.5057524614056E-01  5.7484800000000E+10
 64  5.2811675479642E-01  2.5394279899150E-01  2.6932954801139E-03  8.2840550331501E-01  5.7484800000000E+10
 65  5.1421901583299E-01  2.4726096175750E-01  2.6052605162531E-03  8.0669117745482E-01  5.7484800000000E+10
 66  5.0068738686553E-01  2.4075447174614E-01  2.5390202248715E-03  7.8546477026644E-01  5.7484800000000E+10
 67  4.8751221101987E-01  2.3441877848370E-01  2.4735754413241E-03  7.6480926697481E-01  5.7484800000000E+10
 68  4.7468312718182E-01  2.2825018737906E-01  2.4028841254964E-03  7.4474499481482E-01  5.7484800000000E+10
 69  4.6219257768876E-01  2.2224416827641E-01  2.3766546830756E-03  7.2502135512445E-01  5.7484800000000E+10
 70  4.5003016755621E-01  2.1639637767497E-01  2.3069933533331E-03  7.0602855518191E-01  5.7484800000000E+10
 71  4.3818759101544E-01  2.1070242192085E-01  2.2143385488482E-03  6.8743514136342E-01  5.7484800000000E+10
 72  4.2665704596648E-01  2.0515753317715E-01  2.1636557200220E-03  6.6930889585024E-01  5.7484800000000E+10
 73  4.1542997893617E-01  1.9975915323807E-01  2.0937098422092E-03  6.5166995618027E-01  5.7484800000000E+10
 74  4.0449794765683E-01  1.9450304514384E-01  2.0606399114582E-03  6.3452513558343E-01  5.7484800000000E+10
 75  3.9385408324476E-01  1.8938529433084E-01  1.9964885261195E-03  6.1793615606696E-01  5.7484800000000E+10
 76  3.8348993654630E-01  1.8440181941337E-01  1.9316125805319E-03  6.0155343516418E-01  5.7484800000000E+10
 77  3.7339876480420E-01  1.7954914578283E-01  1.8911547051329E-03  5.8567007222908E-01  5.7484800000000E+10
 78  3.6357303568206E-01  1.7482448131374E-01  1.8449844414032E-03  5.7033635988546E-01  5.7484800000000E+10
 79  3.5400584258764E-01  1.7022430784643E-01  1.7977374388319E-03  5.5536879447700E-01  5.7484800000000E+10
 80  3.4469009723018E-01  1.6574531661296E-01  1.7377936279975E-03  5.4082076539043E-01  5.7484800000000E+10
 81  3.3561960956321E-01  1.6138401068141E-01  1.6917694183882E-03  5.2642555074721E-01  5.7484800000000E+10
 82  3.2678829087833E-01  1.5713733123703E-01  1.6721193311613E-03  5.1268226126350E-01  5.7484800000000E+10
 83  3.1818901044305E-01  1.5300211981776E-01  1.6190721875206E-03  4.9927104799564E-01  5.7484800000000E+10
 84  3.0981639175819E-01  1.4897595312358E-01  1.5692771521081E-03  4.8614283825839E-01  5.7484800000000E+10
 85  3.0166347622207E-01  1.4505604745515E-01  1.5351244839438E-03  4.7332440335280E-01  5.7484800000000E+10
 86  2.9372548171047E-01  1.4123939630227E-01  1.4823452423733E-03  4.6085723523335E-01  5.7484800000000E+10
 87  2.8599614240734E-01  1.3752258988080E-01  1.4420182666049E-03  4.4875050997091E-01  5.7484800000000E+10
 88  2.7847030854598E-01  1.3390380060959E-01  1.4102506554068E-03  4.3709781022277E-01  5.7484800000000E+10
 89  2.7114251355357E-01  1.3038007721543E-01  1.3636617120452E-03  4.2547305672540E-01  5.7484800000000E+10
 90  2.6400767791802E-01  1.2694933072682E-01  1.3435329920041E-03  4.1424381515357E-01  5.7484800000000E+10
 91  2.5706022385351E-01  1.2360895376002E-01  1.3045331531115E-03  4.0344885108804E-01  5.7484800000000E+10
 92  2.5029583783079E-01  1.2035606211176E-01  1.2661469025876E-03  3.9272279594530E-01  5.7484800000000E+10
 93  2.4370944361049E-01  1.1718904857679E-01  1.2448821068268E-03  3.8234556418314E-01  5.7484800000000E+10
 94  2.3729624690116E-01  1.1410536342928E-01  1.2020944322564E-03  3.7242443853100E-01  5.7484800000000E+10
 95  2.3105213636758E-01  1.1110283772298E-01  1.1708784266094E-03  3.6270458951925E-01  5.7484800000000E+10
 96  2.2497458240937E-01  1.0818074660783E-01  1.1427146507548E-03  3.5299769362873E-01  5.7484800000000E+10
 97  2.1905846145528E-01  1.0533602260791E-01  1.1042405317237E-03  3.4385950453708E-01  5.7484800000000E+10
 98  2.1324460700698E-01  1.0253769087290E-01  1.0715622255781E-03  3.3475836410880E-01  5.7484800000000E+10
 99  2.0736871652867E-01  9.9700176891972E-02  1.0773545649031E-03  3.2548476194824E-01  5.7484800000000E+10
100  2.0256231304799E-01  9.7400075649306E-02  1.0263863992717E-03  3.1748961750669E-01  5.7484800000000E+10
 
 field : TRAC05   ; Iter =      5760 ; region #   0 ; nb.Lev = 100
 k | --   Average    -- | --   Std.Dev    -- | --     min      -- | --     max      -- | --    Vol
  0  1.0013564124294E+00  1.4329542819401E+00  1.9899686906940E-14  5.6493555414564E+00  5.7484800000000E+12
  1  1.2178523179396E+00  5.6633663608500E-01  2.4804431079386E-01  4.0087071730461E+00  5.7484800000000E+10
  2  1.4239356121106E+00  6.5860772709774E-01  2.9322917872472E-01  4.0666807654923E+00  5.7484800000000E+10
  3  1.6470387609755E+00  7.5294763502164E-01  3.1826818540023E-01  4.0713880941647E+00  5.7484800000000E+10
  4  1.8421927141596E+00  8.3051186944078E-01  3.5202139709592E-01  4.2818201315152E+00  5.7484800000000E+10
  5  2.0233843286776E+00  9.0286869467490E-01  3.8286188772932E-01  4.9482363817436E+00  5.7484800000000E+10
  6  2.1972164891089E+00  9.7110468433675E-01  4.1024506403546E-01  5.0707165147330E+00  5.7484800000000E+10
  7  2.3558223229605E+00  1.0302521952078E+00  4.5446293328845E-01  5.2156714888207E+00  5.7484800000000E+10
  8  2.4940656076860E+00  1.0830779601115E+00  5.0373136695699E-01  5.2161314517488E+00  5.7484800000000E+10
  9  2.6134916658788E+00  1.1342667437466E+00  5.7001557165897E-01  5.2954313558048E+00  5.7484800000000E+10
 10  2.7157633867139E+00  1.1759021090241E+00  6.0513448805274E-01  5.4715045588462E+00  5.7484800000000E+10
 11  2.8070453997323E+00  1.2088390209293E+00  6.0138020012010E-01  5.4876066108415E+00  5.7484800000000E+10
 12  2.8898563523054E+00  1.2368610155256E+00  6.2562716363347E-01  5.4859890716852E+00  5.7484800000000E+10
 13  2.9580562502785E+00  1.2553125315255E+00  6.6743376630694E-01  5.4200129875295E+00  5.7484800000000E+10
 14  3.0143011183609E+00  1.2688181136615E+00  6.6514836308275E-01  5.4477024254761E+00  5.7484800000000E+10
 15  3.0588533686712E+00  1.2777921260413E+00  7.0147973943937E-01  5.4489324496682E+00  5.7484800000000E+10
 16  3.0928698843656E+00  1.2799499154540E+00  8.1543474290745E-01  5.4696308257656E+00  5.7484800000000E+10
 17  3.1184538389571E+00  1.2806338655908E+00  8.4667706040366E-01  5.4629543489806E+00  5.7484800000000E+10
 18  3.1386795119481E+00  1.2821951222858E+00  8.2156849823800E-01  5.4419791095511E+00  5.7484800000000E+10
 19  3.1562872032145E+00  1.2857134673269E+00  7.8407190115207E-01  5.4871781317101E+00  5.7484800000000E+10
 20  3.1725989411723E+00  1.2906118004076E+00  7.5859695071780E-01  5.5738411244414E+00  5.7484800000000E+10
 21  3.1851815070257E+00  1.2932835994166E+00  7.8669618907502E-01  5.5741536100429E+00  5.7484800000000E+10
 22  3.1930648735034E+00  1.2916652458985E+00  8.2051490954793E-01  5.6349220798876E+00  5.7484800000000E+10
 23  3.1966132865231E+00  1.2866931818517E+00  8.8350433485193E-01  5.6344779709211E+00  5.7484800000000E+10
 24  3.1959234949024E+00  1.2793253626919E+00  8.8422308650342E-01  5.6493555414564E+00  5.7484800000000E+10
 25  3.1907394503031E+00  1.2711442473489E+00  8.8422317068406E-01  5.5795368071240E+00  5.7484800000000E+10
 26  3.1792600729862E+00  1.2603008234062E+00  8.9309271231510E-01  5.5586414285782E+00  5.7484800000000E+10
 27  3.1581763126385E+00  1.2478234847924E+00  9.3245634764616E-01  5.4942972988152E+00  5.7484800000000E+10
 28  3.1148442442767E+00  1.2283947789301E+00  9.1367550009662E-01  5.2479030685045E+00  5.7484800000000E+10
 29  3.0426006171594E+00  1.1881606768722E+00  9.1083003289579E-01  5.2488393411565E+00  5.7484800000000E+10
 30  2.8196108321717E+00  1.1065281174771E+00  8.6421316672099E-01  5.0289025716473E+00  5.7484800000000E+10
 31  2.4502101360706E+00  9.7152227311241E-01  7.7498332293945E-01  3.9817403056480E+00  5.7484800000000E+10
 32  2.1437925358240E+00  8.5411437856378E-01  6.9278525781402E-01  3.3301139070601E+00  5.7484800000000E+10
 33  1.9247474084491E+00  7.6904811210149E-01  6.2300797771361E-01  2.9696998480283E+00  5.7484800000000E+10
 34  1.7285104483069E+00  6.9293307017494E-01  5.5666590665971E-01  2.6486172888431E+00  5.7484800000000E+10
 35  1.5326788851653E+00  6.1569762492409E-01  4.9138799043167E-01  2.3374170216019E+00  5.7484800000000E+10
 36  1.3426444429249E+00  5.3935167547262E-01  4.2963721377056E-01  2.0457286017507E+00  5.7484800000000E+10
 37  1.1644826295087E+00  4.6714593956350E-01  3.7263701710715E-01  1.7731476181752E+00  5.7484800000000E+10
 38  1.0006515042170E+00  4.0063848961169E-01  3.1901327448438E-01  1.5251482559315E+00  5.7484800000000E+10
 39  8.5210018830967E-01  3.4041648347056E-01  2.7173868701038E-01  1.2987041131709E+00  5.7484800000000E+10
 40  7.1913719193606E-01  2.8666659539925E-01  2.3084738850097E-01  1.0962326321165E+00  5.7484800000000E+10
 41  6.0157038655851E-01  2.3930990113990E-01  1.9329134100959E-01  9.1800127744141E-01  5.7484800000000E+10
 42  4.9881269057812E-01  1.9807077139929E-01  1.5990954523900E-01  7.6260598550485E-01  5.7484800000000E+10
 43  4.0998885169350E-01  1.6254470328598E-01  1.3162302854089E-01  6.2771937262133E-01  5.7484800000000E+10
 44  3.3403091897781E-01  1.3225580751701E-01  1.0742864746531E-01  5.1069930306104E-01  5.7484800000000E+10
 45  2.6975793273948E-01  1.0669061991760E-01  8.6749046395822E-02  4.1312630018586E-01  5.7484800000000E+10
 46  2.1593941193235E-01  8.5328649877268E-02  6.9087033443679E-02  3.3067914514417E-01  5.7484800000000E+10
 47  1.7133729049835E-01  6.7655229634664E-02  5.4743028344331E-02  2.6247652548273E-01  5.7484800000000E+10
 48  1.3475072347881E-01  5.3177709538409E-02  4.3114738831948E-02  2.0681788907192E-01  5.7484800000000E+10
 49  1.0504270347186E-01  4.1434739498789E-02  3.3553929928633E-02  1.6103943107651E-01  5.7484800000000E+10
 50  8.1161086521366E-02  3.2002727314667E-02  2.5874555049369E-02  1.2440817150817E-01  5.7484800000000E+10
 51  6.2154993568607E-02  2.4501716390280E-02  1.9855286733049E-02  9.5500400359946E-02  5.7484800000000E+10
 52  4.7179261500436E-02  1.8594069352478E-02  1.5097160520133E-02  7.2582676054011E-02  5.7484800000000E+10
 53  3.5494882245281E-02  1.3986533926595E-02  1.1364752024797E-02  5.4485645747790E-02  5.7484800000000E+10
 54  2.6467796550461E-02  1.0428177577128E-02  8.5232469190995E-03  4.0771101063059E-02  5.7484800000000E+10
 55  1.9561906017921E-02  7.7064080910972E-03  6.2483847595575E-03  3.0097349834863E-02  5.7484800000000E+10
 56  1.4329783462162E-02  5.6446457809741E-03  4.5799418741594E-03  2.2076263537517E-02  5.7484800000000E+10
 57  1.0404095400785E-02  4.0979737518427E-03  3.3418466735875E-03  1.5990925867266E-02  5.7484800000000E+10
 58  7.4869074237690E-03  2.9488239277702E-03  2.4088720330649E-03  1.1506085006211E-02  5.7484800000000E+10
 59  5.3399376048675E-03  2.1031907605663E-03  1.7217160740378E-03  8.2152747093277E-03  5.7484800000000E+10
 60  3.7749606493766E-03  1.4867857460906E-03  1.2139585294980E-03  5.8131078559759E-03  5.7484800000000E+10
 61  2.6449108827171E-03  1.0416734089762E-03  8.4467697696112E-04  4.0695733701810E-03  5.7484800000000E+10
 62  1.8367202315558E-03  7.2336638469929E-04  5.8274992982761E-04  2.8341965681029E-03  5.7484800000000E+10
 63  1.2641800709590E-03  4.9788792872570E-04  4.0305050127612E-04  1.9571767451528E-03  5.7484800000000E+10
 64  8.6240321018712E-04  3.3964224704671E-04  2.7702923834976E-04  1.3297644419496E-03  5.7484800000000E+10
 65  5.8309266807077E-04  2.2964099631916E-04  1.8706215404149E-04  9.0148867275451E-04  5.7484800000000E+10
 66  3.9074603211324E-04  1.5389281038001E-04  1.2459723858480E-04  6.0396633547370E-04  5.7484800000000E+10
 67  2.5952987790932E-04  1.0221221686981E-04  8.2491691426027E-05  4.0111813462754E-04  5.7484800000000E+10
 68  1.7084558441600E-04  6.7283831198542E-05  5.4068930365643E-05  2.6445414558111E-04  5.7484800000000E+10
 69  1.1147063263310E-04  4.3901244072761E-05  3.5391786592199E-05  1.7242863945019E-04  5.7484800000000E+10
 70  7.2084168692151E-05  2.8389458438140E-05  2.3034363350575E-05  1.1157012301945E-04  5.7484800000000E+10
 71  4.6199647418732E-05  1.8195275300068E-05  1.4744976851390E-05  7.1638733968806E-05  5.7484800000000E+10
 72  2.9347033577056E-05  1.1557814663953E-05  9.3751497391108E-06  4.5497089779410E-05  5.7484800000000E+10
 73  1.8476464252663E-05  7.2764592635402E-06  5.8992042284775E-06  2.8699111949276E-05  5.7484800000000E+10
 74  1.1528971347727E-05  4.5402529138573E-06  3.7035691832326E-06  1.7952866297494E-05  5.7484800000000E+10
 75  7.1300688244342E-06  2.8078314346678E-06  2.2779388125530E-06  1.1099652546575E-05  5.7484800000000E+10
 76  4.3703283838500E-06  1.7209559907849E-06  1.3969521354759E-06  6.7819680896616E-06  5.7484800000000E+10
 77  2.6549954974307E-06  1.0453708364109E-06  8.4525245459365E-07  4.1210517741142E-06  5.7484800000000E+10
 78  1.5986186977488E-06  6.2935976117952E-07  5.1257250188314E-07  2.4796768968301E-06  5.7484800000000E+10
 79  9.5399732003492E-07  3.7556107577936E-07  3.0634391868838E-07  1.4900337347815E-06  5.7484800000000E+10
 80  5.6424746813964E-07  2.2210929400048E-07  1.8032051162350E-07  8.8042778315418E-07  5.7484800000000E+10
 81  3.3075862547091E-07  1.3018278168834E-07  1.0478461083302E-07  5.1605087989770E-07  5.7484800000000E+10
 82  1.9216637047598E-07  7.5626513283816E-08  6.0576683550979E-08  3.0194462458525E-07  5.7484800000000E+10
 83  1.1064994565191E-07  4.3539969987935E-08  3.5192802129682E-08  1.7434755487368E-07  5.7484800000000E+10
 84  6.3147920047771E-08  2.4844610902403E-08  2.0189195103577E-08  9.9919946477315E-08  5.7484800000000E+10
 85  3.5717748381954E-08  1.4050806220024E-08  1.1450928207617E-08  5.6237351106299E-08  5.7484800000000E+10
 86  2.0024162713200E-08  7.8760573843636E-09  6.4053475362308E-09  3.1584959649323E-08  5.7484800000000E+10
 87  1.1126447325138E-08  4.3756335289689E-09  3.5123891884017E-09  1.7456596942650E-08  5.7484800000000E+10
 88  6.1278634069791E-09  2.4097200506414E-09  1.9289505542008E-09  9.6602669311024E-09  5.7484800000000E+10
 89  3.3450636794011E-09  1.3154552256321E-09  1.0544221394614E-09  5.2668836715861E-09  5.7484800000000E+10
 90  1.8097771410450E-09  7.1179739273074E-10  5.7110419216128E-10  2.8476282747277E-09  5.7484800000000E+10
 91  9.7027859067250E-10  3.8173746961390E-10  3.0902706816116E-10  1.5501352997487E-09  5.7484800000000E+10
 92  5.1541259912387E-10  2.0289693181888E-10  1.6397876986631E-10  8.1473424832643E-10  5.7484800000000E+10
 93  2.7118990262877E-10  1.0688661401017E-10  8.6058819910102E-11  4.3170354924959E-10  5.7484800000000E+10
 94  1.4125198774985E-10  5.5818557121666E-11  4.4811967024970E-11  2.2345869674606E-10  5.7484800000000E+10
 95  7.2752248501485E-11  2.8898988009731E-11  2.2762291355366E-11  1.1660507680860E-10  5.7484800000000E+10
 96  3.6965938603001E-11  1.4837935409938E-11  1.1404122651866E-11  5.9408341301106E-11  5.7484800000000E+10
 97  1.8438097379234E-11  7.5574310779692E-12  5.3911475806889E-12  2.9899422864480E-11  5.7484800000000E+10
 98  8.9086470592925E-12  3.8119347673926E-12  2.3102486035914E-12  1.4686923069622E-11  5.7484800000000E+10
 99  3.9683125053284E-12  1.8669145415521E-12  7.4248566620401E-13  6.7434609270694E-12  5.7484800000000E+10
100  1.7696945589457E-12  1.0112657921197E-12  1.9899686906940E-14  3.1590468478160E-12  5.7484800000000E+10
 
 field : TRAC01   ; Iter =      7200 ; region #   0 ; nb.Lev = 100
 k | --   Average    -- | --   Std.Dev    -- | --     min      -- | --     max      -- | --    Vol
  0  9.9999999764476E-01  5.7910431149082E-01  4.1890956566364E-04  1.9910150207352E+00  5.7484800000000E+12
  1  1.9398113216214E+00  3.7598844953653E-02  1.7558789760588E+00  1.9910150207352E+00  5.7484800000000E+10
  2  1.9158538692490E+00  4.1215402126730E-02  1.7092554194515E+00  1.9806161007205E+00  5.7484800000000E+10
  3  1.8900281622868E+00  4.4388593123392E-02  1.6789493105691E+00  1.9692469107978E+00  5.7484800000000E+10
  4  1.8674527350702E+00  4.6485078083534E-02  1.6323305290345E+00  1.9574232291379E+00  5.7484800000000E+10
  5  1.8466907468009E+00  4.7188720172023E-02  1.6316482151604E+00  1.9562522130271E+00  5.7484800000000E+10
  6  1.8267759518100E+00  4.7300146213063E-02  1.6067653419635E+00  1.9518543015731E+00  5.7484800000000E+10
  7  1.8078005295763E+00  4.6037159512606E-02  1.6065142534966E+00  1.9269006635934E+00  5.7484800000000E+10
  8  1.7899917233866E+00  4.5167755668656E-02  1.6110610137996E+00  1.9098465927712E+00  5.7484800000000E+10
  9  1.7733516569367E+00  4.6201755850921E-02  1.6028366704965E+00  1.8977634466671E+00  5.7484800000000E+10
 10  1.7579062440973E+00  4.7883337589703E-02  1.5963682107778E+00  1.8870388740583E+00  5.7484800000000E+10
 11  1.7432536134233E+00  4.8854684544468E-02  1.5849752054310E+00  1.8897385346315E+00  5.7484800000000E+10
 12  1.7289234033105E+00  4.9165828655071E-02  1.5742101097044E+00  1.8890334055718E+00  5.7484800000000E+10
 13  1.7157404574081E+00  4.8788074152119E-02  1.5713127711140E+00  1.8768312552938E+00  5.7484800000000E+10
 14  1.7035674266630E+00  4.8829231712639E-02  1.5594926471086E+00  1.8769485579679E+00  5.7484800000000E+10
 15  1.6926578210831E+00  4.8411386196406E-02  1.5350370445765E+00  1.8624056960631E+00  5.7484800000000E+10
 16  1.6829835816924E+00  4.6382746153263E-02  1.5358462476307E+00  1.8473218606826E+00  5.7484800000000E+10
 17  1.6748985869187E+00  4.4255252399238E-02  1.5462546769032E+00  1.8503109135339E+00  5.7484800000000E+10
 18  1.6673652752731E+00  4.2563444546139E-02  1.5342871061191E+00  1.8515092387145E+00  5.7484800000000E+10
 19  1.6599530813645E+00  4.1895570341718E-02  1.5234613769643E+00  1.8477843973337E+00  5.7484800000000E+10
 20  1.6523775249707E+00  4.1680906906253E-02  1.5239367555732E+00  1.8448130819797E+00  5.7484800000000E+10
 21  1.6442080616661E+00  4.2087072690283E-02  1.5179256241746E+00  1.8432253688712E+00  5.7484800000000E+10
 22  1.6352441417040E+00  4.2303214027306E-02  1.5015756619435E+00  1.8287925818670E+00  5.7484800000000E+10
 23  1.6256422344380E+00  4.2643064566429E-02  1.5010887170412E+00  1.7761631582268E+00  5.7484800000000E+10
 24  1.6155153509571E+00  4.3315973505697E-02  1.4779436679546E+00  1.7782752371110E+00  5.7484800000000E+10
 25  1.6045621209261E+00  4.3977567318292E-02  1.4675091850298E+00  1.7794370833055E+00  5.7484800000000E+10
 26  1.5917307408571E+00  4.3775595731653E-02  1.4622547461005E+00  1.7787722087795E+00  5.7484800000000E+10
 27  1.5746540445047E+00  4.2879958249426E-02  1.4510076140062E+00  1.7732694827162E+00  5.7484800000000E+10
 28  1.5522908271895E+00  4.4434631463337E-02  1.4373522448771E+00  1.7265788682201E+00  5.7484800000000E+10
 29  1.5333792509470E+00  4.8620701642678E-02  1.4373522360483E+00  1.7096117857261E+00  5.7484800000000E+10
 30  1.4770289248456E+00  4.0104569913935E-02  1.4012448451652E+00  1.6519679509843E+00  5.7484800000000E+10
 31  1.4142049355474E+00  2.5122016034938E-02  1.3724977615973E+00  1.5479234712101E+00  5.7484800000000E+10
 32  1.3751468845676E+00  1.3834469165289E-02  1.3541613277887E+00  1.4487186756281E+00  5.7484800000000E+10
 33  1.3523262687708E+00  5.7967838354873E-03  1.3405268034791E+00  1.3787229247361E+00  5.7484800000000E+10
 34  1.3329399005474E+00  3.4654246731445E-03  1.3223288623728E+00  1.3462073165189E+00  5.7484800000000E+10
 35  1.3131237169334E+00  3.5966126684399E-03  1.3015927774514E+00  1.3222141420766E+00  5.7484800000000E+10
 36  1.2929356563168E+00  3.8752775058304E-03  1.2801483306262E+00  1.3032561190539E+00  5.7484800000000E+10
 37  1.2727271771758E+00  3.9916152383088E-03  1.2606521903442E+00  1.2839188053731E+00  5.7484800000000E+10
 38  1.2525461066772E+00  3.9645724528318E-03  1.2401869417638E+00  1.2639299705837E+00  5.7484800000000E+10
 39  1.2323636442521E+00  3.8196649283532E-03  1.2203447131582E+00  1.2441831464574E+00  5.7484800000000E+10
 40  1.2121705332385E+00  3.5881818698101E-03  1.2011806243958E+00  1.2244141829898E+00  5.7484800000000E+10
 41  1.1919688677107E+00  3.3077716579139E-03  1.1824453432981E+00  1.2042064693483E+00  5.7484800000000E+10
 42  1.1717626219362E+00  3.0080059910341E-03  1.1631483249940E+00  1.1834189794677E+00  5.7484800000000E+10
 43  1.1515545990034E+00  2.7094018783440E-03  1.1438203705777E+00  1.1622116564682E+00  5.7484800000000E+10
 44  1.1313460555732E+00  2.4267084898247E-03  1.1243545439267E+00  1.1408577431287E+00  5.7484800000000E+10
 45  1.1111374437876E+00  2.1670683494889E-03  1.1048943612790E+00  1.1198122080237E+00  5.7484800000000E+10
 46  1.0909299668904E+00  1.9347012422680E-03  1.0855607196270E+00  1.0990249815315E+00  5.7484800000000E+10
 47  1.0707231775141E+00  1.7307472365438E-03  1.0661753256302E+00  1.0782199882728E+00  5.7484800000000E+10
 48  1.0505171748309E+00  1.5549662675621E-03  1.0464504176073E+00  1.0573241510638E+00  5.7484800000000E+10
 49  1.0303125157860E+00  1.4039691566481E-03  1.0265536160162E+00  1.0365623664290E+00  5.7484800000000E+10
 50  1.0101084129867E+00  1.2768850659016E-03  1.0067270767278E+00  1.0157249610841E+00  5.7484800000000E+10
 51  9.8990427801205E-01  1.1718227848179E-03  9.8705620482796E-01  9.9513305367953E-01  5.7484800000000E+10
 52  9.6970128201669E-01  1.0839648775421E-03  9.6718146681065E-01  9.7474833969325E-01  5.7484800000000E+10
 53  9.4949834025064E-01  1.0090725606730E-03  9.4733739925003E-01  9.5431570954573E-01  5.7484800000000E+10
 54  9.2929521628821E-01  9.4854105590064E-04  9.2725336559846E-01  9.3381232442506E-01  5.7484800000000E+10
 55  9.0909283736615E-01  8.9915666315435E-04  9.0714620297104E-01  9.1331236866564E-01  5.7484800000000E+10
 56  8.8889063487693E-01  8.5827222205038E-04  8.8697283212361E-01  8.9286267349168E-01  5.7484800000000E+10
 57  8.6868845088849E-01  8.2265296824330E-04  8.6697636610665E-01  8.7239497745837E-01  5.7484800000000E+10
 58  8.4848592377528E-01  7.8921208816867E-04  8.4675888030760E-01  8.5190195388086E-01  5.7484800000000E+10
 59  8.2828331466250E-01  7.6496938844487E-04  8.2648133645215E-01  8.3149080467038E-01  5.7484800000000E+10
 60  8.0808185055359E-01  7.4495492452321E-04  8.0630816966510E-01  8.1159437173741E-01  5.7484800000000E+10
 61  7.8787952106456E-01  7.2440833976579E-04  7.8614661805115E-01  7.9143006763976E-01  5.7484800000000E+10
 62  7.6767722236712E-01  7.0503513409373E-04  7.6594098252911E-01  7.7109979005084E-01  5.7484800000000E+10
 63  7.4747488180107E-01  6.9097043085432E-04  7.4582620755303E-01  7.5080058482735E-01  5.7484800000000E+10
 64  7.2727348672381E-01  6.7454937910665E-04  7.2564404587835E-01  7.3051343503546E-01  5.7484800000000E+10
 65  7.0707119545462E-01  6.5790156507006E-04  7.0545783769095E-01  7.1020234804931E-01  5.7484800000000E+10
 66  6.8686865886428E-01  6.4928491389492E-04  6.8521045580471E-01  6.8964460688569E-01  5.7484800000000E+10
 67  6.6666708368045E-01  6.3786073621350E-04  6.6518307009962E-01  6.6927346451957E-01  5.7484800000000E+10
 68  6.4646472562369E-01  6.2653820852177E-04  6.4482022255844E-01  6.4927389875750E-01  5.7484800000000E+10
 69  6.2626296584835E-01  6.1397123521601E-04  6.2452124192033E-01  6.2916710730165E-01  5.7484800000000E+10
 70  6.0606115547808E-01  6.0440834639395E-04  6.0441477382226E-01  6.0893294636598E-01  5.7484800000000E+10
 71  5.8585879637387E-01  5.9936531449788E-04  5.8409774650138E-01  5.8872532365244E-01  5.7484800000000E+10
 72  5.6565651688160E-01  5.8763619565560E-04  5.6383086182900E-01  5.6852329048596E-01  5.7484800000000E+10
 73  5.4545490919669E-01  5.8059700839750E-04  5.4363418404073E-01  5.4814625651695E-01  5.7484800000000E+10
 74  5.2525276172648E-01  5.7285692722652E-04  5.2344923079625E-01  5.2793089745482E-01  5.7484800000000E+10
 75  5.0505104225317E-01  5.5940731578610E-04  5.0308072971505E-01  5.0751795693111E-01  5.7484800000000E+10
 76  4.8484857394481E-01  5.5170409706682E-04  4.8295621363013E-01  4.8746808019372E-01  5.7484800000000E+10
 77  4.6464667565592E-01  5.4035271138109E-04  4.6271511277351E-01  4.6706936148914E-01  5.7484800000000E+10
 78  4.4444499747746E-01  5.3010116215156E-04  4.4252439051948E-01  4.4683122858077E-01  5.7484800000000E+10
 79  4.2424267963609E-01  5.2047278257149E-04  4.2231668746877E-01  4.2652275729660E-01  5.7484800000000E+10
 80  4.0404019731898E-01  5.1325005413435E-04  4.0197704470401E-01  4.0635033222950E-01  5.7484800000000E+10
 81  3.8383832293108E-01  5.1204684315011E-04  3.8185237778924E-01  3.8617226895491E-01  5.7484800000000E+10
 82  3.6363656250837E-01  5.0749847909566E-04  3.6157664740253E-01  3.6616818608249E-01  5.7484800000000E+10
 83  3.4343404537911E-01  5.0776557842146E-04  3.4137952717935E-01  3.4618829168863E-01  5.7484800000000E+10
 84  3.2323291854756E-01  5.0329415411674E-04  3.2121103880904E-01  3.2595451404435E-01  5.7484800000000E+10
 85  3.0303055711554E-01  4.9247286930662E-04  3.0101296313253E-01  3.0551593845669E-01  5.7484800000000E+10
 86  2.8282848136053E-01  4.7393264581165E-04  2.8107236560665E-01  2.8511952554996E-01  5.7484800000000E+10
 87  2.6262616984564E-01  4.6945383874266E-04  2.6078261579913E-01  2.6510287114497E-01  5.7484800000000E+10
 88  2.4242438803663E-01  4.6304924859586E-04  2.4059094715369E-01  2.4479117605167E-01  5.7484800000000E+10
 89  2.2222220970713E-01  4.5947224052693E-04  2.2038077272472E-01  2.2430762488896E-01  5.7484800000000E+10
 90  2.0202065331171E-01  4.5370701292713E-04  2.0046012388906E-01  2.0419981410105E-01  5.7484800000000E+10
 91  1.8181756504672E-01  4.5905613481922E-04  1.8016514786309E-01  1.8418337742817E-01  5.7484800000000E+10
 92  1.6161562910480E-01  4.8033213910179E-04  1.5982794844459E-01  1.6428651278767E-01  5.7484800000000E+10
 93  1.4141407801132E-01  4.9218650743746E-04  1.3939496184890E-01  1.4408630450597E-01  5.7484800000000E+10
 94  1.2121132415986E-01  4.9858540402151E-04  1.1905238902241E-01  1.2365304144600E-01  5.7484800000000E+10
 95  1.0101162287958E-01  4.9384142472217E-04  9.8810773879379E-02  1.0344350884779E-01  5.7484800000000E+10
 96  8.0821695035171E-02  4.8462123131186E-04  7.8696679155650E-02  8.3151360736719E-02  5.7484800000000E+10
 97  6.0631506131682E-02  4.4921945025148E-04  5.8604377171717E-02  6.2689625553655E-02  5.7484800000000E+10
 98  4.0196335317835E-02  4.2048578979940E-04  3.8424493216371E-02  4.1770375658198E-02  5.7484800000000E+10
 99  1.8940331065299E-02  5.2871512259455E-04  1.7209549724801E-02  2.0396554527273E-02  5.7484800000000E+10
100  1.4401218951385E-03  5.9495357489139E-04  4.1890956566364E-04  3.2913624200829E-03  5.7484800000000E+10
 
 field : TRAC02   ; Iter =      7200 ; region #   0 ; nb.Lev = 100
 k | --   Average    -- | --   Std.Dev    -- | --     min      -- | --     max      -- | --    Vol
  0  1.0000000017763E+00  4.6866371252023E-01  6.4988702090432E-03  1.4304160992063E+00  5.7484800000000E+12
  1  5.4990876320999E-02  4.0455204918007E-02  6.4988702090432E-03  2.6996574523988E-01  5.7484800000000E+10
  2  7.8164754970543E-02  4.5989855652314E-02  1.4375965001285E-02  3.2850925156908E-01  5.7484800000000E+10
  3  1.0429217598630E-01  5.1349905058823E-02  2.1567326827498E-02  3.6436961482058E-01  5.7484800000000E+10
  4  1.2820633107230E-01  5.5167482497258E-02  3.3177960796640E-02  4.2381996729958E-01  5.7484800000000E+10
  5  1.5102921267161E-01  5.7206682611318E-02  3.3864995461496E-02  4.2362629465162E-01  5.7484800000000E+10
  6  1.7364762099489E-01  5.8363788265442E-02  3.7758934448455E-02  4.6236761700849E-01  5.7484800000000E+10
  7  1.9591577998640E-01  5.7841985278277E-02  6.0200935762110E-02  4.6271161260449E-01  5.7484800000000E+10
  8  2.1750522561554E-01  5.7661174046997E-02  8.4982858539856E-02  4.5690796581921E-01  5.7484800000000E+10
  9  2.3830463084535E-01  5.9640237158444E-02  1.0220216652022E-01  4.6752985227782E-01  5.7484800000000E+10
 10  2.5803893833917E-01  6.2387076461650E-02  1.0050028048552E-01  4.7737147456033E-01  5.7484800000000E+10
 11  2.7709595017447E-01  6.4098133741666E-02  9.7753744782677E-02  4.9421366295657E-01  5.7484800000000E+10
 12  2.9595307289765E-01  6.4932107125238E-02  9.8499762290865E-02  5.1344608302543E-01  5.7484800000000E+10
 13  3.1348176678772E-01  6.4842467407190E-02  1.1974320016512E-01  5.1781219475846E-01  5.7484800000000E+10
 14  3.2984047715858E-01  6.5315054785625E-02  1.1939127471913E-01  5.3944473743597E-01  5.7484800000000E+10
 15  3.4461898709452E-01  6.5124660154973E-02  1.3449265244803E-01  5.7067012157827E-01  5.7484800000000E+10
 16  3.5775555814361E-01  6.2833976644920E-02  1.4307519951654E-01  5.6879942059032E-01  5.7484800000000E+10
 17  3.6884387679763E-01  6.0297620103926E-02  1.3966416311592E-01  5.5953700756474E-01  5.7484800000000E+10
 18  3.7930024565279E-01  5.8255061122740E-02  1.3851944560606E-01  5.7231131662512E-01  5.7484800000000E+10
 19  3.8970041460766E-01  5.7613843796623E-02  1.4357319385277E-01  5.8810210383814E-01  5.7484800000000E+10
 20  4.0042870681869E-01  5.7686773154917E-02  1.4704147518543E-01  5.8726581448740E-01  5.7484800000000E+10
 21  4.1214843789980E-01  5.8591192218688E-02  1.4894620036336E-01  5.9586992202385E-01  5.7484800000000E+10
 22  4.2511204751769E-01  5.9265211245068E-02  1.6754539980678E-01  6.2210568950475E-01  5.7484800000000E+10
 23  4.3906329018796E-01  6.0267373087112E-02  2.3490129488851E-01  6.2493105521798E-01  5.7484800000000E+10
 24  4.5384087395100E-01  6.1697873605403E-02  2.3345059129951E-01  6.5965667173643E-01  5.7484800000000E+10
 25  4.6995171276399E-01  6.3131201085498E-02  2.3401449105694E-01  6.7669868412825E-01  5.7484800000000E+10
 26  4.8904262234196E-01  6.3300575280157E-02  2.3410037103516E-01  6.8514361979606E-01  5.7484800000000E+10
 27  5.1468752245564E-01  6.2585391524537E-02  2.3750979728875E-01  7.0216355093909E-01  5.7484800000000E+10
 28  5.4861518582443E-01  6.5766540547051E-02  2.9128076613133E-01  7.2539007051122E-01  5.7484800000000E+10
 29  5.7763693315728E-01  7.2623681259269E-02  3.2946502642073E-01  7.2539008441008E-01  5.7484800000000E+10
 30  6.6432148785244E-01  6.1302039694008E-02  4.1122027493621E-01  7.8181647095085E-01  5.7484800000000E+10
 31  7.6168856359466E-01  3.8977513945536E-02  5.5905566312904E-01  8.2621261671275E-01  5.7484800000000E+10
 32  8.2209492065858E-01  2.1396632878117E-02  7.1046951769161E-01  8.5407389785868E-01  5.7484800000000E+10
 33  8.5655391615150E-01  8.7286434111935E-03  8.1649222590300E-01  8.7413011441422E-01  5.7484800000000E+10
 34  8.8488315928955E-01  4.9766461002891E-03  8.6559737496254E-01  9.0009036042346E-01  5.7484800000000E+10
 35  9.1309688704806E-01  5.0459853642060E-03  9.0023832130209E-01  9.2918597968353E-01  5.7484800000000E+10
 36  9.4107409855643E-01  5.2957772204751E-03  9.2687347162398E-01  9.5838550043723E-01  5.7484800000000E+10
 37  9.6821862042134E-01  5.2802409982093E-03  9.5329623705365E-01  9.8403067769565E-01  5.7484800000000E+10
 38  9.9440777118854E-01  5.0631547349986E-03  9.7975975792229E-01  1.0099972360136E+00  5.7484800000000E+10
 39  1.0196490110326E+00  4.6988171223023E-03  1.0050031878318E+00  1.0342402802693E+00  5.7484800000000E+10
 40  1.0439290489288E+00  4.2412156389800E-03  1.0293437054370E+00  1.0567511581386E+00  5.7484800000000E+10
 41  1.0672260204940E+00  3.7472408092159E-03  1.0532453182090E+00  1.0778803718375E+00  5.7484800000000E+10
 42  1.0895237849749E+00  3.2582064204139E-03  1.0767873901690E+00  1.0987362449211E+00  5.7484800000000E+10
 43  1.1108153678957E+00  2.7997687141168E-03  1.0997125628031E+00  1.1187089573400E+00  5.7484800000000E+10
 44  1.1311024561554E+00  2.3871632392378E-03  1.1216819040081E+00  1.1378944428655E+00  5.7484800000000E+10
 45  1.1503936396102E+00  2.0252460477017E-03  1.1422358744956E+00  1.1561606268857E+00  5.7484800000000E+10
 46  1.1687021611882E+00  1.7144163353493E-03  1.1614849673555E+00  1.1734145206059E+00  5.7484800000000E+10
 47  1.1860474122707E+00  1.4516223872320E-03  1.1797167959261E+00  1.1898325459970E+00  5.7484800000000E+10
 48  1.2024521804948E+00  1.2322661449868E-03  1.1970288803960E+00  1.2056413725859E+00  5.7484800000000E+10
 49  1.2179422440912E+00  1.0495864249537E-03  1.2132510325972E+00  1.2207272093451E+00  5.7484800000000E+10
 50  1.2325471160978E+00  8.9916507890491E-04  1.2285761819208E+00  1.2349091523362E+00  5.7484800000000E+10
 51  1.2462981566673E+00  7.7609134105473E-04  1.2428212405300E+00  1.2481712537642E+00  5.7484800000000E+10
 52  1.2592271615803E+00  6.7450458171238E-04  1.2560723582540E+00  1.2607823573278E+00  5.7484800000000E+10
 53  1.2713685847588E+00  5.8905389493635E-04  1.2685455422116E+00  1.2726239010375E+00  5.7484800000000E+10
 54  1.2827570282198E+00  5.1896838159044E-04  1.2802747705618E+00  1.2838643557994E+00  5.7484800000000E+10
 55  1.2934268104067E+00  4.6050008537504E-04  1.2912578432955E+00  1.2944241443563E+00  5.7484800000000E+10
 56  1.3034131588112E+00  4.1116096009764E-04  1.3015013558846E+00  1.3043305771996E+00  5.7484800000000E+10
 57  1.3127508143665E+00  3.6831086752777E-04  1.3110807225156E+00  1.3135144158339E+00  5.7484800000000E+10
 58  1.3214740756180E+00  3.2987732264397E-04  1.3200410835246E+00  1.3221894262797E+00  5.7484800000000E+10
 59  1.3296163330828E+00  2.9817778706923E-04  1.3283623919289E+00  1.3303124312292E+00  5.7484800000000E+10
 60  1.3372097724203E+00  2.7074085359279E-04  1.3359289902620E+00  1.3378552002781E+00  5.7484800000000E+10
 61  1.3442868315919E+00  2.4525780332352E-04  1.3430753318348E+00  1.3448727645564E+00  5.7484800000000E+10
 62  1.3508777718567E+00  2.2221954105148E-04  1.3497917897745E+00  1.3514243346150E+00  5.7484800000000E+10
 63  1.3570120407645E+00  2.0257645760741E-04  1.3560316911037E+00  1.3574920053548E+00  5.7484800000000E+10
 64  1.3627175904167E+00  1.8396589550392E-04  1.3618340382109E+00  1.3631625305883E+00  5.7484800000000E+10
 65  1.3680219059983E+00  1.6667832716489E-04  1.3672251840071E+00  1.3684288756286E+00  5.7484800000000E+10
 66  1.3729504788857E+00  1.5273996603033E-04  1.3722920240842E+00  1.3733389678608E+00  5.7484800000000E+10
 67  1.3775274400243E+00  1.3939032363650E-04  1.3769564892245E+00  1.3778500981909E+00  5.7484800000000E+10
 68  1.3817763467450E+00  1.2703121144895E-04  1.3812036257457E+00  1.3821113260290E+00  5.7484800000000E+10
 69  1.3857188027045E+00  1.1554731951896E-04  1.3851699504409E+00  1.3860451399339E+00  5.7484800000000E+10
 70  1.3893756229185E+00  1.0542218755070E-04  1.3888725005266E+00  1.3896631138524E+00  5.7484800000000E+10
 71  1.3927663680204E+00  9.6966409486534E-05  1.3923050787971E+00  1.3930505842245E+00  5.7484800000000E+10
 72  1.3959092496566E+00  8.8093424230264E-05  1.3954774953254E+00  1.3961814434172E+00  5.7484800000000E+10
 73  1.3988214174698E+00  8.0602543451527E-05  1.3984460712113E+00  1.3990729335328E+00  5.7484800000000E+10
 74  1.4015192023444E+00  7.3679443605998E-05  1.4011730956411E+00  1.4017518375656E+00  5.7484800000000E+10
 75  1.4040175985791E+00  6.6634430746392E-05  1.4037230992163E+00  1.4042512876954E+00  5.7484800000000E+10
 76  1.4063309122898E+00  6.0797449854578E-05  1.4060405113374E+00  1.4065393847776E+00  5.7484800000000E+10
 77  1.4084722331799E+00  5.5150129648051E-05  1.4082242487834E+00  1.4086674227705E+00  5.7484800000000E+10
 78  1.4104539653891E+00  5.0052696570218E-05  1.4102284971578E+00  1.4106346858492E+00  5.7484800000000E+10
 79  1.4122877237267E+00  4.5480260275074E-05  1.4120874803001E+00  1.4124545589163E+00  5.7484800000000E+10
 80  1.4139842120709E+00  4.1471350481445E-05  1.4137958068399E+00  1.4141497211423E+00  5.7484800000000E+10
 81  1.4155533890820E+00  3.8247005241715E-05  1.4153787323835E+00  1.4157013446991E+00  5.7484800000000E+10
 82  1.4170046214761E+00  3.5102353919937E-05  1.4168296288440E+00  1.4171461055677E+00  5.7484800000000E+10
 83  1.4183466446933E+00  3.2430370429142E-05  1.4181701350244E+00  1.4184770761029E+00  5.7484800000000E+10
 84  1.4195873816671E+00  2.9762949863596E-05  1.4194254243400E+00  1.4197066422732E+00  5.7484800000000E+10
 85  1.4207344841240E+00  2.6907107268705E-05  1.4205981158410E+00  1.4208441718974E+00  5.7484800000000E+10
 86  1.4217948171111E+00  2.3939855163236E-05  1.4216789513622E+00  1.4218830983722E+00  5.7484800000000E+10
 87  1.4227748684213E+00  2.1885225413744E-05  1.4226588944691E+00  1.4228610214283E+00  5.7484800000000E+10
 88  1.4236805945128E+00  1.9972281555135E-05  1.4235778762780E+00  1.4237596794744E+00  5.7484800000000E+10
 89  1.4245175973967E+00  1.8298589542520E-05  1.4244341345592E+00  1.4245901911356E+00  5.7484800000000E+10
 90  1.4252909893877E+00  1.6726339379727E-05  1.4252108123449E+00  1.4253485062757E+00  5.7484800000000E+10
 91  1.4260056259657E+00  1.5606930199902E-05  1.4259249294483E+00  1.4260622574523E+00  5.7484800000000E+10
 92  1.4266658398702E+00  1.5089498851357E-05  1.4265818043261E+00  1.4267217793320E+00  5.7484800000000E+10
 93  1.4272757597713E+00  1.4296497416761E-05  1.4271972256190E+00  1.4273337757170E+00  5.7484800000000E+10
 94  1.4278392264409E+00  1.3367213703971E-05  1.4277736528971E+00  1.4278968785020E+00  5.7484800000000E+10
 95  1.4283596588894E+00  1.2237491876804E-05  1.4282994839381E+00  1.4284136579540E+00  5.7484800000000E+10
 96  1.4288402193666E+00  1.1066136451942E-05  1.4287870173818E+00  1.4288885104648E+00  5.7484800000000E+10
 97  1.4292840654111E+00  9.4767167789260E-06  1.4292404201959E+00  1.4293268490021E+00  5.7484800000000E+10
 98  1.4296981236960E+00  8.1266403115705E-06  1.4296672376552E+00  1.4297325042952E+00  5.7484800000000E+10
 99  1.4300946764083E+00  9.1541654846462E-06  1.4300692427430E+00  1.4301247615498E+00  5.7484800000000E+10
100  1.4303988863381E+00  1.0020230418180E-05  1.4303675889826E+00  1.4304160992063E+00  5.7484800000000E+10
 
 field : TRAC03   ; Iter =      7200 ; region #   0 ; nb.Lev = 100
 k | --   Average    -- | --   Std.Dev    -- | --     min      -- | --     max      -- | --    Vol
  0  1.0000000093037E+00  1.0244417807102E+00  2.1685401435320E-08  2.8936782516310E+00  5.7484800000000E+12
  1  9.5186539494466E-01  1.9704888833536E-01  6.9148169682156E-01  1.9099196441145E+00  5.7484800000000E+10
  2  1.0736484570537E+00  2.1715965107443E-01  7.3662854156644E-01  2.0813869192644E+00  5.7484800000000E+10
  3  1.2081630029909E+00  2.3459414011260E-01  7.9752383567372E-01  2.2886757954573E+00  5.7484800000000E+10
  4  1.3278811483836E+00  2.4486905924081E-01  8.5057934410971E-01  2.5301545903435E+00  5.7484800000000E+10
  5  1.4388213474295E+00  2.4708245564777E-01  8.5033581722920E-01  2.5331253512472E+00  5.7484800000000E+10
  6  1.5448757767697E+00  2.4497062888240E-01  8.7547326604534E-01  2.5837807260088E+00  5.7484800000000E+10
  7  1.6449404795183E+00  2.3504312954264E-01  9.9914800946690E-01  2.5847566066572E+00  5.7484800000000E+10
  8  1.7376199637464E+00  2.2725162936605E-01  1.0944939496584E+00  2.5616285765732E+00  5.7484800000000E+10
  9  1.8224850540023E+00  2.2935426907051E-01  1.1579511520965E+00  2.5985883155496E+00  5.7484800000000E+10
 10  1.8995448159228E+00  2.3427635541254E-01  1.2265959280762E+00  2.6843816592007E+00  5.7484800000000E+10
 11  1.9713064966396E+00  2.3595045858147E-01  1.2101920449602E+00  2.7087709422457E+00  5.7484800000000E+10
 12  2.0400972550537E+00  2.3422238676246E-01  1.2144169624843E+00  2.7141570006341E+00  5.7484800000000E+10
 13  2.1020696547308E+00  2.2935255880924E-01  1.2903154993602E+00  2.7228171769130E+00  5.7484800000000E+10
 14  2.1581818864008E+00  2.2596965586004E-01  1.2896691699916E+00  2.7248848600057E+00  5.7484800000000E+10
 15  2.2075337490532E+00  2.2119796467501E-01  1.3672883830022E+00  2.7913475938127E+00  5.7484800000000E+10
 16  2.2507165409517E+00  2.0921863616367E-01  1.4616932841068E+00  2.8003281679102E+00  5.7484800000000E+10
 17  2.2860210711687E+00  1.9703366356227E-01  1.4422816132508E+00  2.7786394742461E+00  5.7484800000000E+10
 18  2.3181514860202E+00  1.8750932681633E-01  1.4348456596052E+00  2.8131449168064E+00  5.7484800000000E+10
 19  2.3482946238334E+00  1.8254579076797E-01  1.4537103740855E+00  2.8485367774601E+00  5.7484800000000E+10
 20  2.3778728237422E+00  1.7882845641827E-01  1.4730888886456E+00  2.8477177195940E+00  5.7484800000000E+10
 21  2.4080937380600E+00  1.7724171982420E-01  1.4829649894453E+00  2.8853223412255E+00  5.7484800000000E+10
 22  2.4399234391221E+00  1.7403003089972E-01  1.5476793999717E+00  2.8936782516310E+00  5.7484800000000E+10
 23  2.4726464893000E+00  1.6996745172199E-01  1.7564464405731E+00  2.8888168615693E+00  5.7484800000000E+10
 24  2.5057888706504E+00  1.6718601542065E-01  1.7514703721889E+00  2.8876004383647E+00  5.7484800000000E+10
 25  2.5394821665196E+00  1.6352790105654E-01  1.7512225388927E+00  2.8913686158885E+00  5.7484800000000E+10
 26  2.5762177323080E+00  1.5588121081681E-01  1.7512225386274E+00  2.8913686105438E+00  5.7484800000000E+10
 27  2.6193507866984E+00  1.4395512602481E-01  1.7911956361140E+00  2.8913686105388E+00  5.7484800000000E+10
 28  2.6650883945092E+00  1.3185906930055E-01  2.0502288092660E+00  2.8913686105388E+00  5.7484800000000E+10
 29  2.6895143004641E+00  1.2618770250478E-01  2.0943131731032E+00  2.8928123713244E+00  5.7484800000000E+10
 30  2.7327209386691E+00  7.3253094557498E-02  2.2367069884893E+00  2.8664473267281E+00  5.7484800000000E+10
 31  2.7170028285176E+00  3.1756200368704E-02  2.5907120583670E+00  2.8231328421426E+00  5.7484800000000E+10
 32  2.6476226797563E+00  2.7167564668761E-02  2.5772528516488E+00  2.7513491587804E+00  5.7484800000000E+10
 33  2.5526220147708E+00  2.4973242700137E-02  2.5021797281352E+00  2.6500259023962E+00  5.7484800000000E+10
 34  2.4497568167828E+00  2.0599145663711E-02  2.3914976882374E+00  2.5251777260770E+00  5.7484800000000E+10
 35  2.3411030475969E+00  2.0225497030011E-02  2.2762513477461E+00  2.3947903106616E+00  5.7484800000000E+10
 36  2.2268674799959E+00  2.2218915779316E-02  2.1522579080932E+00  2.2853216296391E+00  5.7484800000000E+10
 37  2.1078796569457E+00  2.3847689233730E-02  2.0350273641420E+00  2.1740962675652E+00  5.7484800000000E+10
 38  1.9853260562488E+00  2.4319542739778E-02  1.9091272893957E+00  2.0548584459315E+00  5.7484800000000E+10
 39  1.8605395750923E+00  2.3730371739911E-02  1.7857569733005E+00  1.9338461769937E+00  5.7484800000000E+10
 40  1.7348499693311E+00  2.2339868581084E-02  1.6665255977261E+00  1.8110975760207E+00  5.7484800000000E+10
 41  1.6095360134926E+00  2.0442438659163E-02  1.5509073974976E+00  1.6853260540406E+00  5.7484800000000E+10
 42  1.4857946222136E+00  1.8285372889683E-02  1.4337603011381E+00  1.5569247255450E+00  5.7484800000000E+10
 43  1.3647086040465E+00  1.6059442837215E-02  1.3192340056759E+00  1.4281926829415E+00  5.7484800000000E+10
 44  1.2472293198799E+00  1.3908125551107E-02  1.2075565835128E+00  1.3020293964597E+00  5.7484800000000E+10
 45  1.1341720747369E+00  1.1913089151163E-02  1.1002212688983E+00  1.1821166150235E+00  5.7484800000000E+10
 46  1.0262203536290E+00  1.0122336291369E-02  9.9841240263442E-01  1.0688298597133E+00  5.7484800000000E+10
 47  9.2391252489192E-01  8.5536263480459E-03  9.0163595852465E-01  9.6123846397216E-01  5.7484800000000E+10
 48  8.2765683749801E-01  7.2061358171932E-03  8.0905633281396E-01  8.5940506605324E-01  5.7484800000000E+10
 49  7.3773555440338E-01  6.0580513996601E-03  7.2171350583342E-01  7.6484200902527E-01  5.7484800000000E+10
 50  6.5430520222695E-01  5.0946943925248E-03  6.4097091815583E-01  6.7683779387309E-01  5.7484800000000E+10
 51  5.7741469748326E-01  4.2934442872070E-03  5.6709195683725E-01  5.9669274632285E-01  5.7484800000000E+10
 52  5.0702155307659E-01  3.6245152306637E-03  4.9870289735554E-01  5.2401089400742E-01  5.7484800000000E+10
 53  4.4298938624171E-01  3.0581340482352E-03  4.3649736532860E-01  4.5767568579495E-01  5.7484800000000E+10
 54  3.8511251596954E-01  2.5897187228674E-03  3.7962188478561E-01  3.9753142014770E-01  5.7484800000000E+10
 55  3.3312889769576E-01  2.1970256338218E-03  3.2837205947295E-01  3.4350236648778E-01  5.7484800000000E+10
 56  2.8672505594623E-01  1.8661060787914E-03  2.8256759570371E-01  2.9543172470383E-01  5.7484800000000E+10
 57  2.4555396471747E-01  1.5820998284363E-03  2.4228607879270E-01  2.5276460891136E-01  5.7484800000000E+10
 58  2.0924505567988E-01  1.3340675840990E-03  2.0637576147542E-01  2.1505792329068E-01  5.7484800000000E+10
 59  1.7741518263405E-01  1.1291067767003E-03  1.7480161970293E-01  1.8217671947199E-01  5.7484800000000E+10
 60  1.4967812223935E-01  9.5557633682483E-04  1.4739492976017E-01  1.5421311671656E-01  5.7484800000000E+10
 61  1.2564654481541E-01  8.0255857481021E-04  1.2373149394642E-01  1.2964338750721E-01  5.7484800000000E+10
 62  1.0494705254286E-01  6.7070674503181E-04  1.0329907298725E-01  1.0824842643308E-01  5.7484800000000E+10
 63  8.7220245492365E-02  5.6087987119932E-04  8.5892429904342E-02  8.9952620932722E-02  5.7484800000000E+10
 64  7.2126609306977E-02  4.6519487353449E-04  7.0998782244138E-02  7.4359334754907E-02  5.7484800000000E+10
 65  5.9346782345706E-02  3.8254400428724E-04  5.8417081208484E-02  6.1186174543184E-02  5.7484800000000E+10
 66  4.8587493439103E-02  3.1656794949120E-04  4.7785208943175E-02  4.9968339187102E-02  5.7484800000000E+10
 67  3.9580656132535E-02  2.5988221344370E-04  3.8976606913162E-02  4.0648135633623E-02  5.7484800000000E+10
 68  3.2082225056139E-02  2.1170840396954E-04  3.1518704100703E-02  3.3044630240493E-02  5.7484800000000E+10
 69  2.5874658069026E-02  1.7149885926823E-04  2.5392974897373E-02  2.6693616853731E-02  5.7484800000000E+10
 70  2.0763932653676E-02  1.3837313701869E-04  2.0382249802898E-02  2.1427323692772E-02  5.7484800000000E+10
 71  1.6579295452621E-02  1.1216509144737E-04  1.6249821522847E-02  1.7107791264367E-02  5.7484800000000E+10
 72  1.3171837935695E-02  8.9241468948473E-05  1.2897639991176E-02  1.3612825315250E-02  5.7484800000000E+10
 73  1.0412414638908E-02  7.1077323041611E-05  1.0190529180249E-02  1.0746818697564E-02  5.7484800000000E+10
 74  8.1897976763772E-03  5.6331548777633E-05  8.0083851868959E-03  8.4569502815853E-03  5.7484800000000E+10
 75  6.4093669899074E-03  4.3939465292323E-05  6.2554183053199E-03  6.6046298737210E-03  5.7484800000000E+10
 76  4.9907773873331E-03  3.4346139043878E-05  4.8721864299200E-03  5.1571856542870E-03  5.7484800000000E+10
 77  3.8666486679052E-03  2.6631198470930E-05  3.7735161331212E-03  3.9896585774248E-03  5.7484800000000E+10
 78  2.9806326379747E-03  2.0513784847616E-05  2.9063188610019E-03  3.0732839177293E-03  5.7484800000000E+10
 79  2.2860009969602E-03  1.5760148035890E-05  2.2287810809801E-03  2.3560532977521E-03  5.7484800000000E+10
 80  1.7443364262272E-03  1.2070854990054E-05  1.6965271019896E-03  1.8003412717144E-03  5.7484800000000E+10
 81  1.3242164721470E-03  9.2976849118453E-06  1.2879474000566E-03  1.3667409231566E-03  5.7484800000000E+10
 82  1.0000905992829E-03  7.1201084163108E-06  9.7133925412769E-04  1.0353839727349E-03  5.7484800000000E+10
 83  7.5134035198150E-04  5.4239666430963E-06  7.2943297325715E-04  7.8094515578600E-04  5.7484800000000E+10
 84  5.6146955211450E-04  4.1120947546689E-06  5.4484616673598E-04  5.8407565203917E-04  5.7484800000000E+10
 85  4.1729113995501E-04  3.0375026155063E-06  4.0481480512413E-04  4.3278134117556E-04  5.7484800000000E+10
 86  3.0839617385652E-04  2.2017287153178E-06  3.0017802895253E-04  3.1906461512741E-04  5.7484800000000E+10
 87  2.2658127044924E-04  1.6264987851030E-06  2.2002484568385E-04  2.3524070443755E-04  5.7484800000000E+10
 88  1.6543800890116E-04  1.2033126174104E-06  1.6058625952232E-04  1.7165138641685E-04  5.7484800000000E+10
 89  1.1998048720848E-04  8.8393950014394E-07  1.1646514039908E-04  1.2399870346295E-04  5.7484800000000E+10
 90  8.6362467711522E-05  6.4915879944260E-07  8.4091502779460E-05  8.9411489546951E-05  5.7484800000000E+10
 91  6.1627426786697E-05  4.7886568117301E-07  5.9834826990355E-05  6.4116455752875E-05  5.7484800000000E+10
 92  4.3525070254974E-05  3.6579483887289E-07  4.2161054372290E-05  4.5552487704659E-05  5.7484800000000E+10
 93  3.0345507728257E-05  2.7279857610861E-07  2.9252902306640E-05  3.1889989017754E-05  5.7484800000000E+10
 94  2.0799581658980E-05  1.9866665882537E-07  1.9939994636029E-05  2.1780877617984E-05  5.7484800000000E+10
 95  1.3922595536242E-05  1.4169112256161E-07  1.3292633408709E-05  1.4612441938997E-05  5.7484800000000E+10
 96  8.9942333274833E-06  9.8449353034391E-08  8.5472863144594E-06  9.4541963933095E-06  5.7484800000000E+10
 97  5.4810307242748E-06  6.4831703130210E-08  5.1789639243681E-06  5.7751723704317E-06  5.7484800000000E+10
 98  2.9760906707898E-06  4.3119171776882E-08  2.7941256173066E-06  3.1331022856293E-06  5.7484800000000E+10
 99  1.1601136583411E-06  3.4865733066562E-08  1.0452681759027E-06  1.2583485824651E-06  5.7484800000000E+10
100  7.5135033281342E-08  3.0925286534851E-08  2.1685401435320E-08  1.7358392517089E-07  5.7484800000000E+10
 
 field : TRAC04   ; Iter =      7200 ; region #   0 ; nb.Lev = 100
 k | --   Average    -- | --   Std.Dev    -- | --     min      -- | --     max      -- | --    Vol
  0  1.0019835966710E+00  9.2326718331489E-01  1.0313167913044E-03  4.3852459478249E+00  5.7484800000000E+12
  1  2.7522385702475E+00  1.3065715770455E+00  1.4608863437914E-02  4.3852459478249E+00  5.7484800000000E+10
  2  2.6646293718949E+00  1.2612528739618E+00  1.4063431873632E-02  4.3296977721029E+00  5.7484800000000E+10
  3  2.5717054356814E+00  1.2167460807592E+00  1.3301599315790E-02  4.2332721705029E+00  5.7484800000000E+10
  4  2.4928597716742E+00  1.1796844758665E+00  1.2357458564026E-02  4.1430303239646E+00  5.7484800000000E+10
  5  2.4200379620028E+00  1.1437914179633E+00  1.1332168594958E-02  4.0293717523823E+00  5.7484800000000E+10
  6  2.3505105671436E+00  1.1086082360077E+00  9.9581636545989E-03  3.9072662205605E+00  5.7484800000000E+10
  7  2.2851638334573E+00  1.0748635692331E+00  9.3049305227083E-03  3.8513484572659E+00  5.7484800000000E+10
  8  2.2244299608951E+00  1.0434518716422E+00  9.3029848689878E-03  3.8151770008187E+00  5.7484800000000E+10
  9  2.1681587734994E+00  1.0149518714864E+00  9.3256447687157E-03  3.7811593453000E+00  5.7484800000000E+10
 10  2.1165360597563E+00  9.8964610530338E-01  9.3932921055591E-03  3.7313200392925E+00  5.7484800000000E+10
 11  2.0685577035844E+00  9.6707613530817E-01  9.5029515724938E-03  3.6650157086275E+00  5.7484800000000E+10
 12  2.0227541289268E+00  9.4647395919345E-01  9.6352355314740E-03  3.6668149197670E+00  5.7484800000000E+10
 13  1.9811790997654E+00  9.2879161269216E-01  9.7545249972898E-03  3.6649333184016E+00  5.7484800000000E+10
 14  1.9436311275824E+00  9.1428095288268E-01  9.8505447559552E-03  3.6604204698258E+00  5.7484800000000E+10
 15  1.9108544262657E+00  9.0240029834882E-01  9.9585103397090E-03  3.6570392260851E+00  5.7484800000000E+10
 16  1.8821709986915E+00  8.9196056039786E-01  1.0109107570739E-02  3.6591562451055E+00  5.7484800000000E+10
 17  1.8575311999511E+00  8.8248994757073E-01  1.0282392182744E-02  3.6725037291978E+00  5.7484800000000E+10
 18  1.8342540004417E+00  8.7323146693830E-01  1.0440271423389E-02  3.6781061022752E+00  5.7484800000000E+10
 19  1.8108819717603E+00  8.6270179898304E-01  1.0538400324709E-02  3.6627084506997E+00  5.7484800000000E+10
 20  1.7863917751930E+00  8.5019541032604E-01  1.0550875964591E-02  3.3736452999104E+00  5.7484800000000E+10
 21  1.7607974398584E+00  8.3740976101343E-01  1.0511920929164E-02  3.2233129880485E+00  5.7484800000000E+10
 22  1.7351071616683E+00  8.2637438469209E-01  1.0484123144236E-02  3.2172800365650E+00  5.7484800000000E+10
 23  1.7095600840174E+00  8.1633642776564E-01  1.0536238262664E-02  3.2119383193665E+00  5.7484800000000E+10
 24  1.6828897017911E+00  8.0542138764635E-01  1.0686287896544E-02  3.2014001619227E+00  5.7484800000000E+10
 25  1.6544037827975E+00  7.9392311375128E-01  1.0773165093849E-02  3.1884345454522E+00  5.7484800000000E+10
 26  1.6223584740526E+00  7.8067123691050E-01  1.0346009557999E-02  3.1594693669754E+00  5.7484800000000E+10
 27  1.5825026102841E+00  7.6324373531580E-01  9.1459407661516E-03  3.0502245615237E+00  5.7484800000000E+10
 28  1.5327544909267E+00  7.3997222642850E-01  8.2411341820086E-03  3.0501677719121E+00  5.7484800000000E+10
 29  1.4851404891122E+00  7.1593036672243E-01  8.2404718733468E-03  3.0495864541441E+00  5.7484800000000E+10
 30  1.3823149488956E+00  6.6647425110222E-01  7.9136042428422E-03  2.7605110639249E+00  5.7484800000000E+10
 31  1.2784997261356E+00  6.1622219472747E-01  7.0565183423262E-03  2.1830487191766E+00  5.7484800000000E+10
 32  1.2209713045818E+00  5.8753264727993E-01  6.5282336266541E-03  1.9453402245313E+00  5.7484800000000E+10
 33  1.1934465895951E+00  5.7382580589629E-01  6.3616621622910E-03  1.8943618481229E+00  5.7484800000000E+10
 34  1.1709337221028E+00  5.6319808821994E-01  6.1271951132964E-03  1.8443710095763E+00  5.7484800000000E+10
 35  1.1455491198288E+00  5.5132645619738E-01  5.9198731007373E-03  1.7957411985277E+00  5.7484800000000E+10
 36  1.1178200191187E+00  5.3822957175769E-01  5.7943470510677E-03  1.7483334705257E+00  5.7484800000000E+10
 37  1.0892416258554E+00  5.2459216125543E-01  5.5769008403493E-03  1.7018970129137E+00  5.7484800000000E+10
 38  1.0606663669291E+00  5.1086468937252E-01  5.4047791894078E-03  1.6567665966846E+00  5.7484800000000E+10
 39  1.0324820326760E+00  4.9726652600399E-01  5.3475708505660E-03  1.6131452825786E+00  5.7484800000000E+10
 40  1.0048833810721E+00  4.8391814922517E-01  5.1965119652361E-03  1.5706779142460E+00  5.7484800000000E+10
 41  9.7797566521197E-01  4.7088870825259E-01  5.0100408160368E-03  1.5293540641607E+00  5.7484800000000E+10
 42  9.5180490582324E-01  4.5821090885264E-01  4.8498274850584E-03  1.4890176667956E+00  5.7484800000000E+10
 43  9.2637776649250E-01  4.4589569240685E-01  4.7346638673594E-03  1.4498706804196E+00  5.7484800000000E+10
 44  9.0167971997553E-01  4.3394143218159E-01  4.6270627619770E-03  1.4115879741282E+00  5.7484800000000E+10
 45  8.7768828545534E-01  4.2233832102182E-01  4.4613861771114E-03  1.3745857906068E+00  5.7484800000000E+10
 46  8.5437999463137E-01  4.1107290663816E-01  4.3506865035241E-03  1.3382616086408E+00  5.7484800000000E+10
 47  8.3172808640156E-01  4.0013242758393E-01  4.2604039677100E-03  1.3030599438263E+00  5.7484800000000E+10
 48  8.0970787883401E-01  3.8950381759935E-01  4.1335757959686E-03  1.2688680658491E+00  5.7484800000000E+10
 49  7.8829609178725E-01  3.7917557901003E-01  4.0030826954140E-03  1.2353419917201E+00  5.7484800000000E+10
 50  7.6746994561309E-01  3.6913534631878E-01  3.9332334197921E-03  1.2027883780858E+00  5.7484800000000E+10
 51  7.4720985605972E-01  3.5937190339792E-01  3.8584300328029E-03  1.1713041538107E+00  5.7484800000000E+10
 52  7.2749758757888E-01  3.4987572787503E-01  3.7602825674923E-03  1.1406492239871E+00  5.7484800000000E+10
 53  7.0831433487351E-01  3.4063854932750E-01  3.6700625916620E-03  1.1105276189975E+00  5.7484800000000E+10
 54  6.8964412985581E-01  3.3165129689489E-01  3.5034869324271E-03  1.0812462157459E+00  5.7484800000000E+10
 55  6.7147313324110E-01  3.2290442006694E-01  3.4153551654159E-03  1.0528077339190E+00  5.7484800000000E+10
 56  6.5378527167217E-01  3.1439161070032E-01  3.3971820275488E-03  1.0251754023506E+00  5.7484800000000E+10
 57  6.3656684904714E-01  3.0610633833807E-01  3.2707766813861E-03  9.9787679609356E-01  5.7484800000000E+10
 58  6.1980395322528E-01  2.9804263769422E-01  3.1483791773133E-03  9.7173518005797E-01  5.7484800000000E+10
 59  6.0348511889604E-01  2.9019305470998E-01  3.0823762605448E-03  9.4636905896697E-01  5.7484800000000E+10
 60  5.8759827908244E-01  2.8255146263493E-01  3.0067012213412E-03  9.2148358420430E-01  5.7484800000000E+10
 61  5.7213001583743E-01  2.7511179274528E-01  2.8927462140868E-03  8.9706596842930E-01  5.7484800000000E+10
 62  5.5707073480052E-01  2.6786833786721E-01  2.8254850697534E-03  8.7360987986267E-01  5.7484800000000E+10
 63  5.4240858877367E-01  2.6081655748068E-01  2.7931603187166E-03  8.5043809534719E-01  5.7484800000000E+10
 64  5.2813293735249E-01  2.5395140320912E-01  2.7060720599889E-03  8.2820601341829E-01  5.7484800000000E+10
 65  5.1423302280810E-01  2.4726786168260E-01  2.6171461119402E-03  8.0647292569440E-01  5.7484800000000E+10
 66  5.0069961676150E-01  2.4075990636815E-01  2.5506588375126E-03  7.8525420357818E-01  5.7484800000000E+10
 67  4.8752301510335E-01  2.3442306652995E-01  2.4865829897845E-03  7.6455375985718E-01  5.7484800000000E+10
 68  4.7469276897272E-01  2.2825355254834E-01  2.4173656213119E-03  7.4447402874313E-01  5.7484800000000E+10
 69  4.6220115340633E-01  2.2224673553875E-01  2.3885862374220E-03  7.2495582017614E-01  5.7484800000000E+10
 70  4.5003796002011E-01  2.1639841436294E-01  2.3188027679155E-03  7.0586437684152E-01  5.7484800000000E+10
 71  4.3819472576462E-01  2.1070398761964E-01  2.2262124264374E-03  6.8720510925981E-01  5.7484800000000E+10
 72  4.2666368247385E-01  2.0515869547811E-01  2.1715473539010E-03  6.6916163691815E-01  5.7484800000000E+10
 73  4.1543610015127E-01  1.9976000139682E-01  2.1033254323702E-03  6.5153709304071E-01  5.7484800000000E+10
 74  4.0450363514668E-01  1.9450366210773E-01  2.0658157945842E-03  6.3431262701909E-01  5.7484800000000E+10
 75  3.9385937038263E-01  1.8938569365036E-01  2.0041249299656E-03  6.1781284201340E-01  5.7484800000000E+10
 76  3.8349497618972E-01  1.8440204595069E-01  1.9416070857358E-03  6.0144331297528E-01  5.7484800000000E+10
 77  3.7340348437023E-01  1.7954920676633E-01  1.8988588384820E-03  5.8558848982954E-01  5.7484800000000E+10
 78  3.6357752272154E-01  1.7482440140749E-01  1.8514523393120E-03  5.7022438077740E-01  5.7484800000000E+10
 79  3.5401007364965E-01  1.7022411817895E-01  1.8039213559619E-03  5.5527759634517E-01  5.7484800000000E+10
 80  3.4469414191383E-01  1.6574509934074E-01  1.7446091389137E-03  5.4073716857750E-01  5.7484800000000E+10
 81  3.3562350625293E-01  1.6138377932327E-01  1.6994408590947E-03  5.2636528363322E-01  5.7484800000000E+10
 82  3.2679197705403E-01  1.5713700146976E-01  1.6765979717826E-03  5.1262862227729E-01  5.7484800000000E+10
 83  3.1819256923272E-01  1.5300167340298E-01  1.6267588656393E-03  4.9914880654787E-01  5.7484800000000E+10
 84  3.0981975309782E-01  1.4897542683368E-01  1.5780525836586E-03  4.8611695270098E-01  5.7484800000000E+10
 85  3.0166675345791E-01  1.4505556603091E-01  1.5415197103401E-03  4.7320599261744E-01  5.7484800000000E+10
 86  2.9372857114242E-01  1.4123883789122E-01  1.4897596544008E-03  4.6080137714710E-01  5.7484800000000E+10
 87  2.8599911879910E-01  1.3752198199774E-01  1.4493964458620E-03  4.4865527125578E-01  5.7484800000000E+10
 88  2.7847312630859E-01  1.3390316026499E-01  1.4188966807310E-03  4.3697545900685E-01  5.7484800000000E+10
 89  2.7114522792031E-01  1.3037943999965E-01  1.3735475024268E-03  4.2541153880988E-01  5.7484800000000E+10
 90  2.6401024296251E-01  1.2694866098764E-01  1.3518379523967E-03  4.1422645380620E-01  5.7484800000000E+10
 91  2.5706267036481E-01  1.2360822871757E-01  1.3132948253815E-03  4.0335808026185E-01  5.7484800000000E+10
 92  2.5029817233548E-01  1.2035531748608E-01  1.2737711455166E-03  3.9271221019201E-01  5.7484800000000E+10
 93  2.4371167598665E-01  1.1718829105097E-01  1.2509758608031E-03  3.8237865293493E-01  5.7484800000000E+10
 94  2.3729840561890E-01  1.1410461583801E-01  1.2084937430419E-03  3.7238520559656E-01  5.7484800000000E+10
 95  2.3105459992724E-01  1.1110233352694E-01  1.1781879277686E-03  3.6266140487960E-01  5.7484800000000E+10
 96  2.2497853139748E-01  1.0818125417644E-01  1.1517545212182E-03  3.5294663587063E-01  5.7484800000000E+10
 97  2.1906119470784E-01  1.0533582319697E-01  1.1096902964774E-03  3.4389095488907E-01  5.7484800000000E+10
 98  2.1322507006284E-01  1.0252383472523E-01  1.0763134511674E-03  3.3472044012180E-01  5.7484800000000E+10
 99  2.0731931991957E-01  9.9664536752688E-02  1.0878306059760E-03  3.2539279036183E-01  5.7484800000000E+10
100  2.0264499047888E-01  9.7434070083038E-02  1.0313167913044E-03  3.1753156599134E-01  5.7484800000000E+10
 
 field : TRAC05   ; Iter =      7200 ; region #   0 ; nb.Lev = 100
 k | --   Average    -- | --   Std.Dev    -- | --     min      -- | --     max      -- | --    Vol
  0  1.0013564188416E+00  1.4322842820675E+00  2.3589667262021E-14  5.6221133649610E+00  5.7484800000000E+12
  1  1.2357965041576E+00  5.6971051207573E-01  2.4970517462227E-01  3.9911645064315E+00  5.7484800000000E+10
  2  1.4427441245671E+00  6.6888085837177E-01  2.9526817909947E-01  4.0589740700642E+00  5.7484800000000E+10
  3  1.6702484521380E+00  7.6910033082789E-01  3.2317405291804E-01  4.1170245317841E+00  5.7484800000000E+10
  4  1.8688543222989E+00  8.4995506213781E-01  3.4744388405222E-01  4.3287629215194E+00  5.7484800000000E+10
  5  2.0526423142206E+00  9.2503409859578E-01  3.7630151110313E-01  5.0377391046978E+00  5.7484800000000E+10
  6  2.2247917940876E+00  9.9500482662646E-01  4.0170445690756E-01  5.1031107127310E+00  5.7484800000000E+10
  7  2.3808121718650E+00  1.0541782796268E+00  4.3069143977328E-01  5.2130744371433E+00  5.7484800000000E+10
  8  2.5184779008039E+00  1.1082420121941E+00  4.8270149412013E-01  5.2130166674641E+00  5.7484800000000E+10
  9  2.6372071649236E+00  1.1594281103814E+00  5.7150397500390E-01  5.4079612868452E+00  5.7484800000000E+10
 10  2.7373139560468E+00  1.1999577277584E+00  6.1941665350434E-01  5.4715045588462E+00  5.7484800000000E+10
 11  2.8247059793481E+00  1.2312941804954E+00  6.0852386939492E-01  5.4622411440548E+00  5.7484800000000E+10
 12  2.9026184251956E+00  1.2553680929893E+00  6.1127929973254E-01  5.4112219110125E+00  5.7484800000000E+10
 13  2.9669111084873E+00  1.2703103212249E+00  6.6743376631215E-01  5.4162863506731E+00  5.7484800000000E+10
 14  3.0196873119585E+00  1.2798422948756E+00  6.6743376629904E-01  5.3638619586043E+00  5.7484800000000E+10
 15  3.0610558096166E+00  1.2833565174279E+00  7.1546673622187E-01  5.3194800785924E+00  5.7484800000000E+10
 16  3.0941304911535E+00  1.2835470900372E+00  8.2577056907085E-01  5.3662983181411E+00  5.7484800000000E+10
 17  3.1176811759441E+00  1.2837119512480E+00  8.5587544924627E-01  5.3883250868224E+00  5.7484800000000E+10
 18  3.1355685294042E+00  1.2834592260986E+00  8.2675443077100E-01  5.3849397575724E+00  5.7484800000000E+10
 19  3.1499615705330E+00  1.2849384019218E+00  8.2674085334836E-01  5.3544197045051E+00  5.7484800000000E+10
 20  3.1625138170887E+00  1.2880232597801E+00  8.2580733986342E-01  5.3179537053879E+00  5.7484800000000E+10
 21  3.1719033571514E+00  1.2908554789706E+00  7.9144834011944E-01  5.4777949322803E+00  5.7484800000000E+10
 22  3.1768478429993E+00  1.2888322761773E+00  8.2212423770495E-01  5.5758086212051E+00  5.7484800000000E+10
 23  3.1778685144311E+00  1.2819025227692E+00  8.8267373064425E-01  5.6016180567165E+00  5.7484800000000E+10
 24  3.1755537082963E+00  1.2731533589736E+00  8.8392905774459E-01  5.6221133649610E+00  5.7484800000000E+10
 25  3.1690310674364E+00  1.2633555897117E+00  8.8393231397277E-01  5.5469285472187E+00  5.7484800000000E+10
 26  3.1562813890880E+00  1.2523798715654E+00  8.8434976259421E-01  5.5426904380377E+00  5.7484800000000E+10
 27  3.1314824890896E+00  1.2365322790821E+00  9.1857547591451E-01  5.4696273376697E+00  5.7484800000000E+10
 28  3.0798317197388E+00  1.2089615944186E+00  9.1631938616318E-01  5.2422241838688E+00  5.7484800000000E+10
 29  3.0019357913534E+00  1.1625876310526E+00  9.1631933130992E-01  5.2437884693083E+00  5.7484800000000E+10
 30  2.7847642477837E+00  1.0834541802966E+00  8.6479782660198E-01  5.0122687269392E+00  5.7484800000000E+10
 31  2.4400807652710E+00  9.6313659901122E-01  7.7647540128682E-01  3.9943122339632E+00  5.7484800000000E+10
 32  2.1410856821582E+00  8.5105065411899E-01  6.9210272259854E-01  3.3325771759455E+00  5.7484800000000E+10
 33  1.9193656868416E+00  7.6577991040044E-01  6.2265883425518E-01  2.9780189336442E+00  5.7484800000000E+10
 34  1.7231475228116E+00  6.9125076393091E-01  5.5633969933993E-01  2.6529660172306E+00  5.7484800000000E+10
 35  1.5300022752193E+00  6.1666027464464E-01  4.9132856343355E-01  2.3387403813365E+00  5.7484800000000E+10
 36  1.3423367230245E+00  5.4245705974279E-01  4.2965587523766E-01  2.0461504343109E+00  5.7484800000000E+10
 37  1.1654714628280E+00  4.7133296987944E-01  3.7252650385107E-01  1.7729463037652E+00  5.7484800000000E+10
 38  1.0022192830681E+00  4.0507565557058E-01  3.1907380962593E-01  1.5235978238508E+00  5.7484800000000E+10
 39  8.5381749941172E-01  3.4458953044154E-01  2.7184060938903E-01  1.2979516435484E+00  5.7484800000000E+10
 40  7.2074301033946E-01  2.9029042091166E-01  2.3096017254812E-01  1.0961197985630E+00  5.7484800000000E+10
 41  6.0293611528232E-01  2.4227680105679E-01  1.9356317602599E-01  9.1779139455462E-01  5.7484800000000E+10
 42  4.9990296677987E-01  2.0039229331936E-01  1.6012649948794E-01  7.6156410285722E-01  5.7484800000000E+10
 43  4.1082005265998E-01  1.6429753230634E-01  1.3175723125933E-01  6.2684090005564E-01  5.7484800000000E+10
 44  3.3464216964490E-01  1.3354060436536E-01  1.0755494901001E-01  5.1014459583755E-01  5.7484800000000E+10
 45  2.7019457156572E-01  1.0761000921145E-01  8.6824911012790E-02  4.1243313915846E-01  5.7484800000000E+10
 46  2.1624455008084E-01  8.5973166340012E-02  6.9199860323799E-02  3.3045501017073E-01  5.7484800000000E+10
 47  1.7154662165831E-01  6.8099190348560E-02  5.4821033411250E-02  2.6213507044360E-01  5.7484800000000E+10
 48  1.3489174993071E-01  5.3478506377112E-02  4.3161919108986E-02  2.0626710085034E-01  5.7484800000000E+10
 49  1.0513639160648E-01  4.1635714119446E-02  3.3583267389282E-02  1.6066351093624E-01  5.7484800000000E+10
 50  8.1222498640518E-02  3.2135232247344E-02  2.5882105114661E-02  1.2413076367557E-01  5.7484800000000E+10
 51  6.2194368950515E-02  2.4587627143829E-02  1.9840970051421E-02  9.5192132470522E-02  5.7484800000000E+10
 52  4.7203984227770E-02  1.8649014514417E-02  1.5094314628730E-02  7.2395026206404E-02  5.7484800000000E+10
 53  3.5510056867413E-02  1.4021231231941E-02  1.1364592162112E-02  5.4416092431134E-02  5.7484800000000E+10
 54  2.6476854874323E-02  1.0449764280750E-02  8.5163569204420E-03  4.0652568151097E-02  5.7484800000000E+10
 55  1.9567153606949E-02  7.7196840894914E-03  6.2371714035469E-03  3.0056759736756E-02  5.7484800000000E+10
 56  1.4332702802092E-02  5.6527051186174E-03  4.5686528019097E-03  2.2051340188038E-02  5.7484800000000E+10
 57  1.0405585525402E-02  4.1027609884655E-03  3.3397130074646E-03  1.5947852140644E-02  5.7484800000000E+10
 58  7.4875533608357E-03  2.9516010365976E-03  2.4062694298638E-03  1.1483458380378E-02  5.7484800000000E+10
 59  5.3401133653523E-03  2.1047496436848E-03  1.7190707062352E-03  8.1931467026814E-03  5.7484800000000E+10
 60  3.7748678237161E-03  1.4876183251612E-03  1.2119452723871E-03  5.7990332419559E-03  5.7484800000000E+10
 61  2.6447065587567E-03  1.0420917358160E-03  8.4370746613714E-04  4.0628421349600E-03  5.7484800000000E+10
 62  1.8364801138999E-03  7.2354847111355E-04  5.8239897584654E-04  2.8227887561793E-03  5.7484800000000E+10
 63  1.2639450455215E-03  4.9794533839239E-04  4.0279066402074E-04  1.9528431918205E-03  5.7484800000000E+10
 64  8.6219521386315E-04  3.3963985777895E-04  2.7691594628130E-04  1.3258663044820E-03  5.7484800000000E+10
 65  5.8291974331484E-04  2.2961156886702E-04  1.8709784441585E-04  8.9951515916867E-04  5.7484800000000E+10
 66  3.9060803223750E-04  1.5385500278036E-04  1.2472932991956E-04  6.0100762487312E-04  5.7484800000000E+10
 67  2.5942252390658E-04  1.0217570035280E-04  8.2634191873022E-05  3.9916041413392E-04  5.7484800000000E+10
 68  1.7076498549461E-04  6.7252943637719E-05  5.4218588736091E-05  2.6309424121846E-04  5.7484800000000E+10
 69  1.1141096889209E-04  4.3876876249696E-05  3.5495203997264E-05  1.7174376165522E-04  5.7484800000000E+10
 70  7.2040892486553E-05  2.8371029693481E-05  2.3042015270095E-05  1.1124926361884E-04  5.7484800000000E+10
 71  4.6168609776522E-05  1.8181671301313E-05  1.4765301070201E-05  7.1256627651074E-05  5.7484800000000E+10
 72  2.9324914751890E-05  1.1547891122808E-05  9.3769094905348E-06  4.5363941556285E-05  5.7484800000000E+10
 73  1.8460723945910E-05  7.2691768408845E-06  5.9008404939800E-06  2.8623964055094E-05  5.7484800000000E+10
 74  1.1517882663348E-05  4.5349243064026E-06  3.7036793979940E-06  1.7925394865569E-05  5.7484800000000E+10
 75  7.1223749981889E-06  2.8040365856928E-06  2.2786811174020E-06  1.1054023425481E-05  5.7484800000000E+10
 76  4.3651204018988E-06  1.7183419112328E-06  1.3952092312312E-06  6.7562662066514E-06  5.7484800000000E+10
 77  2.6515187982396E-06  1.0436123708367E-06  8.4400940326246E-07  4.1181515929289E-06  5.7484800000000E+10
 78  1.5963434243116E-06  6.2820702122205E-07  5.1236162313966E-07  2.4770091204373E-06  5.7484800000000E+10
 79  9.5253257917487E-07  3.7481489885704E-07  3.0568702204926E-07  1.4827209881226E-06  5.7484800000000E+10
 80  5.6331303576630E-07  2.2163005285698E-07  1.7985034122411E-07  8.7699236115538E-07  5.7484800000000E+10
 81  3.3016469493415E-07  1.2987215925602E-07  1.0467159954120E-07  5.1345509982527E-07  5.7484800000000E+10
 82  1.9178585803034E-07  7.5423422166651E-08  6.0437718509798E-08  3.0029568060344E-07  5.7484800000000E+10
 83  1.1040675977442E-07  4.3407644084974E-08  3.5095227780145E-08  1.7322343461644E-07  5.7484800000000E+10
 84  6.2994281488798E-08  2.4759870347043E-08  2.0166912839123E-08  9.9648962935033E-08  5.7484800000000E+10
 85  3.5623218639650E-08  1.3998324901514E-08  1.1419767711564E-08  5.6124937163146E-08  5.7484800000000E+10
 86  1.9967247393984E-08  7.8443601658360E-09  6.4011733242348E-09  3.1514907645732E-08  5.7484800000000E+10
 87  1.1093203150745E-08  4.3571851952318E-09  3.5092394363576E-09  1.7447278982474E-08  5.7484800000000E+10
 88  6.1090465046675E-09  2.3993683260440E-09  1.9239398579759E-09  9.5943880473711E-09  5.7484800000000E+10
 89  3.3345921379710E-09  1.3097537144870E-09  1.0512787386782E-09  5.2411610205199E-09  5.7484800000000E+10
 90  1.8038876377769E-09  7.0859883525007E-10  5.6989915071197E-10  2.8364672093260E-09  5.7484800000000E+10
 91  9.6689727265553E-10  3.7989283114399E-10  3.0874490394580E-10  1.5379337457824E-09  5.7484800000000E+10
 92  5.1341436792739E-10  2.0179607958609E-10  1.6410959177693E-10  8.1266679668262E-10  5.7484800000000E+10
 93  2.6999508004225E-10  1.0622348595190E-10  8.6143998248015E-11  4.2947289797297E-10  5.7484800000000E+10
 94  1.4054851585289E-10  5.5427091527533E-11  4.4794814802066E-11  2.2359504859127E-10  5.7484800000000E+10
 95  7.2351462105486E-11  2.8676384051863E-11  2.2752657543986E-11  1.1602370814528E-10  5.7484800000000E+10
 96  3.6748540161513E-11  1.4718234846246E-11  1.1385163023640E-11  5.9112516329850E-11  5.7484800000000E+10
 97  1.8327506695789E-11  7.4966386107756E-12  5.3582130848121E-12  2.9897620946716E-11  5.7484800000000E+10
 98  8.8490237755944E-12  3.7795135397411E-12  2.3003711911384E-12  1.4620428254662E-11  5.7484800000000E+10
 99  3.9275621535621E-12  1.8456252360179E-12  7.3684207360062E-13  6.7052249642520E-12  5.7484800000000E+10
100  1.7894523913451E-12  1.0218897601018E-12  2.3589667262021E-14  3.1711883949283E-12  5.7484800000000E+10
 
# records End here.
