# header of file: stat_diagtracers
# frequency (s):      86400.000000
# phase (s)    :          0.000000
# Regions      :   0
# Fields       : TRAC01   TRAC02   TRAC03   TRAC04   TRAC05  
# Nb of levels :  100 100 100 100 100
# end of header ------------------------------------------------------------
 
 field : TRAC01   ; Iter =      1440 ; region #   0 ; nb.Lev = 100
 k | --   Average    -- | --   Std.Dev    -- | --     min      -- | --     max      -- | --    Vol
  0  9.9999999856927E-01  5.8002946160283E-01  0.0000000000000E+00  2.0000000002863E+00  5.7484800000000E+12
  1  1.9490191832905E+00  4.9437006316089E-02  1.7129985110599E+00  2.0000000002863E+00  5.7484800000000E+10
  2  1.9222668508466E+00  5.2052090463535E-02  1.6996729128048E+00  1.9951925713450E+00  5.7484800000000E+10
  3  1.8981929754779E+00  5.5377926476533E-02  1.6709272856160E+00  1.9825465374576E+00  5.7484800000000E+10
  4  1.8752763796051E+00  5.8064092587528E-02  1.6685825503930E+00  1.9756830650824E+00  5.7484800000000E+10
  5  1.8557332648977E+00  5.8617669677981E-02  1.6445148043047E+00  1.9694509929474E+00  5.7484800000000E+10
  6  1.8368120958060E+00  5.8647373020142E-02  1.6104687904534E+00  1.9585632896953E+00  5.7484800000000E+10
  7  1.8181702905140E+00  5.8956870252753E-02  1.5989689525535E+00  1.9444946607686E+00  5.7484800000000E+10
  8  1.8003736344448E+00  5.9689350952384E-02  1.5984397564114E+00  1.9330065686224E+00  5.7484800000000E+10
  9  1.7840240926432E+00  5.9998882818566E-02  1.5811375806702E+00  1.9237692941261E+00  5.7484800000000E+10
 10  1.7681708850959E+00  6.0200856604241E-02  1.5743128590088E+00  1.9171425436115E+00  5.7484800000000E+10
 11  1.7527193804206E+00  6.1120048369268E-02  1.5581535827692E+00  1.9070901766062E+00  5.7484800000000E+10
 12  1.7378664575703E+00  6.1899339366455E-02  1.5577396260083E+00  1.8980684502020E+00  5.7484800000000E+10
 13  1.7240558767307E+00  6.2252640141194E-02  1.5572825871063E+00  1.8980655363941E+00  5.7484800000000E+10
 14  1.7115635040230E+00  6.2502841367115E-02  1.5360481641250E+00  1.8872872658563E+00  5.7484800000000E+10
 15  1.6998416766498E+00  6.1828306474918E-02  1.5303175238785E+00  1.8838475796146E+00  5.7484800000000E+10
 16  1.6888763208939E+00  6.0425480241076E-02  1.5258893844186E+00  1.8717932002816E+00  5.7484800000000E+10
 17  1.6786991525455E+00  5.8857770936511E-02  1.5222113566522E+00  1.8675366404837E+00  5.7484800000000E+10
 18  1.6682074725322E+00  5.7303241794879E-02  1.5158232637066E+00  1.8559342699531E+00  5.7484800000000E+10
 19  1.6584236469759E+00  5.5920876057789E-02  1.5083373571735E+00  1.8556701469869E+00  5.7484800000000E+10
 20  1.6484783497797E+00  5.4848054225356E-02  1.4996825129225E+00  1.8529370489710E+00  5.7484800000000E+10
 21  1.6377485866773E+00  5.4713014925509E-02  1.4859445371938E+00  1.8520331295625E+00  5.7484800000000E+10
 22  1.6266736955466E+00  5.5474115680002E-02  1.4824326517013E+00  1.8508059429616E+00  5.7484800000000E+10
 23  1.6148715652768E+00  5.5921841026964E-02  1.4762333109202E+00  1.8484782048434E+00  5.7484800000000E+10
 24  1.6020227668441E+00  5.6661434160298E-02  1.4654097244716E+00  1.8437145545934E+00  5.7484800000000E+10
 25  1.5882831917554E+00  5.7681787667004E-02  1.4579092641982E+00  1.7666666057968E+00  5.7484800000000E+10
 26  1.5748175811096E+00  5.8777962908320E-02  1.4545715357263E+00  1.7613471542103E+00  5.7484800000000E+10
 27  1.5591050353826E+00  5.9926210837147E-02  1.4429972273750E+00  1.7554361063227E+00  5.7484800000000E+10
 28  1.5391164960256E+00  6.1124052931419E-02  1.4230230908799E+00  1.7280715830546E+00  5.7484800000000E+10
 29  1.5157546429869E+00  6.1804927395388E-02  1.4121804478794E+00  1.7167928488002E+00  5.7484800000000E+10
 30  1.4730833606517E+00  4.9778755313736E-02  1.3915074825033E+00  1.7000263847840E+00  5.7484800000000E+10
 31  1.3988513926155E+00  6.5518723350393E-03  1.3795487539012E+00  1.4435526900640E+00  5.7484800000000E+10
 32  1.3728289233976E+00  9.5769132780869E-04  1.3673147863595E+00  1.3759186913662E+00  5.7484800000000E+10
 33  1.3533881411175E+00  5.0558997064282E-04  1.3508141372792E+00  1.3559148876467E+00  5.7484800000000E+10
 34  1.3333417407662E+00  4.6108760503243E-04  1.3310230989718E+00  1.3353975950095E+00  5.7484800000000E+10
 35  1.3131338032235E+00  4.3995501831211E-04  1.3110260939005E+00  1.3155063080584E+00  5.7484800000000E+10
 36  1.2929294152200E+00  4.3474172565182E-04  1.2910113412916E+00  1.2948079666842E+00  5.7484800000000E+10
 37  1.2727272400174E+00  4.2193694381852E-04  1.2709190419214E+00  1.2745477084730E+00  5.7484800000000E+10
 38  1.2525253288632E+00  4.1873364432999E-04  1.2507192142542E+00  1.2542041892463E+00  5.7484800000000E+10
 39  1.2323231976773E+00  4.1690484366776E-04  1.2302125714408E+00  1.2340528434390E+00  5.7484800000000E+10
 40  1.2121213598546E+00  4.1278346672505E-04  1.2103367764991E+00  1.2139382214890E+00  5.7484800000000E+10
 41  1.1919194696151E+00  4.0445768691838E-04  1.1903445131368E+00  1.1937670634057E+00  5.7484800000000E+10
 42  1.1717168034857E+00  4.0645506788999E-04  1.1700077443533E+00  1.1734316939184E+00  5.7484800000000E+10
 43  1.1515154747808E+00  4.0239948754300E-04  1.1498922831725E+00  1.1532182668972E+00  5.7484800000000E+10
 44  1.1313131942449E+00  4.0062429571641E-04  1.1296696413332E+00  1.1329326665581E+00  5.7484800000000E+10
 45  1.1111114082627E+00  3.8619990254467E-04  1.1095062532341E+00  1.1127804129114E+00  5.7484800000000E+10
 46  1.0909088850860E+00  3.8743158286331E-04  1.0892160864205E+00  1.0926181822801E+00  5.7484800000000E+10
 47  1.0707070554049E+00  3.9566176792529E-04  1.0691409870588E+00  1.0724210160114E+00  5.7484800000000E+10
 48  1.0505050309421E+00  3.9506677023527E-04  1.0489155262256E+00  1.0520932285898E+00  5.7484800000000E+10
 49  1.0303030644667E+00  3.8735843931656E-04  1.0285731223411E+00  1.0320278908051E+00  5.7484800000000E+10
 50  1.0101010980198E+00  3.9200692406558E-04  1.0086733165002E+00  1.0117231568358E+00  5.7484800000000E+10
 51  9.8989883098304E-01  3.9268710475293E-04  9.8825892535888E-01  9.9157090861851E-01  5.7484800000000E+10
 52  9.6969697703895E-01  3.9628617344490E-04  9.6812959136334E-01  9.7160863082334E-01  5.7484800000000E+10
 53  9.4949502950167E-01  3.8986542207036E-04  9.4778741773815E-01  9.5125612207369E-01  5.7484800000000E+10
 54  9.2929287694306E-01  3.9037171161213E-04  9.2765644949793E-01  9.3126830267488E-01  5.7484800000000E+10
 55  9.0909077305244E-01  3.9269190552856E-04  9.0747385885213E-01  9.1062554064758E-01  5.7484800000000E+10
 56  8.8888881071578E-01  3.9471332130590E-04  8.8718742936400E-01  8.9062382264131E-01  5.7484800000000E+10
 57  8.6868726020985E-01  3.9640395112972E-04  8.6683205541767E-01  8.7070452297448E-01  5.7484800000000E+10
 58  8.4848505583675E-01  3.7376901356787E-04  8.4688058966887E-01  8.5028871792374E-01  5.7484800000000E+10
 59  8.2828224286901E-01  3.8831176163265E-04  8.2665754851055E-01  8.2985344548178E-01  5.7484800000000E+10
 60  8.0808119355125E-01  3.8788987476902E-04  8.0640968809761E-01  8.0962880889025E-01  5.7484800000000E+10
 61  7.8787873276298E-01  3.8215611587448E-04  7.8644773065822E-01  7.8944865076000E-01  5.7484800000000E+10
 62  7.6767665586307E-01  3.8973727420922E-04  7.6609695367005E-01  7.6944689039336E-01  5.7484800000000E+10
 63  7.4747440657440E-01  3.9468357117781E-04  7.4589831391448E-01  7.4923023712459E-01  5.7484800000000E+10
 64  7.2727282671672E-01  3.9442793504457E-04  7.2577191753908E-01  7.2910495350149E-01  5.7484800000000E+10
 65  7.0707070981261E-01  3.9888476480992E-04  7.0549565059779E-01  7.0867829505940E-01  5.7484800000000E+10
 66  6.8686834979900E-01  4.0644186548699E-04  6.8510111750811E-01  6.8863610135650E-01  5.7484800000000E+10
 67  6.6666677293871E-01  4.0742957856535E-04  6.6525633597740E-01  6.6845597958303E-01  5.7484800000000E+10
 68  6.4646435628869E-01  4.1423823272023E-04  6.4495926675251E-01  6.4810735669072E-01  5.7484800000000E+10
 69  6.2626269829761E-01  4.1231457218032E-04  6.2455501252279E-01  6.2806699557732E-01  5.7484800000000E+10
 70  6.0606067073591E-01  4.0857624477709E-04  6.0449860767758E-01  6.0774671628242E-01  5.7484800000000E+10
 71  5.8585876448651E-01  4.1705882686052E-04  5.8426256633639E-01  5.8762202723422E-01  5.7484800000000E+10
 72  5.6565627069334E-01  4.0869641811156E-04  5.6400436459118E-01  5.6732205837892E-01  5.7484800000000E+10
 73  5.4545460547606E-01  4.1092365645820E-04  5.4378893383312E-01  5.4695542244589E-01  5.7484800000000E+10
 74  5.2525221238580E-01  4.2476260688925E-04  5.2338414702463E-01  5.2692909038833E-01  5.7484800000000E+10
 75  5.0505103436676E-01  4.1612634718113E-04  5.0336994547150E-01  5.0689648613291E-01  5.7484800000000E+10
 76  4.8484792937569E-01  4.1774131600023E-04  4.8299155091042E-01  4.8651794569748E-01  5.7484800000000E+10
 77  4.6464683540564E-01  4.2158983798396E-04  4.6301428388969E-01  4.6664269399454E-01  5.7484800000000E+10
 78  4.4444437392938E-01  4.1480017225323E-04  4.4273874349928E-01  4.4628492352611E-01  5.7484800000000E+10
 79  4.2424271068615E-01  4.1216361145073E-04  4.2256670335017E-01  4.2598823664448E-01  5.7484800000000E+10
 80  4.0404006987190E-01  4.0841200061285E-04  4.0216270641154E-01  4.0585395346255E-01  5.7484800000000E+10
 81  3.8383808476393E-01  4.2906991043147E-04  3.8207055287546E-01  3.8557433760455E-01  5.7484800000000E+10
 82  3.6363670345444E-01  4.2300459598975E-04  3.6197963912935E-01  3.6532819581381E-01  5.7484800000000E+10
 83  3.4343356145421E-01  4.2955247781229E-04  3.4176488719826E-01  3.4510348922598E-01  5.7484800000000E+10
 84  3.2323283599755E-01  4.3697455475081E-04  3.2146828464132E-01  3.2484632361769E-01  5.7484800000000E+10
 85  3.0303035978565E-01  4.2816840267890E-04  3.0144978647136E-01  3.0459245245766E-01  5.7484800000000E+10
 86  2.8282846349124E-01  4.1713790023375E-04  2.8114357936673E-01  2.8444218342757E-01  5.7484800000000E+10
 87  2.6262553674978E-01  4.3233863113487E-04  2.6086655495041E-01  2.6430973182366E-01  5.7484800000000E+10
 88  2.4242485050282E-01  4.3234603119083E-04  2.4077034230711E-01  2.4435930208514E-01  5.7484800000000E+10
 89  2.2222150551060E-01  4.3902761125739E-04  2.2040129761044E-01  2.2397218025800E-01  5.7484800000000E+10
 90  2.0202096959695E-01  4.3408136442842E-04  2.0033968287377E-01  2.0353638278251E-01  5.7484800000000E+10
 91  1.8181784708763E-01  4.2473839752137E-04  1.8029230415868E-01  1.8360117652691E-01  5.7484800000000E+10
 92  1.6161605339952E-01  4.3826040080266E-04  1.5973032789777E-01  1.6336594655385E-01  5.7484800000000E+10
 93  1.4141444195567E-01  4.3297820843502E-04  1.3957116693271E-01  1.4326061337214E-01  5.7484800000000E+10
 94  1.2121186685282E-01  4.3417229791581E-04  1.1963001256732E-01  1.2295624938297E-01  5.7484800000000E+10
 95  1.0101031464111E-01  4.3503306772568E-04  9.9383320725180E-02  1.0273748457562E-01  5.7484800000000E+10
 96  8.0807913240689E-02  4.3044771630706E-04  7.9365580799457E-02  8.2391684510593E-02  5.7484800000000E+10
 97  6.0607354019747E-02  4.3535724406062E-04  5.8950986837493E-02  6.2267154136409E-02  5.7484800000000E+10
 98  4.0399432324242E-02  4.2252230021998E-04  3.8892737113454E-02  4.1974174967190E-02  5.7484800000000E+10
 99  1.9995373382612E-02  4.4979717325438E-04  1.8327678330889E-02  2.1271679550270E-02  5.7484800000000E+10
100  2.1591148523832E-04  1.6244972189579E-04  0.0000000000000E+00  1.0045162559166E-03  5.7484800000000E+10
 
 field : TRAC02   ; Iter =      1440 ; region #   0 ; nb.Lev = 100
 k | --   Average    -- | --   Std.Dev    -- | --     min      -- | --     max      -- | --    Vol
  0  1.0000000007424E+00  4.7078407610439E-01 -1.7810462526680E-10  1.4304231297708E+00  5.7484800000000E+12
  1  4.6254561084191E-02  5.1745708760005E-02 -1.7810462526680E-10  3.2539348982305E-01  5.7484800000000E+10
  2  7.1123305250092E-02  5.7210470802127E-02  2.3187720287497E-03  3.4119728855411E-01  5.7484800000000E+10
  3  9.4997916552388E-02  6.3008980896652E-02  1.0918320952919E-02  3.7631199945480E-01  5.7484800000000E+10
  4  1.1876453018006E-01  6.8000185545450E-02  1.7585091515008E-02  3.7682094231363E-01  5.7484800000000E+10
  5  1.3975212073784E-01  7.0253840348561E-02  2.2880031839163E-02  4.0875042702964E-01  5.7484800000000E+10
  6  1.6072745698998E-01  7.1711672832707E-02  3.1522176506237E-02  4.5077035818632E-01  5.7484800000000E+10
  7  1.8209896577220E-01  7.3306786147763E-02  4.4312158598276E-02  4.7044535629039E-01  5.7484800000000E+10
  8  2.0323403044853E-01  7.5460635915383E-02  5.5491500315419E-02  4.7130029386786E-01  5.7484800000000E+10
  9  2.2314059265295E-01  7.6809268985462E-02  6.2145550408880E-02  5.0179973103399E-01  5.7484800000000E+10
 10  2.4296804195009E-01  7.7951793222084E-02  7.0904655902354E-02  5.0925142811595E-01  5.7484800000000E+10
 11  2.6270219571339E-01  8.0060152030370E-02  8.2331129687500E-02  5.3400581966109E-01  5.7484800000000E+10
 12  2.8202361091824E-01  8.1879160832151E-02  8.8002251721079E-02  5.3460914525907E-01  5.7484800000000E+10
 13  3.0022898621669E-01  8.3154470308001E-02  8.8006192060733E-02  5.3523694227203E-01  5.7484800000000E+10
 14  3.1692124577853E-01  8.4167694776896E-02  1.0421528140402E-01  5.7093978075530E-01  5.7484800000000E+10
 15  3.3275851223002E-01  8.3848770579240E-02  1.0856164165800E-01  5.7547037633391E-01  5.7484800000000E+10
 16  3.4770056236459E-01  8.2450710423648E-02  1.1656764080789E-01  5.8223382559154E-01  5.7484800000000E+10
 17  3.6171846592007E-01  8.0647195981654E-02  1.2238671264549E-01  5.8899629771421E-01  5.7484800000000E+10
 18  3.7633161199963E-01  7.8979125731047E-02  1.3356518618236E-01  5.9882917898447E-01  5.7484800000000E+10
 19  3.9007006111854E-01  7.7525408827198E-02  1.3377511743800E-01  6.1078649812456E-01  5.7484800000000E+10
 20  4.0426239420966E-01  7.6523582519648E-02  1.3855325195490E-01  6.2611771584590E-01  5.7484800000000E+10
 21  4.1979324326407E-01  7.6923215047461E-02  1.3976167714627E-01  6.4664481760498E-01  5.7484800000000E+10
 22  4.3600592748011E-01  7.8617671896079E-02  1.4132072664317E-01  6.5256710268446E-01  5.7484800000000E+10
 23  4.5339810805492E-01  7.9863994743481E-02  1.4435550349649E-01  6.6257907795295E-01  5.7484800000000E+10
 24  4.7250334662001E-01  8.1617682389174E-02  1.5065010501130E-01  6.7965508014218E-01  5.7484800000000E+10
 25  4.9311164488515E-01  8.3735372673403E-02  2.4695149332231E-01  6.9383262039600E-01  5.7484800000000E+10
 26  5.1348791780630E-01  8.5978191190286E-02  2.5593405638883E-01  6.9754170853693E-01  5.7484800000000E+10
 27  5.3746157312519E-01  8.8426903169717E-02  2.6403316828262E-01  7.1574426038071E-01  5.7484800000000E+10
 28  5.6813421275680E-01  9.1175092426164E-02  3.0029535625852E-01  7.4803714408205E-01  5.7484800000000E+10
 29  6.0414786153301E-01  9.3111456609139E-02  3.2019685868767E-01  7.6501338402496E-01  5.7484800000000E+10
 30  6.6964293982461E-01  7.6634381179362E-02  3.4433855210992E-01  7.9728950441907E-01  5.7484800000000E+10
 31  7.8574226626009E-01  1.0210726634739E-02  7.1573508136679E-01  8.1604470214407E-01  5.7484800000000E+10
 32  8.2579871149167E-01  1.4714083779266E-03  8.2110718126087E-01  8.3423565574986E-01  5.7484800000000E+10
 33  8.5490539858880E-01  7.5354708096807E-04  8.5114334368521E-01  8.5870453793542E-01  5.7484800000000E+10
 34  8.8425736512698E-01  6.6711117081252E-04  8.8128060390850E-01  8.8760936158757E-01  5.7484800000000E+10
 35  9.1309732320971E-01  6.1915370710908E-04  9.0975087913193E-01  9.1605901612716E-01  5.7484800000000E+10
 36  9.4110763918637E-01  5.9345234410744E-04  9.3853909612984E-01  9.4372285245461E-01  5.7484800000000E+10
 37  9.6823948276064E-01  5.5719703755107E-04  9.6583474117171E-01  9.7062361150797E-01  5.7484800000000E+10
 38  9.9445374018101E-01  5.3360234046036E-04  9.9231265841744E-01  9.9675236165071E-01  5.7484800000000E+10
 39  1.0197172471932E+00  5.1138341880818E-04  1.0175917144853E+00  1.0223007653586E+00  5.7484800000000E+10
 40  1.0440038155807E+00  4.8618955312800E-04  1.0418614491502E+00  1.0461035323235E+00  5.7484800000000E+10
 41  1.0672962799097E+00  4.5644607318595E-04  1.0652080545742E+00  1.0690704674359E+00  5.7484800000000E+10
 42  1.0895852880501E+00  4.3816447022899E-04  1.0877316280688E+00  1.0914242026121E+00  5.7484800000000E+10
 43  1.1108654449095E+00  4.1408359035391E-04  1.1091109633549E+00  1.1125307734018E+00  5.7484800000000E+10
 44  1.1311425121775E+00  3.9219449846782E-04  1.1295558134662E+00  1.1327498151723E+00  5.7484800000000E+10
 45  1.1504240899784E+00  3.5936781013350E-04  1.1488701141177E+00  1.1519143782877E+00  5.7484800000000E+10
 46  1.1687256435586E+00  3.4160354660670E-04  1.1672132741746E+00  1.1702163351466E+00  5.7484800000000E+10
 47  1.1860646965617E+00  3.3039405255894E-04  1.1846311586448E+00  1.1873691405065E+00  5.7484800000000E+10
 48  1.2024647685058E+00  3.1171664485104E-04  1.2012031881832E+00  1.2037141761437E+00  5.7484800000000E+10
 49  1.2179516553937E+00  2.8842671670971E-04  1.2166655900500E+00  1.2192372297551E+00  5.7484800000000E+10
 50  1.2325541392204E+00  2.7505390035732E-04  1.2314121559005E+00  1.2335540696716E+00  5.7484800000000E+10
 51  1.2463032485033E+00  2.5913572816420E-04  1.2451960867265E+00  1.2473814776903E+00  5.7484800000000E+10
 52  1.2592310177278E+00  2.4585192522421E-04  1.2580425905904E+00  1.2602002450617E+00  5.7484800000000E+10
 53  1.2713714617019E+00  2.2688915252821E-04  1.2703459262779E+00  1.2723616841272E+00  5.7484800000000E+10
 54  1.2827590654116E+00  2.1307846242179E-04  1.2816778162820E+00  1.2836495791819E+00  5.7484800000000E+10
 55  1.2934284700736E+00  2.0064123324138E-04  1.2926415218323E+00  1.2942512380334E+00  5.7484800000000E+10
 56  1.3034145085196E+00  1.8868912902341E-04  1.3025827656103E+00  1.3042239577391E+00  5.7484800000000E+10
 57  1.3127517269891E+00  1.7717810449567E-04  1.3118489632238E+00  1.3135787317120E+00  5.7484800000000E+10
 58  1.3214747470159E+00  1.5602021006498E-04  1.3207216211198E+00  1.3221444904650E+00  5.7484800000000E+10
 59  1.3296169836100E+00  1.5103675780162E-04  1.3290032732872E+00  1.3302473510238E+00  5.7484800000000E+10
 60  1.3372101797990E+00  1.4082322735873E-04  1.3366474068155E+00  1.3378166166646E+00  5.7484800000000E+10
 61  1.3442872266499E+00  1.2919812473736E-04  1.3437559103916E+00  1.3447708206850E+00  5.7484800000000E+10
 62  1.3508780374398E+00  1.2268148996996E-04  1.3503193697413E+00  1.3513740646484E+00  5.7484800000000E+10
 63  1.3570122296089E+00  1.1553543910212E-04  1.3564978850817E+00  1.3574722447881E+00  5.7484800000000E+10
 64  1.3627177902905E+00  1.0743712213238E-04  1.3622183277260E+00  1.3631257178559E+00  5.7484800000000E+10
 65  1.3680220300740E+00  1.0095688028715E-04  1.3676114394185E+00  1.3684178417310E+00  5.7484800000000E+10
 66  1.3729505301014E+00  9.5520871654131E-05  1.3725331312201E+00  1.3733652954317E+00  5.7484800000000E+10
 67  1.3775274752431E+00  8.8967397570679E-05  1.3771359247831E+00  1.3778341761523E+00  5.7484800000000E+10
 68  1.3817763813952E+00  8.3900798545636E-05  1.3814438136633E+00  1.3820785252117E+00  5.7484800000000E+10
 69  1.3857188044574E+00  7.7516370462229E-05  1.3853785319317E+00  1.3860387801048E+00  5.7484800000000E+10
 70  1.3893756550399E+00  7.1221296732186E-05  1.3890811729451E+00  1.3896469875707E+00  5.7484800000000E+10
 71  1.3927663216494E+00  6.7420720028533E-05  1.3924812306835E+00  1.3930235565807E+00  5.7484800000000E+10
 72  1.3959092311502E+00  6.1185095094729E-05  1.3956601576273E+00  1.3961565976194E+00  5.7484800000000E+10
 73  1.3988213988599E+00  5.7019857477877E-05  1.3986117803894E+00  1.3990523321914E+00  5.7484800000000E+10
 74  1.4015192058004E+00  5.4571976828508E-05  1.4013036113830E+00  1.4017581260413E+00  5.7484800000000E+10
 75  1.4040175298709E+00  4.9557126729169E-05  1.4037970340898E+00  1.4042172628954E+00  5.7484800000000E+10
 76  1.4063309129502E+00  4.5984838584998E-05  1.4061463906043E+00  1.4065341047931E+00  5.7484800000000E+10
 77  1.4084721437922E+00  4.3012477326291E-05  1.4082680807975E+00  1.4086391581624E+00  5.7484800000000E+10
 78  1.4104539531993E+00  3.9136242501232E-05  1.4102793500195E+00  1.4106146070640E+00  5.7484800000000E+10
 79  1.4122876536266E+00  3.6002392706849E-05  1.4121350569847E+00  1.4124337931146E+00  5.7484800000000E+10
 80  1.4139841589522E+00  3.2964591823458E-05  1.4138370765746E+00  1.4141350410633E+00  5.7484800000000E+10
 81  1.4155533460619E+00  3.2037073786851E-05  1.4154235301206E+00  1.4156852272144E+00  5.7484800000000E+10
 82  1.4170045542783E+00  2.9240733555208E-05  1.4168876117730E+00  1.4171188394226E+00  5.7484800000000E+10
 83  1.4183466161126E+00  2.7410312370666E-05  1.4182399762050E+00  1.4184527922529E+00  5.7484800000000E+10
 84  1.4195873248811E+00  2.5822117282134E-05  1.4194915215547E+00  1.4196912964226E+00  5.7484800000000E+10
 85  1.4207344345221E+00  2.3376592895390E-05  1.4206488156705E+00  1.4208204302850E+00  5.7484800000000E+10
 86  1.4217947584889E+00  2.1053922314187E-05  1.4217133663995E+00  1.4218795558881E+00  5.7484800000000E+10
 87  1.4227748391599E+00  2.0146854877278E-05  1.4226960586206E+00  1.4228567340309E+00  5.7484800000000E+10
 88  1.4236805192134E+00  1.8650706711184E-05  1.4235968794712E+00  1.4237514273625E+00  5.7484800000000E+10
 89  1.4245175749400E+00  1.7470453364759E-05  1.4244476840020E+00  1.4245898705709E+00  5.7484800000000E+10
 90  1.4252909320318E+00  1.5986591876403E-05  1.4252350503260E+00  1.4253525885237E+00  5.7484800000000E+10
 91  1.4260055764216E+00  1.4437648878574E-05  1.4259448709284E+00  1.4260571413458E+00  5.7484800000000E+10
 92  1.4266657885368E+00  1.3764495468746E-05  1.4266107745895E+00  1.4267248736021E+00  5.7484800000000E+10
 93  1.4272757125020E+00  1.2565346193258E-05  1.4272218664330E+00  1.4273290745050E+00  5.7484800000000E+10
 94  1.4278391754722E+00  1.1634858722037E-05  1.4277921838720E+00  1.4278814130977E+00  5.7484800000000E+10
 95  1.4283596368904E+00  1.0776311256018E-05  1.4283166759816E+00  1.4283997766095E+00  5.7484800000000E+10
 96  1.4288403990570E+00  9.8419208584943E-06  1.4288041122184E+00  1.4288733295623E+00  5.7484800000000E+10
 97  1.4292844155000E+00  9.1959362599187E-06  1.4292492233224E+00  1.4293192948349E+00  5.7484800000000E+10
 98  1.4296946318875E+00  8.2445850494776E-06  1.4296637890676E+00  1.4297239635399E+00  5.7484800000000E+10
 99  1.4300768142466E+00  7.9840471736512E-06  1.4300539192196E+00  1.4301059637586E+00  5.7484800000000E+10
100  1.4304194932475E+00  2.7388155913784E-06  1.4304061817813E+00  1.4304231297708E+00  5.7484800000000E+10
 
 field : TRAC03   ; Iter =      1440 ; region #   0 ; nb.Lev = 100
 k | --   Average    -- | --   Std.Dev    -- | --     min      -- | --     max      -- | --    Vol
  0  1.0000000043775E+00  1.0341239344393E+00  0.0000000000000E+00  2.9321339507559E+00  5.7484800000000E+12
  1  9.0546243035390E-01  2.5742831819783E-01  6.5424537069040E-01  2.0655790519171E+00  5.7484800000000E+10
  2  1.0387874224680E+00  2.7455806236455E-01  6.7324862163708E-01  2.1255137051874E+00  5.7484800000000E+10
  3  1.1633447806789E+00  2.9325632586312E-01  7.2029853976590E-01  2.2695195386207E+00  5.7484800000000E+10
  4  1.2845004110255E+00  3.0688170959541E-01  7.5660441568378E-01  2.2955872203385E+00  5.7484800000000E+10
  5  1.3894179291738E+00  3.0842322122767E-01  7.8665051319632E-01  2.4163351578199E+00  5.7484800000000E+10
  6  1.4914758208171E+00  3.0654949223390E-01  8.4010563992100E-01  2.6184428115135E+00  5.7484800000000E+10
  7  1.5918137745454E+00  3.0620103077848E-01  9.1687464926037E-01  2.6580248982033E+00  5.7484800000000E+10
  8  1.6866132831779E+00  3.0638001852166E-01  9.7766207773047E-01  2.6600166153410E+00  5.7484800000000E+10
  9  1.7730710934963E+00  3.0448430313430E-01  1.0216095711331E+00  2.6613047621307E+00  5.7484800000000E+10
 10  1.8554041525751E+00  3.0124917682877E-01  1.0639092468886E+00  2.7095513103366E+00  5.7484800000000E+10
 11  1.9340549910149E+00  3.0060509781638E-01  1.1153839830216E+00  2.7513472623725E+00  5.7484800000000E+10
 12  2.0079544845762E+00  2.9947817799237E-01  1.1637615050385E+00  2.7530880093858E+00  5.7484800000000E+10
 13  2.0754353216846E+00  2.9599387199783E-01  1.1637729818905E+00  2.7550562774527E+00  5.7484800000000E+10
 14  2.1354148573732E+00  2.9244016320647E-01  1.2176205821049E+00  2.8218945956199E+00  5.7484800000000E+10
 15  2.1905668827834E+00  2.8513634760453E-01  1.2345288083054E+00  2.8399986946092E+00  5.7484800000000E+10
 16  2.2414146181986E+00  2.7523523698164E-01  1.3147052428614E+00  2.8496217712672E+00  5.7484800000000E+10
 17  2.2873866120692E+00  2.6525231286267E-01  1.3417638862419E+00  2.8496461553666E+00  5.7484800000000E+10
 18  2.3332030703399E+00  2.5513221572208E-01  1.3987672116330E+00  2.8496489592919E+00  5.7484800000000E+10
 19  2.3747953411300E+00  2.4638804130930E-01  1.4099744754954E+00  2.8658175026638E+00  5.7484800000000E+10
 20  2.4149053287059E+00  2.3808069370257E-01  1.4139680182516E+00  2.8865167659496E+00  5.7484800000000E+10
 21  2.4547256589052E+00  2.3191956322784E-01  1.4181761506768E+00  2.9150464939160E+00  5.7484800000000E+10
 22  2.4935018653125E+00  2.2833108391077E-01  1.4240744903035E+00  2.9169729021216E+00  5.7484800000000E+10
 23  2.5323114369858E+00  2.2247043164826E-01  1.4350557334530E+00  2.9255921542708E+00  5.7484800000000E+10
 24  2.5712269937018E+00  2.1596298345473E-01  1.4571875350749E+00  2.9272989125685E+00  5.7484800000000E+10
 25  2.6091486766256E+00  2.0999480222140E-01  1.8798777339254E+00  2.9321339507553E+00  5.7484800000000E+10
 26  2.6413738500562E+00  2.0268779690343E-01  1.9052202259230E+00  2.9321339507559E+00  5.7484800000000E+10
 27  2.6732960381062E+00  1.9196448930308E-01  1.9377958419968E+00  2.9283278676984E+00  5.7484800000000E+10
 28  2.7057094766748E+00  1.7555695696247E-01  2.0242520228229E+00  2.9199074450706E+00  5.7484800000000E+10
 29  2.7337710779789E+00  1.5521585528518E-01  2.0540641135266E+00  2.9079325391910E+00  5.7484800000000E+10
 30  2.7765587184928E+00  9.1707425745481E-02  2.0994407172848E+00  2.8960863021013E+00  5.7484800000000E+10
 31  2.7230383639712E+00  1.0391478154804E-02  2.6253399198114E+00  2.7669789389090E+00  5.7484800000000E+10
 32  2.6401279130211E+00  2.9199293184378E-03  2.6260794488901E+00  2.6530357248024E+00  5.7484800000000E+10
 33  2.5490199201181E+00  2.3774855772271E-03  2.5360217344197E+00  2.5605534174743E+00  5.7484800000000E+10
 34  2.4491166729855E+00  2.3700797985374E-03  2.4371511381437E+00  2.4597133147273E+00  5.7484800000000E+10
 35  2.3413555098386E+00  2.4199049024035E-03  2.3297336726337E+00  2.3543447844501E+00  5.7484800000000E+10
 36  2.2271662866293E+00  2.5155548260156E-03  2.2160497362434E+00  2.2380156476967E+00  5.7484800000000E+10
 37  2.1079797498657E+00  2.5310914659618E-03  2.0971185370459E+00  2.1188972300881E+00  5.7484800000000E+10
 38  1.9852219797561E+00  2.5711103952320E-03  1.9741240890426E+00  1.9955278417580E+00  5.7484800000000E+10
 39  1.8602871547347E+00  2.5907170351039E-03  1.8471643618748E+00  1.8710326193813E+00  5.7484800000000E+10
 40  1.7345222127123E+00  2.5689306648657E-03  1.7234152919546E+00  1.7458304410654E+00  5.7484800000000E+10
 41  1.6091933262980E+00  2.4964871501668E-03  1.5994782580483E+00  1.6206028730929E+00  5.7484800000000E+10
 42  1.4854695437655E+00  2.4647862642971E-03  1.4751159663742E+00  1.4958822737413E+00  5.7484800000000E+10
 43  1.3644265806282E+00  2.3783791971504E-03  1.3548497169921E+00  1.3744982746584E+00  5.7484800000000E+10
 44  1.2469910257299E+00  2.2869875435545E-03  1.2376139996224E+00  1.2562397993375E+00  5.7484800000000E+10
 45  1.1339815622393E+00  2.1142393531956E-03  1.1252100761657E+00  1.1431237144357E+00  5.7484800000000E+10
 46  1.0260666786676E+00  2.0162007940928E-03  1.0172659574399E+00  1.0349921393490E+00  5.7484800000000E+10
 47  9.2379405951060E-01  1.9452273700133E-03  9.1611378234010E-01  9.3223511458354E-01  5.7484800000000E+10
 48  8.2756633198060E-01  1.8206234482591E-03  8.2027409607734E-01  8.3494540530171E-01  5.7484800000000E+10
 49  7.3766488307169E-01  1.6621994020222E-03  7.3025989068806E-01  7.4507814441149E-01  5.7484800000000E+10
 50  6.5425011622869E-01  1.5557721625642E-03  6.4859637663729E-01  6.6071624798522E-01  5.7484800000000E+10
 51  5.7737265270303E-01  1.4306777179229E-03  5.7142891395614E-01  5.8349326350922E-01  5.7484800000000E+10
 52  5.0698857798530E-01  1.3184923765682E-03  5.0180025129968E-01  5.1336831790901E-01  5.7484800000000E+10
 53  4.4296390025387E-01  1.1752788284807E-03  4.3784495611245E-01  4.4827727166953E-01  5.7484800000000E+10
 54  3.8509354011753E-01  1.0611753556346E-03  3.8066717246558E-01  3.9048732160160E-01  5.7484800000000E+10
 55  3.3311388939226E-01  9.5522207583246E-04  3.2920880687206E-01  3.3686905694869E-01  5.7484800000000E+10
 56  2.8671347514706E-01  8.5466270337420E-04  2.8306098601759E-01  2.9048819493307E-01  5.7484800000000E+10
 57  2.4554608134632E-01  7.5979650440294E-04  2.4200791971922E-01  2.4942082884225E-01  5.7484800000000E+10
 58  2.0923970033320E-01  6.3010214154893E-04  2.0653529594565E-01  2.1228158554628E-01  5.7484800000000E+10
 59  1.7741130839195E-01  5.7070105569469E-04  1.7503572706743E-01  1.7973959981028E-01  5.7484800000000E+10
 60  1.4967634124155E-01  4.9652152594057E-04  1.4753996268666E-01  1.5166330106374E-01  5.7484800000000E+10
 61  1.2564576140728E-01  4.2219681805520E-04  1.2406663784385E-01  1.2738348363248E-01  5.7484800000000E+10
 62  1.0494749447403E-01  3.6986599594287E-04  1.0345711961117E-01  1.0663651378707E-01  5.7484800000000E+10
 63  8.7221554300100E-02  3.1950075811447E-04  8.5953992456772E-02  8.8644771430065E-02  5.7484800000000E+10
 64  7.2128364182542E-02  2.7151181819825E-04  7.1101174831259E-02  7.3391584434755E-02  5.7484800000000E+10
 65  5.9349033452987E-02  2.3169913485287E-04  5.8449744478376E-02  6.0302357724057E-02  5.7484800000000E+10
 66  4.8590106288090E-02  1.9802689274141E-04  4.7732463603440E-02  4.9460788857361E-02  5.7484800000000E+10
 67  3.9583369706363E-02  1.6599982395631E-04  3.9014833176356E-02  4.0316204012515E-02  5.7484800000000E+10
 68  3.2084913837724E-02  1.3990190330008E-04  3.1584053783192E-02  3.2638815107707E-02  5.7484800000000E+10
 69  2.5877311039100E-02  1.1513127279043E-04  2.5405340492304E-02  2.6385062349507E-02  5.7484800000000E+10
 70  2.0766405855961E-02  9.3623297770472E-05  2.0412443956776E-02  2.1154522638381E-02  5.7484800000000E+10
 71  1.6581696013928E-02  7.8099102389125E-05  1.6285845088196E-02  1.6911844982969E-02  5.7484800000000E+10
 72  1.3174030916972E-02  6.2032110314183E-05  1.2923425647779E-02  1.3425953412155E-02  5.7484800000000E+10
 73  1.0414427724516E-02  5.0432788714568E-05  1.0210761420012E-02  1.0601858842585E-02  5.7484800000000E+10
 74  8.1916118804774E-03  4.1825668758046E-05  8.0099982954266E-03  8.3570750139626E-03  5.7484800000000E+10
 75  6.4110435169361E-03  3.2834648898381E-05  6.2794495187412E-03  6.5580457650082E-03  5.7484800000000E+10
 76  4.9922203245851E-03  2.6072339221495E-05  4.8783655782738E-03  5.0976234389352E-03  5.7484800000000E+10
 77  3.8679556001900E-03  2.0878993547274E-05  3.7864558463084E-03  3.9674730436057E-03  5.7484800000000E+10
 78  2.9817247889324E-03  1.6115375748000E-05  2.9159176591486E-03  3.0544460497509E-03  5.7484800000000E+10
 79  2.2869506975622E-03  1.2545686879460E-05  2.2363242818195E-03  2.3401960529036E-03  5.7484800000000E+10
 80  1.7451325106275E-03  9.6347713194377E-06  1.7015478491963E-03  1.7885550149504E-03  5.7484800000000E+10
 81  1.3248818006135E-03  7.8345194773471E-06  1.2927580116358E-03  1.3567351093260E-03  5.7484800000000E+10
 82  1.0006513204334E-03  5.9647092598348E-06  9.7747855103656E-04  1.0245294175742E-03  5.7484800000000E+10
 83  7.5180228796113E-04  4.6103409433925E-06  7.3410515178334E-04  7.6977674956498E-04  5.7484800000000E+10
 84  5.6185684118375E-04  3.5910649718830E-06  5.4749888843071E-04  5.7533499481573E-04  5.7484800000000E+10
 85  4.1760752514813E-04  2.6594700960449E-06  4.0794502952838E-04  4.2744733908682E-04  5.7484800000000E+10
 86  3.0865353713327E-04  1.9528332344065E-06  3.0088348641620E-04  3.1619738591829E-04  5.7484800000000E+10
 87  2.2678484590842E-04  1.5111443832147E-06  2.2067947258341E-04  2.3275010684860E-04  5.7484800000000E+10
 88  1.6560043078384E-04  1.1335337402423E-06  1.6139088144235E-04  1.7071864880364E-04  5.7484800000000E+10
 89  1.2010330287802E-04  8.4785366891175E-07  1.1663007540565E-04  1.2352758974485E-04  5.7484800000000E+10
 90  8.6457785081254E-05  6.2213504003602E-07  8.4092916284880E-05  8.8644860958098E-05  5.7484800000000E+10
 91  6.1699920857681E-05  4.4493154265546E-07  6.0139247753740E-05  6.3568865938357E-05  5.7484800000000E+10
 92  4.3580862187218E-05  3.3523003727935E-07  4.2154225039262E-05  4.4926565656721E-05  5.7484800000000E+10
 93  3.0388568587970E-05  2.4070476565973E-07  2.9378523900740E-05  3.1434601449576E-05  5.7484800000000E+10
 94  2.0832994326294E-05  1.7407660690496E-07  2.0206074941577E-05  2.1547453248308E-05  5.7484800000000E+10
 95  1.3948262215799E-05  1.2568675248747E-07  1.3488191767062E-05  1.4456011270614E-05  5.7484800000000E+10
 96  9.0131677808697E-06  8.8621021369504E-08  8.7195837350572E-06  9.3426324970852E-06  5.7484800000000E+10
 97  5.4942670841447E-06  6.3793059365913E-08  5.2549903112209E-06  5.7407231430974E-06  5.7484800000000E+10
 98  2.9976478361345E-06  4.3852676889427E-08  2.8423022321097E-06  3.1637912587173E-06  5.7484800000000E+10
 99  1.2248076481265E-06  3.1102261899851E-08  1.1173471701976E-06  1.3165778164257E-06  5.7484800000000E+10
100  1.1361240664670E-08  8.5944952460565E-09  0.0000000000000E+00  5.3297084680033E-08  5.7484800000000E+10
 
 field : TRAC04   ; Iter =      1440 ; region #   0 ; nb.Lev = 100
 k | --   Average    -- | --   Std.Dev    -- | --     min      -- | --     max      -- | --    Vol
  0  1.0019836199341E+00  9.2774019645553E-01  9.9586132406264E-04  4.4420878176658E+00  5.7484800000000E+12
  1  2.6880299918120E+00  1.3038246875405E+00  1.3926844329628E-02  4.4420878176658E+00  5.7484800000000E+10
  2  2.5969248456836E+00  1.2603850696452E+00  1.3395933454356E-02  4.3836168430500E+00  5.7484800000000E+10
  3  2.5173098260461E+00  1.2245830806772E+00  1.3230428984144E-02  4.3235258410293E+00  5.7484800000000E+10
  4  2.4432539881590E+00  1.1910955637792E+00  1.2537876349376E-02  4.2692019461006E+00  5.7484800000000E+10
  5  2.3818682058321E+00  1.1622942965576E+00  1.2054986964345E-02  4.2139319592552E+00  5.7484800000000E+10
  6  2.3241674589424E+00  1.1333198864963E+00  1.2053705879805E-02  4.1547350241201E+00  5.7484800000000E+10
  7  2.2682582592129E+00  1.1048386649669E+00  1.1480298788310E-02  4.0701885613990E+00  5.7484800000000E+10
  8  2.2160566298491E+00  1.0789903384370E+00  9.7123515884371E-03  4.0495529734844E+00  5.7484800000000E+10
  9  2.1668883959900E+00  1.0531616773985E+00  8.9725194641171E-03  3.9907489349742E+00  5.7484800000000E+10
 10  2.1190121420066E+00  1.0277603567729E+00  8.9725194648450E-03  3.9463426600253E+00  5.7484800000000E+10
 11  2.0738414022803E+00  1.0055450122534E+00  8.9725125216540E-03  3.8825316263517E+00  5.7484800000000E+10
 12  2.0312203841159E+00  9.8465803661400E-01  8.9724746885683E-03  3.8541434964639E+00  5.7484800000000E+10
 13  1.9932953075968E+00  9.6725710639883E-01  8.9723508693436E-03  3.8222164216200E+00  5.7484800000000E+10
 14  1.9596776514324E+00  9.5172077094046E-01  8.9720183921790E-03  3.7989137247027E+00  5.7484800000000E+10
 15  1.9280679439777E+00  9.3565153450991E-01  8.9712153101504E-03  3.7845206099843E+00  5.7484800000000E+10
 16  1.8983894804104E+00  9.1959013609901E-01  8.9696245226405E-03  3.7029665090215E+00  5.7484800000000E+10
 17  1.8720090473000E+00  9.0598809400736E-01  8.9657781020054E-03  3.6985691683033E+00  5.7484800000000E+10
 18  1.8468702906095E+00  8.9393578544539E-01  8.6659152468167E-03  3.6976235443639E+00  5.7484800000000E+10
 19  1.8233281898642E+00  8.8250321568679E-01  8.5799608287042E-03  3.6964496053486E+00  5.7484800000000E+10
 20  1.8005298341664E+00  8.7222305114985E-01  8.4080204802190E-03  3.5239297968607E+00  5.7484800000000E+10
 21  1.7755292489597E+00  8.6036697805280E-01  7.7577425392260E-03  3.4904974203802E+00  5.7484800000000E+10
 22  1.7503575301352E+00  8.4984286470942E-01  7.7122112050511E-03  3.3984294075063E+00  5.7484800000000E+10
 23  1.7244564981536E+00  8.3968473126912E-01  7.6665319188088E-03  3.3457310501486E+00  5.7484800000000E+10
 24  1.6958913298043E+00  8.2779944555160E-01  7.5328108555691E-03  3.2686738219892E+00  5.7484800000000E+10
 25  1.6650452992528E+00  8.1396756446960E-01  7.3567282291980E-03  3.2572698404575E+00  5.7484800000000E+10
 26  1.6353241119961E+00  8.0130920031715E-01  7.1648424297193E-03  3.2536210976583E+00  5.7484800000000E+10
 27  1.6015402321573E+00  7.8611597100426E-01  6.9757978286732E-03  3.2285839932602E+00  5.7484800000000E+10
 28  1.5598418950574E+00  7.6657754357116E-01  6.7443164627763E-03  3.1552305095754E+00  5.7484800000000E+10
 29  1.5086564711625E+00  7.3951417624830E-01  6.5268816353795E-03  3.0847716785250E+00  5.7484800000000E+10
 30  1.4232972835826E+00  6.9356464389774E-01  6.4399411553501E-03  2.8711588246411E+00  5.7484800000000E+10
 31  1.2822963314847E+00  6.1628096605650E-01  6.2703461652170E-03  2.0980674397769E+00  5.7484800000000E+10
 32  1.2380726881146E+00  5.9540690821499E-01  6.1054570138571E-03  1.9450733736848E+00  5.7484800000000E+10
 33  1.2068050420820E+00  5.8033237220093E-01  5.9448006697341E-03  1.8939688384847E+00  5.7484800000000E+10
 34  1.1753164069440E+00  5.6516549183300E-01  5.7883289489938E-03  1.8445582135317E+00  5.7484800000000E+10
 35  1.1443789666713E+00  5.5029007070246E-01  5.6359220238224E-03  1.7960065564205E+00  5.7484800000000E+10
 36  1.1142619479574E+00  5.3580920422819E-01  5.4875557217902E-03  1.7484234712641E+00  5.7484800000000E+10
 37  1.0849408558498E+00  5.2171020894212E-01  5.3421952608177E-03  1.7025311721413E+00  5.7484800000000E+10
 38  1.0563918331767E+00  5.0798246142238E-01  5.1990610925008E-03  1.6572443355015E+00  5.7484800000000E+10
 39  1.0285941662409E+00  4.9461503585918E-01  5.0656371164227E-03  1.6136432303953E+00  5.7484800000000E+10
 40  1.0015279502544E+00  4.8160041470952E-01  4.9323555700843E-03  1.5710849123968E+00  5.7484800000000E+10
 41  9.7517335341677E-01  4.6892804587947E-01  4.8025104978454E-03  1.5297238070793E+00  5.7484800000000E+10
 42  9.4951210605044E-01  4.5658907108146E-01  4.6761193223792E-03  1.4894670568821E+00  5.7484800000000E+10
 43  9.2452738747244E-01  4.4457423474627E-01  4.5530605899483E-03  1.4504956672093E+00  5.7484800000000E+10
 44  9.0019928820830E-01  4.3287630592570E-01  4.4332394148804E-03  1.4121997396911E+00  5.7484800000000E+10
 45  8.7651123094095E-01  4.2148609770453E-01  4.3161856262095E-03  1.3754228808576E+00  5.7484800000000E+10
 46  8.5344629332007E-01  4.1039526888584E-01  4.1999838494188E-03  1.3389859957845E+00  5.7484800000000E+10
 47  8.3098873512596E-01  3.9959602476786E-01  4.0878089156508E-03  1.3039275099507E+00  5.7484800000000E+10
 48  8.0912246821001E-01  3.8908159936012E-01  3.9800283436513E-03  1.2695506380293E+00  5.7484800000000E+10
 49  7.8783113444160E-01  3.7884357328785E-01  3.8785482855184E-03  1.2360411577063E+00  5.7484800000000E+10
 50  7.6709980016025E-01  3.6887461450364E-01  3.7776864822383E-03  1.2035819497203E+00  5.7484800000000E+10
 51  7.4691441443906E-01  3.5916854713849E-01  3.6782761330284E-03  1.1720751600978E+00  5.7484800000000E+10
 52  7.2726015057220E-01  3.4971747180253E-01  3.5814765398586E-03  1.1411565876967E+00  5.7484800000000E+10
 53  7.0812292507754E-01  3.4051521457147E-01  3.4872212950382E-03  1.1111626458417E+00  5.7484800000000E+10
 54  6.8948904870435E-01  3.3155553722128E-01  3.3942650871040E-03  1.0819750598023E+00  5.7484800000000E+10
 55  6.7134607947088E-01  3.2283102782244E-01  3.3053648900226E-03  1.0537377771591E+00  5.7484800000000E+10
 56  6.5368012783795E-01  3.1433591822934E-01  3.2190536501366E-03  1.0258397134130E+00  5.7484800000000E+10
 57  6.3647954522071E-01  3.0606459434589E-01  3.1339300198057E-03  9.9845860667918E-01  5.7484800000000E+10
 58  6.1973063176387E-01  2.9801093011352E-01  3.0509378142717E-03  9.7222894848788E-01  5.7484800000000E+10
 59  6.0342284508980E-01  2.9016961908125E-01  2.9703236160471E-03  9.4693053180602E-01  5.7484800000000E+10
 60  5.8754502497103E-01  2.8253448247518E-01  2.8918247463322E-03  9.2187858795799E-01  5.7484800000000E+10
 61  5.7208374179506E-01  2.7509976927547E-01  2.8154286353592E-03  8.9769525718828E-01  5.7484800000000E+10
 62  5.5703006137985E-01  2.6786058865346E-01  2.7417828288985E-03  8.7419740368152E-01  5.7484800000000E+10
 63  5.4237247247255E-01  2.6081235768071E-01  2.6707811940476E-03  8.5099316125526E-01  5.7484800000000E+10
 64  5.2810035502599E-01  2.5394912645297E-01  2.6004956558982E-03  8.2872119647023E-01  5.7484800000000E+10
 65  5.1420396121322E-01  2.4726745386846E-01  2.5314604384637E-03  8.0716398187645E-01  5.7484800000000E+10
 66  5.0067301763310E-01  2.4076079486960E-01  2.4646074746515E-03  7.8566481643459E-01  5.7484800000000E+10
 67  4.8749837684568E-01  2.3442521917388E-01  2.3997771737930E-03  7.6504926309068E-01  5.7484800000000E+10
 68  4.7467007909676E-01  2.2825663347257E-01  2.3374771502899E-03  7.4498818040630E-01  5.7484800000000E+10
 69  4.6217982272197E-01  2.2225025059117E-01  2.2761141004307E-03  7.2554415893121E-01  5.7484800000000E+10
 70  4.5001797790618E-01  2.1640231018787E-01  2.2162266172245E-03  7.0631271712024E-01  5.7484800000000E+10
 71  4.3817621892496E-01  2.1070822144960E-01  2.1578061540053E-03  6.8785869406602E-01  5.7484800000000E+10
 72  4.2664574189128E-01  2.0516325185816E-01  2.1009744225583E-03  6.6957630187448E-01  5.7484800000000E+10
 73  4.1541909494863E-01  1.9976474787503E-01  2.0456723849053E-03  6.5197424714013E-01  5.7484800000000E+10
 74  4.0448747771342E-01  1.9450838946632E-01  1.9918442159187E-03  6.3465435572272E-01  5.7484800000000E+10
 75  3.9384419089203E-01  1.8939040135504E-01  1.9394056886242E-03  6.1815265001946E-01  5.7484800000000E+10
 76  3.8348003444908E-01  1.8440677398456E-01  1.8882953962728E-03  6.0172205906093E-01  5.7484800000000E+10
 77  3.7338960238958E-01  1.7955417824514E-01  1.8386593580488E-03  5.8612470227282E-01  5.7484800000000E+10
 78  3.6356371542467E-01  1.7482917429174E-01  1.7902702783751E-03  5.7058727612116E-01  5.7484800000000E+10
 79  3.5399718784689E-01  1.7022915212148E-01  1.7431486716429E-03  5.5559768015501E-01  5.7484800000000E+10
 80  3.4468172706268E-01  1.6574979289838E-01  1.6963779119090E-03  5.4100500817188E-01  5.7484800000000E+10
 81  3.3561171764724E-01  1.6138842125709E-01  1.6512408233439E-03  5.2658687813586E-01  5.7484800000000E+10
 82  3.2678061354409E-01  1.5714143320485E-01  1.6089837066984E-03  5.1287668082195E-01  5.7484800000000E+10
 83  3.1818137993990E-01  1.5300640045421E-01  1.5665504799180E-03  4.9946904635904E-01  5.7484800000000E+10
 84  3.0980919254023E-01  1.4898034463127E-01  1.5249386709810E-03  4.8639907875926E-01  5.7484800000000E+10
 85  3.0165655729928E-01  1.4505998600559E-01  1.4846858917483E-03  4.7349797479301E-01  5.7484800000000E+10
 86  2.9371891086061E-01  1.4124329126708E-01  1.4454735371325E-03  4.6104628634300E-01  5.7484800000000E+10
 87  2.8598952947580E-01  1.3752630751254E-01  1.4072242197915E-03  4.4878764766301E-01  5.7484800000000E+10
 88  2.7846440360099E-01  1.3390769578150E-01  1.3703143618902E-03  4.3724295635483E-01  5.7484800000000E+10
 89  2.7113638588938E-01  1.3038371250751E-01  1.3341195307241E-03  4.2555477616311E-01  5.7484800000000E+10
 90  2.6400219377299E-01  1.2695300021629E-01  1.2996272720930E-03  4.1445293620145E-01  5.7484800000000E+10
 91  2.5705495104376E-01  1.2361258249340E-01  1.2656188456565E-03  4.0359891402448E-01  5.7484800000000E+10
 92  2.5029073891004E-01  1.2035960127772E-01  1.2326743401347E-03  3.9284916079238E-01  5.7484800000000E+10
 93  2.4370467994281E-01  1.1719264371483E-01  1.2002374385824E-03  3.8259041755992E-01  5.7484800000000E+10
 94  2.3729167675885E-01  1.1410878689541E-01  1.1686540897878E-03  3.7265391729940E-01  5.7484800000000E+10
 95  2.3104757488824E-01  1.1110611595737E-01  1.1379018331497E-03  3.6287646498280E-01  5.7484800000000E+10
 96  2.2496767084088E-01  1.0818243882933E-01  1.1079587991006E-03  3.5314405685351E-01  5.7484800000000E+10
 97  2.1904824349207E-01  1.0533608725392E-01  1.0788036935547E-03  3.4388331420169E-01  5.7484800000000E+10
 98  2.1328269823557E-01  1.0256381918635E-01  1.0504157827638E-03  3.3482002687006E-01  5.7484800000000E+10
 99  2.0761662692301E-01  9.9840276959662E-02  1.0227748785727E-03  3.2588504577993E-01  5.7484800000000E+10
100  2.0226343534995E-01  9.7263653481399E-02  9.9586132406264E-04  3.1722698633034E-01  5.7484800000000E+10
 
 field : TRAC05   ; Iter =      1440 ; region #   0 ; nb.Lev = 100
 k | --   Average    -- | --   Std.Dev    -- | --     min      -- | --     max      -- | --    Vol
  0  1.0013564127191E+00  1.4448395803321E+00  4.9146220483443E-15  5.9172875705439E+00  5.7484800000000E+12
  1  1.1123122715471E+00  5.7580214572992E-01  2.3055473662578E-01  4.1089475886653E+00  5.7484800000000E+10
  2  1.3325274425385E+00  6.6853476355794E-01  2.5333617522218E-01  4.1532932601870E+00  5.7484800000000E+10
  3  1.5382281855587E+00  7.5073503931379E-01  2.7979545974980E-01  4.3759206138676E+00  5.7484800000000E+10
  4  1.7384340771672E+00  8.2634267204025E-01  3.0106661478664E-01  4.7110965917144E+00  5.7484800000000E+10
  5  1.9099633842023E+00  8.8133953772711E-01  3.3012110518619E-01  4.8132946532147E+00  5.7484800000000E+10
  6  2.0736909042770E+00  9.3002837083481E-01  3.5557734232096E-01  4.8168519877401E+00  5.7484800000000E+10
  7  2.2316443645117E+00  9.8459806770847E-01  3.9486656809278E-01  5.1022693475422E+00  5.7484800000000E+10
  8  2.3760386152594E+00  1.0339611934982E+00  4.2731210412584E-01  5.1221936034151E+00  5.7484800000000E+10
  9  2.5080091288739E+00  1.0836943224311E+00  4.8188917347575E-01  5.2499696217763E+00  5.7484800000000E+10
 10  2.6306955994771E+00  1.1342276674655E+00  5.2542769676494E-01  5.6229807266702E+00  5.7484800000000E+10
 11  2.7411165094479E+00  1.1750522082952E+00  5.7217249973475E-01  5.6505241702236E+00  5.7484800000000E+10
 12  2.8398796699015E+00  1.2096872503963E+00  5.8123452251271E-01  5.6745242331906E+00  5.7484800000000E+10
 13  2.9234923523728E+00  1.2343767277899E+00  5.8338465211654E-01  5.6844886196567E+00  5.7484800000000E+10
 14  2.9946236062275E+00  1.2551922934558E+00  6.5671778016487E-01  5.7101446651782E+00  5.7484800000000E+10
 15  3.0575835274883E+00  1.2729855195440E+00  6.7182356386173E-01  5.7357181444434E+00  5.7484800000000E+10
 16  3.1138867396690E+00  1.2896231206163E+00  6.8853643867609E-01  5.7568735265763E+00  5.7484800000000E+10
 17  3.1606936574862E+00  1.3023663753077E+00  7.0345500366606E-01  5.8067745231623E+00  5.7484800000000E+10
 18  3.2020454383088E+00  1.3110405954262E+00  7.1951387366414E-01  5.8526176487489E+00  5.7484800000000E+10
 19  3.2370865251502E+00  1.3194042617241E+00  7.8406747592990E-01  5.8993064008166E+00  5.7484800000000E+10
 20  3.2647811778758E+00  1.3237877439795E+00  8.1037741964426E-01  5.9172875705439E+00  5.7484800000000E+10
 21  3.2849097916918E+00  1.3255000681978E+00  8.3685800913322E-01  5.9172875705439E+00  5.7484800000000E+10
 22  3.2989109754800E+00  1.3243383315679E+00  8.8274681856385E-01  5.8981625607607E+00  5.7484800000000E+10
 23  3.3084472992415E+00  1.3240703319972E+00  8.8274681919426E-01  5.8545572197255E+00  5.7484800000000E+10
 24  3.3112606008810E+00  1.3213505539453E+00  8.8274681949105E-01  5.8260650647566E+00  5.7484800000000E+10
 25  3.3043157452100E+00  1.3166986503164E+00  8.8274722337057E-01  5.7979139228319E+00  5.7484800000000E+10
 26  3.2856370473630E+00  1.3066214186689E+00  8.8274753174686E-01  5.6801708764401E+00  5.7484800000000E+10
 27  3.2517170114723E+00  1.2919505902751E+00  9.1211788874620E-01  5.5901470565764E+00  5.7484800000000E+10
 28  3.1931672294442E+00  1.2742599040824E+00  8.8863516783942E-01  5.4416944638007E+00  5.7484800000000E+10
 29  3.1028016391960E+00  1.2393923924669E+00  8.6493302411827E-01  5.4085432993433E+00  5.7484800000000E+10
 30  2.9471133112619E+00  1.1865242083264E+00  8.2964678186573E-01  5.2968856357084E+00  5.7484800000000E+10
 31  2.4146297554741E+00  9.4942785501649E-01  7.5791119770329E-01  3.8585904639440E+00  5.7484800000000E+10
 32  2.1498323322514E+00  8.4748159711925E-01  6.9090414465395E-01  3.3051242838997E+00  5.7484800000000E+10
 33  1.9370216947250E+00  7.6347385994738E-01  6.2246989990318E-01  2.9709934383970E+00  5.7484800000000E+10
 34  1.7266707239429E+00  6.8041473427485E-01  5.5482569018461E-01  2.6506677890119E+00  5.7484800000000E+10
 35  1.5245920974837E+00  6.0077339600595E-01  4.9007617585616E-01  2.3397702911748E+00  5.7484800000000E+10
 36  1.3342675872395E+00  5.2577267778839E-01  4.2900080245762E-01  2.0476011967509E+00  5.7484800000000E+10
 37  1.1573802565305E+00  4.5606305681478E-01  3.7088887324313E-01  1.7779598772234E+00  5.7484800000000E+10
 38  9.9506078079479E-01  3.9209772843018E-01  3.1701883392249E-01  1.5261891340226E+00  5.7484800000000E+10
 39  8.4793409092331E-01  3.3411996997700E-01  2.7017972033732E-01  1.3007232467639E+00  5.7484800000000E+10
 40  7.1616832612505E-01  2.8219623355828E-01  2.2951443461570E-01  1.0994829689810E+00  5.7484800000000E+10
 41  5.9952378578231E-01  2.3623091899607E-01  1.9276837037502E-01  9.1946980659660E-01  5.7484800000000E+10
 42  4.9743411259209E-01  1.9600494120396E-01  1.5978047741723E-01  7.6544789042665E-01  5.7484800000000E+10
 43  4.0907986683932E-01  1.6118796463411E-01  1.3133067407955E-01  6.2997104269058E-01  5.7484800000000E+10
 44  3.3343966778086E-01  1.3138442732435E-01  1.0688154843748E-01  5.1217655420557E-01  5.7484800000000E+10
 45  2.6938059892928E-01  1.0614196117003E-01  8.6290371472947E-02  4.1475275561677E-01  5.7484800000000E+10
 46  2.1570116053121E-01  8.4991362767885E-02  6.8992819171958E-02  3.3198697114731E-01  5.7484800000000E+10
 47  1.7119053806712E-01  6.7452810224271E-02  5.4518811481364E-02  2.6392530238288E-01  5.7484800000000E+10
 48  1.3466271292056E-01  5.3060512681608E-02  4.2788685134652E-02  2.0760608090289E-01  5.7484800000000E+10
 49  1.0499118785949E-01  4.1368990634440E-02  3.3321524487732E-02  1.6162798572997E-01  5.7484800000000E+10
 50  8.1132691440646E-02  3.1968104280090E-02  2.5769383741421E-02  1.2492684946836E-01  5.7484800000000E+10
 51  6.2141170242744E-02  2.4485465004298E-02  1.9764871624957E-02  9.5862104783233E-02  5.7484800000000E+10
 52  4.7173934981997E-02  1.8587935745298E-02  1.4957773022428E-02  7.2730540522265E-02  5.7484800000000E+10
 53  3.5494688094102E-02  1.3985908975775E-02  1.1301575409155E-02  5.4793619907917E-02  5.7484800000000E+10
 54  2.6470502034344E-02  1.0430344514886E-02  8.4794703503928E-03  4.0981168901365E-02  5.7484800000000E+10
 55  1.9565967013159E-02  7.7097945267209E-03  6.2237811416916E-03  3.0384479739444E-02  5.7484800000000E+10
 56  1.4334345691219E-02  5.6483226470690E-03  4.5713553788843E-03  2.2230575397511E-02  5.7484800000000E+10
 57  1.0408691596641E-02  4.1014653812049E-03  3.3156166010464E-03  1.6096784394994E-02  5.7484800000000E+10
 58  7.4911285515077E-03  2.9518355320746E-03  2.3891881550199E-03  1.1554488147801E-02  5.7484800000000E+10
 59  5.3436537070179E-03  2.1057592043026E-03  1.7093619191050E-03  8.2629489725501E-03  5.7484800000000E+10
 60  3.7781251792318E-03  1.4888405194593E-03  1.2065295111265E-03  5.8556889794836E-03  5.7484800000000E+10
 61  2.6475288240207E-03  1.0433079886019E-03  8.4388302721662E-04  4.1089583059593E-03  5.7484800000000E+10
 62  1.8388599764999E-03  7.2465908322898E-04  5.8249893612162E-04  2.8506181688691E-03  5.7484800000000E+10
 63  1.2658901200293E-03  4.9888434183099E-04  4.0269465861854E-04  1.9738067800985E-03  5.7484800000000E+10
 64  8.6373645281099E-04  3.4039086357218E-04  2.7532816641945E-04  1.3415050397110E-03  5.7484800000000E+10
 65  5.8412418413981E-04  2.3021250080744E-04  1.8610346377613E-04  9.0985828003924E-04  5.7484800000000E+10
 66  3.9152900260717E-04  1.5431016751000E-04  1.2416085661840E-04  6.0715676712131E-04  5.7484800000000E+10
 67  2.6011459153583E-04  1.0251740705742E-04  8.2096982359864E-05  4.0607930381485E-04  5.7484800000000E+10
 68  1.7127719344749E-04  6.7507225417206E-05  5.3835357292322E-05  2.6682879222547E-04  5.7484800000000E+10
 69  1.1178388628176E-04  4.4059979001048E-05  3.5435639201374E-05  1.7465373448675E-04  5.7484800000000E+10
 70  7.2309099685451E-05  2.8502166724013E-05  2.3035042959486E-05  1.1288439058465E-04  5.7484800000000E+10
 71  4.6360037884811E-05  1.8274538229329E-05  1.4693876585445E-05  7.2476571180722E-05  5.7484800000000E+10
 72  2.9459672030392E-05  1.1612601993918E-05  9.3474877754921E-06  4.5992530137414E-05  5.7484800000000E+10
 73  1.8554949256499E-05  7.3144928651743E-06  5.8886614845393E-06  2.9010117823811E-05  5.7484800000000E+10
 74  1.1583009446250E-05  4.5664285774116E-06  3.6863151859881E-06  1.8126742553847E-05  5.7484800000000E+10
 75  7.1669180772548E-06  2.8255140482546E-06  2.2721115789699E-06  1.1244585173291E-05  5.7484800000000E+10
 76  4.3950502039722E-06  1.7327906940960E-06  1.3962360341190E-06  6.8729126303198E-06  5.7484800000000E+10
 77  2.6714853451103E-06  1.0532645805797E-06  8.4752039053312E-07  4.1831282048004E-06  5.7484800000000E+10
 78  1.6093920389537E-06  6.3452548906943E-07  5.0971293062511E-07  2.5157660634596E-06  5.7484800000000E+10
 79  9.6100736945321E-07  3.7892933745328E-07  3.0524072667637E-07  1.5117972143356E-06  5.7484800000000E+10
 80  5.6874313022919E-07  2.2426134375400E-07  1.8063826132674E-07  8.9381541053852E-07  5.7484800000000E+10
 81  3.3361828614244E-07  1.3155858492556E-07  1.0448301959449E-07  5.2434606590633E-07  5.7484800000000E+10
 82  1.9396588924678E-07  7.6489610581795E-08  6.0793671854366E-08  3.0691759523180E-07  5.7484800000000E+10
 83  1.1177054813925E-07  4.4080862342403E-08  3.5286440054140E-08  1.7710195807686E-07  5.7484800000000E+10
 84  6.3839357183026E-08  2.5178819713418E-08  2.0257281212406E-08  1.0167221275588E-07  5.7484800000000E+10
 85  3.6138075279070E-08  1.4253745068179E-08  1.1460745184966E-08  5.6868287880822E-08  5.7484800000000E+10
 86  2.0276637301400E-08  7.9981683861651E-09  6.4015643734027E-09  3.2156215287840E-08  5.7484800000000E+10
 87  1.1275692828353E-08  4.4479367125901E-09  3.5358502201084E-09  1.7838048806313E-08  5.7484800000000E+10
 88  6.2150900188871E-09  2.4519601964439E-09  1.9477092115343E-09  9.8310339410819E-09  5.7484800000000E+10
 89  3.3949994301900E-09  1.3395957941043E-09  1.0605741210554E-09  5.3383601609542E-09  5.7484800000000E+10
 90  1.8381174138113E-09  7.2547524929286E-10  5.7522982339551E-10  2.9113458995087E-09  5.7484800000000E+10
 91  9.8615424833050E-10  3.8938892615025E-10  3.1030221740500E-10  1.5768820100952E-09  5.7484800000000E+10
 92  5.2423086530112E-10  2.0714297006956E-10  1.6488440245031E-10  8.2816838883743E-10  5.7484800000000E+10
 93  2.7604116731889E-10  1.0922276568996E-10  8.6411140859826E-11  4.3739109516527E-10  5.7484800000000E+10
 94  1.4388572151102E-10  5.7083042533584E-11  4.5098582920268E-11  2.3005635850300E-10  5.7484800000000E+10
 95  7.4155388919660E-11  2.9570438427978E-11  2.2807027594054E-11  1.1926561459014E-10  5.7484800000000E+10
 96  3.7692227338625E-11  1.5183188963846E-11  1.1410885891955E-11  6.0390676964299E-11  5.7484800000000E+10
 97  1.8797007174125E-11  7.7275616794979E-12  5.4088497055260E-12  3.0336401299814E-11  5.7484800000000E+10
 98  9.0926203825313E-12  3.8975911325552E-12  2.3220036403983E-12  1.4881652254175E-11  5.7484800000000E+10
 99  4.1331761412230E-12  1.9409356132992E-12  7.5116648915669E-13  6.9672130896513E-12  5.7484800000000E+10
100  1.6857662988946E-12  9.7337902300300E-13  4.9146220483443E-15  3.0787983310938E-12  5.7484800000000E+10
 
 field : TRAC01   ; Iter =      2880 ; region #   0 ; nb.Lev = 100
 k | --   Average    -- | --   Std.Dev    -- | --     min      -- | --     max      -- | --    Vol
  0  9.9999999829067E-01  5.7950632282024E-01  7.2248840061318E-05  1.9992321255915E+00  5.7484800000000E+12
  1  1.9444886780581E+00  4.2486095521017E-02  1.7131430102654E+00  1.9992321255915E+00  5.7484800000000E+10
  2  1.9184165700111E+00  4.5110200268304E-02  1.7029640606004E+00  1.9862857394474E+00  5.7484800000000E+10
  3  1.8928850555363E+00  4.7958001638500E-02  1.6978460772557E+00  1.9781779721973E+00  5.7484800000000E+10
  4  1.8704368988827E+00  5.0370561471198E-02  1.6572585459386E+00  1.9664134544335E+00  5.7484800000000E+10
  5  1.8502106046879E+00  5.0867086418294E-02  1.6257939920729E+00  1.9587456990377E+00  5.7484800000000E+10
  6  1.8302641828926E+00  5.0987013766888E-02  1.6122761771727E+00  1.9587047888548E+00  5.7484800000000E+10
  7  1.8116535462093E+00  5.0691144788178E-02  1.6007526519798E+00  1.9470204008517E+00  5.7484800000000E+10
  8  1.7943782240594E+00  5.0634092052185E-02  1.6016069004869E+00  1.9218449320909E+00  5.7484800000000E+10
  9  1.7782464671868E+00  5.1100093106342E-02  1.5837141776659E+00  1.9200621971124E+00  5.7484800000000E+10
 10  1.7630091011470E+00  5.2238133635333E-02  1.5743563818983E+00  1.8990884295340E+00  5.7484800000000E+10
 11  1.7483815098115E+00  5.3185892829007E-02  1.5582259296457E+00  1.8982337310761E+00  5.7484800000000E+10
 12  1.7337073710916E+00  5.3460265941756E-02  1.5597064245834E+00  1.8980692450234E+00  5.7484800000000E+10
 13  1.7199953134560E+00  5.4783926530773E-02  1.5418588617382E+00  1.8974604346955E+00  5.7484800000000E+10
 14  1.7080654264953E+00  5.6388218199766E-02  1.5362517603345E+00  1.8917506011044E+00  5.7484800000000E+10
 15  1.6972965627542E+00  5.7342607682935E-02  1.5319208017650E+00  1.8767887034048E+00  5.7484800000000E+10
 16  1.6873933261268E+00  5.6441780862331E-02  1.5269764749638E+00  1.8557286254960E+00  5.7484800000000E+10
 17  1.6781878572814E+00  5.3195468424018E-02  1.5257356991824E+00  1.8545294629613E+00  5.7484800000000E+10
 18  1.6689273660867E+00  5.0859939973226E-02  1.5254431018971E+00  1.8553510721679E+00  5.7484800000000E+10
 19  1.6599991365127E+00  4.9574285639060E-02  1.5171431957292E+00  1.8536914654059E+00  5.7484800000000E+10
 20  1.6511915631394E+00  4.8131596625564E-02  1.5149546389272E+00  1.8423430815905E+00  5.7484800000000E+10
 21  1.6414583756488E+00  4.7949484627999E-02  1.5027993851527E+00  1.8428173479428E+00  5.7484800000000E+10
 22  1.6312493017357E+00  4.7770812856341E-02  1.4920955880621E+00  1.8309938391541E+00  5.7484800000000E+10
 23  1.6206906576519E+00  4.8035610792632E-02  1.4908782471363E+00  1.8103809509212E+00  5.7484800000000E+10
 24  1.6088953954970E+00  4.8412246997468E-02  1.4649846198958E+00  1.8003424477463E+00  5.7484800000000E+10
 25  1.5960183207481E+00  4.8992845536617E-02  1.4649691341636E+00  1.7735241870461E+00  5.7484800000000E+10
 26  1.5829873267675E+00  4.9482693525906E-02  1.4549483322562E+00  1.7561335748484E+00  5.7484800000000E+10
 27  1.5679418636607E+00  4.9641045615872E-02  1.4462867894776E+00  1.7561335748484E+00  5.7484800000000E+10
 28  1.5473054934244E+00  4.9421249362543E-02  1.4285228917705E+00  1.7272916640675E+00  5.7484800000000E+10
 29  1.5242119261896E+00  5.0562551628120E-02  1.4209544633995E+00  1.7036378057975E+00  5.7484800000000E+10
 30  1.4767762751253E+00  4.0690652747643E-02  1.3937124627318E+00  1.6767796367563E+00  5.7484800000000E+10
 31  1.4036396723230E+00  9.3752992387656E-03  1.3823735777188E+00  1.4553988152615E+00  5.7484800000000E+10
 32  1.3719803478613E+00  1.3165357089543E-03  1.3670909528208E+00  1.3792859086722E+00  5.7484800000000E+10
 33  1.3530093066564E+00  6.3563488059472E-04  1.3499805667404E+00  1.3551716982584E+00  5.7484800000000E+10
 34  1.3333457849166E+00  5.5547349413420E-04  1.3315818823678E+00  1.3355972831470E+00  5.7484800000000E+10
 35  1.3131444548095E+00  5.4329431365576E-04  1.3115892379987E+00  1.3154968670360E+00  5.7484800000000E+10
 36  1.2929299791180E+00  5.3225092428197E-04  1.2912458262149E+00  1.2951686046812E+00  5.7484800000000E+10
 37  1.2727269296671E+00  5.1876045694352E-04  1.2712874916438E+00  1.2748297285453E+00  5.7484800000000E+10
 38  1.2525253680799E+00  5.1069281622241E-04  1.2509833627731E+00  1.2545744577664E+00  5.7484800000000E+10
 39  1.2323232314724E+00  5.0483774837311E-04  1.2308099290974E+00  1.2344374561905E+00  5.7484800000000E+10
 40  1.2121214893993E+00  5.0071379026887E-04  1.2107048095731E+00  1.2141434290654E+00  5.7484800000000E+10
 41  1.1919195356663E+00  4.8941895276735E-04  1.1904908381180E+00  1.1938443255635E+00  5.7484800000000E+10
 42  1.1717169146044E+00  4.8512704590202E-04  1.1702419409964E+00  1.1736250472444E+00  5.7484800000000E+10
 43  1.1515154894796E+00  4.7677904851561E-04  1.1499606765343E+00  1.1534159338769E+00  5.7484800000000E+10
 44  1.1313134271919E+00  4.7324460455071E-04  1.1298962267443E+00  1.1332175014077E+00  5.7484800000000E+10
 45  1.1111113221085E+00  4.5715468726725E-04  1.1097112073816E+00  1.1130371363585E+00  5.7484800000000E+10
 46  1.0909092911793E+00  4.5111629851565E-04  1.0894842513474E+00  1.0927109036257E+00  5.7484800000000E+10
 47  1.0707070224631E+00  4.5266681548095E-04  1.0690275660693E+00  1.0725168350479E+00  5.7484800000000E+10
 48  1.0505050244852E+00  4.5134099811320E-04  1.0490100225183E+00  1.0523809852174E+00  5.7484800000000E+10
 49  1.0303031270323E+00  4.4026909233234E-04  1.0288279861401E+00  1.0319761096522E+00  5.7484800000000E+10
 50  1.0101012044539E+00  4.4078099576068E-04  1.0087665441698E+00  1.0118013872324E+00  5.7484800000000E+10
 51  9.8989890544800E-01  4.3871925994273E-04  9.8850129857776E-01  9.9168380217869E-01  5.7484800000000E+10
 52  9.6969691408730E-01  4.3842921713887E-04  9.6826749747992E-01  9.7159438670107E-01  5.7484800000000E+10
 53  9.4949530673213E-01  4.2985665674605E-04  9.4816831750852E-01  9.5129049543778E-01  5.7484800000000E+10
 54  9.2929281375563E-01  4.2509897107766E-04  9.2796631950961E-01  9.3107636205850E-01  5.7484800000000E+10
 55  9.0909078625331E-01  4.2701870685889E-04  9.0773635806000E-01  9.1078375719036E-01  5.7484800000000E+10
 56  8.8888899441522E-01  4.2174801317804E-04  8.8746219319712E-01  8.9054152632948E-01  5.7484800000000E+10
 57  8.6868736365984E-01  4.1876448367699E-04  8.6739562568379E-01  8.7025039388117E-01  5.7484800000000E+10
 58  8.4848504631207E-01  3.9806510552467E-04  8.4720548848589E-01  8.5013294696168E-01  5.7484800000000E+10
 59  8.2828219392803E-01  4.0843875732309E-04  8.2678678811624E-01  8.3002130012392E-01  5.7484800000000E+10
 60  8.0808130494571E-01  4.0596476812033E-04  8.0674862355856E-01  8.0964373749103E-01  5.7484800000000E+10
 61  7.8787885829485E-01  3.9906429766334E-04  7.8641489299062E-01  7.8931353565222E-01  5.7484800000000E+10
 62  7.6767671063000E-01  4.0124923401288E-04  7.6619287584094E-01  7.6923151113318E-01  5.7484800000000E+10
 63  7.4747422951363E-01  4.0485028702190E-04  7.4612467479806E-01  7.4897996038983E-01  5.7484800000000E+10
 64  7.2727302090232E-01  4.0113868463029E-04  7.2598737351808E-01  7.2894955580591E-01  5.7484800000000E+10
 65  7.0707082861290E-01  4.0138541664389E-04  7.0555429496949E-01  7.0864108163788E-01  5.7484800000000E+10
 66  6.8686818098013E-01  4.0813148898230E-04  6.8539719553086E-01  6.8838462239956E-01  5.7484800000000E+10
 67  6.6666697626769E-01  4.0740942580737E-04  6.6537289919265E-01  6.6805084095598E-01  5.7484800000000E+10
 68  6.4646425670773E-01  4.1404416186525E-04  6.4516196083100E-01  6.4807586122880E-01  5.7484800000000E+10
 69  6.2626246966027E-01  4.0860370057884E-04  6.2491872610734E-01  6.2785517476769E-01  5.7484800000000E+10
 70  6.0606098203629E-01  4.0746857378995E-04  6.0474012248548E-01  6.0756146356052E-01  5.7484800000000E+10
 71  5.8585889555132E-01  4.1252401858030E-04  5.8459630313394E-01  5.8735824764167E-01  5.7484800000000E+10
 72  5.6565598834461E-01  4.0220656911676E-04  5.6434732096640E-01  5.6727682570613E-01  5.7484800000000E+10
 73  5.4545474316297E-01  4.0390139204602E-04  5.4405316119884E-01  5.4694400944018E-01  5.7484800000000E+10
 74  5.2525242772282E-01  4.1354728363184E-04  5.2389334583562E-01  5.2683099601726E-01  5.7484800000000E+10
 75  5.0505102565694E-01  4.0178197083482E-04  5.0370532128921E-01  5.0656772810359E-01  5.7484800000000E+10
 76  4.8484787335201E-01  4.0511794823484E-04  4.8336662647415E-01  4.8636000053335E-01  5.7484800000000E+10
 77  4.6464691200347E-01  4.0544052885522E-04  4.6332528591856E-01  4.6609875785680E-01  5.7484800000000E+10
 78  4.4444439396336E-01  4.0005458146543E-04  4.4306483131769E-01  4.4598334374850E-01  5.7484800000000E+10
 79  4.2424270621497E-01  3.9789092586583E-04  4.2273086630444E-01  4.2567378978081E-01  5.7484800000000E+10
 80  4.0404004547176E-01  3.9327749783736E-04  4.0259616971558E-01  4.0535383893789E-01  5.7484800000000E+10
 81  3.8383814402352E-01  4.0990073106928E-04  3.8245299819198E-01  3.8520484232191E-01  5.7484800000000E+10
 82  3.6363662872580E-01  4.0624414395792E-04  3.6222079941276E-01  3.6512827320291E-01  5.7484800000000E+10
 83  3.4343343137071E-01  4.1413043371339E-04  3.4211024532099E-01  3.4476989659749E-01  5.7484800000000E+10
 84  3.2323310692737E-01  4.1655179983939E-04  3.2186137364088E-01  3.2466080327110E-01  5.7484800000000E+10
 85  3.0303015318023E-01  4.0989663238571E-04  3.0155896306766E-01  3.0437323972874E-01  5.7484800000000E+10
 86  2.8282862149335E-01  3.9722530860026E-04  2.8147664411520E-01  2.8428908112678E-01  5.7484800000000E+10
 87  2.6262543551271E-01  4.1102136494934E-04  2.6111307401890E-01  2.6398268030906E-01  5.7484800000000E+10
 88  2.4242484036038E-01  4.1206284547839E-04  2.4116416683904E-01  2.4392877528596E-01  5.7484800000000E+10
 89  2.2222131775914E-01  4.2233429196472E-04  2.2078921958835E-01  2.2361410289569E-01  5.7484800000000E+10
 90  2.0202127943592E-01  4.1579100674273E-04  2.0068700807784E-01  2.0352112285600E-01  5.7484800000000E+10
 91  1.8181765037888E-01  4.0706354067533E-04  1.8049776261699E-01  1.8348348512927E-01  5.7484800000000E+10
 92  1.6161595809139E-01  4.2391944174291E-04  1.6018483577135E-01  1.6301789398633E-01  5.7484800000000E+10
 93  1.4141463930955E-01  4.1911189876591E-04  1.3998753018652E-01  1.4289383216412E-01  5.7484800000000E+10
 94  1.2121175472965E-01  4.2082851918660E-04  1.1983685179180E-01  1.2274619681662E-01  5.7484800000000E+10
 95  1.0101008749631E-01  4.2296990045380E-04  9.9427390552846E-02  1.0258857162761E-01  5.7484800000000E+10
 96  8.0808231724946E-02  4.3097969184507E-04  7.9448357457919E-02  8.2309559901219E-02  5.7484800000000E+10
 97  6.0611518461229E-02  4.3327990003637E-04  5.9142179313072E-02  6.2167379163345E-02  5.7484800000000E+10
 98  4.0381482844624E-02  4.3544183360123E-04  3.8971170526315E-02  4.1749359226002E-02  5.7484800000000E+10
 99  1.9721272134903E-02  4.8440921674664E-04  1.8175187985186E-02  2.1176425769003E-02  5.7484800000000E+10
100  5.0449967516134E-04  1.9655208239179E-04  7.2248840061318E-05  1.3609202395429E-03  5.7484800000000E+10
 
 field : TRAC02   ; Iter =      2880 ; region #   0 ; nb.Lev = 100
 k | --   Average    -- | --   Std.Dev    -- | --     min      -- | --     max      -- | --    Vol
  0  1.0000000010395E+00  4.6959745041317E-01  3.1532150119383E-04  1.4304219162818E+00  5.7484800000000E+12
  1  5.0614686809100E-02  4.5210021666926E-02  3.1532150119383E-04  3.2522208084910E-01  5.7484800000000E+10
  2  7.5313246835296E-02  5.0374208372074E-02  1.0170137677777E-02  3.3684537304278E-01  5.7484800000000E+10
  3  1.0094720028327E-01  5.5550743330226E-02  1.5523115849188E-02  3.4049984469336E-01  5.7484800000000E+10
  4  1.2452042407051E-01  5.9814096944565E-02  2.4873902910446E-02  3.9025110378359E-01  5.7484800000000E+10
  5  1.4656056391679E-01  6.1849585724215E-02  3.1803016288413E-02  4.3076619201006E-01  5.7484800000000E+10
  6  1.6893344753015E-01  6.3195560198985E-02  3.1765822471975E-02  4.4847331696645E-01  5.7484800000000E+10
  7  1.9052054912053E-01  6.3771092024626E-02  4.2699220341600E-02  4.6840662406624E-01  5.7484800000000E+10
  8  2.1130515185969E-01  6.4653697277817E-02  6.3319107304791E-02  4.6886245945379E-01  5.7484800000000E+10
  9  2.3126026890064E-01  6.5934509434968E-02  6.5177802487434E-02  4.9820709358346E-01  5.7484800000000E+10
 10  2.5058748695301E-01  6.7864079413176E-02  8.7725137726335E-02  5.0902773219282E-01  5.7484800000000E+10
 11  2.6948863010117E-01  6.9618879329042E-02  8.7783394761335E-02  5.3394050832891E-01  5.7484800000000E+10
 12  2.8866209974472E-01  7.0505624041726E-02  8.8001218105445E-02  5.3199771252170E-01  5.7484800000000E+10
 13  3.0686052006108E-01  7.2729481271418E-02  8.8750488998567E-02  5.5891142368546E-01  5.7484800000000E+10
 14  3.2285938498642E-01  7.5391603254026E-02  1.0008492074724E-01  5.6684763046674E-01  5.7484800000000E+10
 15  3.3746929675767E-01  7.7266797636383E-02  1.1926309333029E-01  5.7571809257214E-01  5.7484800000000E+10
 16  3.5094848085870E-01  7.6590795179715E-02  1.3580288403174E-01  5.8239529647961E-01  5.7484800000000E+10
 17  3.6360953747533E-01  7.2380927267613E-02  1.3477132667672E-01  5.8430677620626E-01  5.7484800000000E+10
 18  3.7648403223867E-01  6.9453107108430E-02  1.3404418614971E-01  5.8466951024898E-01  5.7484800000000E+10
 19  3.8898519471579E-01  6.8193190732369E-02  1.3624697937231E-01  5.9577326337747E-01  5.7484800000000E+10
 20  4.0145506534445E-01  6.6591628592314E-02  1.5033868983404E-01  6.0099723972452E-01  5.7484800000000E+10
 21  4.1542325259502E-01  6.6856062741986E-02  1.4964158782647E-01  6.2245877431559E-01  5.7484800000000E+10
 22  4.3021354143050E-01  6.7188043969698E-02  1.6644645167897E-01  6.3805542911766E-01  5.7484800000000E+10
 23  4.4561375989374E-01  6.8109065015540E-02  1.8613526435016E-01  6.3991563856357E-01  5.7484800000000E+10
 24  4.6298967402532E-01  6.9224535185328E-02  1.9991509926653E-01  6.8074123625754E-01  5.7484800000000E+10
 25  4.8210291155606E-01  7.0600277027307E-02  2.3205384397369E-01  6.8077685588603E-01  5.7484800000000E+10
 26  5.0164927965580E-01  7.1841468982659E-02  2.6309425039681E-01  6.9678536719015E-01  5.7484800000000E+10
 27  5.2442644498995E-01  7.2628890416114E-02  2.6309425039681E-01  7.1015234218631E-01  5.7484800000000E+10
 28  5.5586155194098E-01  7.3086438997265E-02  3.0212582181331E-01  7.3930539360802E-01  5.7484800000000E+10
 29  5.9128851547306E-01  7.5518318477168E-02  3.3685458714986E-01  7.5119134756476E-01  5.7484800000000E+10
 30  6.6416814252231E-01  6.2236367402000E-02  3.7459808127207E-01  7.9373640684047E-01  5.7484800000000E+10
 31  7.7820322328630E-01  1.4583547825158E-02  6.9731187135723E-01  8.1138633355881E-01  5.7484800000000E+10
 32  8.2711771341462E-01  2.0157827831508E-03  8.1578527981083E-01  8.3432391252154E-01  5.7484800000000E+10
 33  8.5549868696642E-01  9.5561597743250E-04  8.5231900631737E-01  8.5998316532137E-01  5.7484800000000E+10
 34  8.8425092547861E-01  8.0343483962929E-04  8.8099007420112E-01  8.8680011625893E-01  5.7484800000000E+10
 35  9.1308022530813E-01  7.6513512797828E-04  9.0976126560757E-01  9.1527198453035E-01  5.7484800000000E+10
 36  9.4110636917978E-01  7.2682430606509E-04  9.3804097582275E-01  9.4339911391208E-01  5.7484800000000E+10
 37  9.6823952530774E-01  6.8528322115040E-04  9.6546046808782E-01  9.7013641267728E-01  5.7484800000000E+10
 38  9.9445327444892E-01  6.5098292550454E-04  9.9183667837750E-01  9.9641575451723E-01  5.7484800000000E+10
 39  1.0197167949784E+00  6.1937016290074E-04  1.0171209070683E+00  1.0215675291030E+00  5.7484800000000E+10
 40  1.0440032772129E+00  5.8991536646701E-04  1.0416140645868E+00  1.0456737873264E+00  5.7484800000000E+10
 41  1.0672958316144E+00  5.5247273953376E-04  1.0651229145366E+00  1.0689035373919E+00  5.7484800000000E+10
 42  1.0895848170073E+00  5.2319150696661E-04  1.0875200344796E+00  1.0911734738657E+00  5.7484800000000E+10
 43  1.1108651081414E+00  4.9072245675261E-04  1.1089063924393E+00  1.1124591203495E+00  5.7484800000000E+10
 44  1.1311419912307E+00  4.6343706559228E-04  1.1292739822527E+00  1.1325208070763E+00  5.7484800000000E+10
 45  1.1504238992295E+00  4.2549290588048E-04  1.1486294199856E+00  1.1517164438091E+00  5.7484800000000E+10
 46  1.1687250441579E+00  3.9791080384411E-04  1.1671301095995E+00  1.1699710235142E+00  5.7484800000000E+10
 47  1.1860645253442E+00  3.7807524091492E-04  1.1845480849343E+00  1.1874677418448E+00  5.7484800000000E+10
 48  1.2024645954939E+00  3.5623437376823E-04  1.2009811115164E+00  1.2036411828822E+00  5.7484800000000E+10
 49  1.2179514488514E+00  3.2790006798415E-04  1.2167078795537E+00  1.2190509109721E+00  5.7484800000000E+10
 50  1.2325539271598E+00  3.0938721694782E-04  1.2313583711532E+00  1.2334853012282E+00  5.7484800000000E+10
 51  1.2463030880474E+00  2.8955077869338E-04  1.2451223719247E+00  1.2472229088468E+00  5.7484800000000E+10
 52  1.2592309624726E+00  2.7208766376462E-04  1.2580498427932E+00  1.2601151514949E+00  5.7484800000000E+10
 53  1.2713712290218E+00  2.5024309538714E-04  1.2703282874065E+00  1.2721366820551E+00  5.7484800000000E+10
 54  1.2827590451473E+00  2.3209896611636E-04  1.2817864499548E+00  1.2834849905748E+00  5.7484800000000E+10
 55  1.2934284237470E+00  2.1823843479384E-04  1.2925563300773E+00  1.2941178536360E+00  5.7484800000000E+10
 56  1.3034143920912E+00  2.0169483618899E-04  1.3026182686829E+00  1.3040944461211E+00  5.7484800000000E+10
 57  1.3127516667845E+00  1.8726688565102E-04  1.3120498423759E+00  1.3133280961418E+00  5.7484800000000E+10
 58  1.3214747441064E+00  1.6623186576278E-04  1.3207881509090E+00  1.3220085590052E+00  5.7484800000000E+10
 59  1.3296170041976E+00  1.5887398081856E-04  1.3289374981723E+00  1.3301965700853E+00  5.7484800000000E+10
 60  1.3372101492093E+00  1.4744449768061E-04  1.3366377781093E+00  1.3376890464252E+00  5.7484800000000E+10
 61  1.3442871984435E+00  1.3495029627344E-04  1.3438023560915E+00  1.3447817946281E+00  5.7484800000000E+10
 62  1.3508780420792E+00  1.2635284616133E-04  1.3503888306672E+00  1.3513458046211E+00  5.7484800000000E+10
 63  1.3570123059079E+00  1.1850965445518E-04  1.3565712304545E+00  1.3574061039657E+00  5.7484800000000E+10
 64  1.3627177625648E+00  1.0930434033492E-04  1.3622581235971E+00  1.3630699495397E+00  5.7484800000000E+10
 65  1.3680220276174E+00  1.0162839155008E-04  1.3676240128424E+00  1.3684039202631E+00  5.7484800000000E+10
 66  1.3729506010562E+00  9.5915730432369E-05  1.3725918053142E+00  1.3732963231051E+00  5.7484800000000E+10
 67  1.3775274625157E+00  8.9001463675560E-05  1.3772234002610E+00  1.3778107077234E+00  5.7484800000000E+10
 68  1.3817764336187E+00  8.3866343126402E-05  1.3814497154960E+00  1.3820413227532E+00  5.7484800000000E+10
 69  1.3857188745164E+00  7.6850389522922E-05  1.3854184560487E+00  1.3859717261128E+00  5.7484800000000E+10
 70  1.3893756277721E+00  7.1049369431264E-05  1.3891128926843E+00  1.3896051942503E+00  5.7484800000000E+10
 71  1.3927663315315E+00  6.6723980590807E-05  1.3925233720186E+00  1.3929713892200E+00  5.7484800000000E+10
 72  1.3959093023249E+00  6.0220232916084E-05  1.3956665447156E+00  1.3961041465412E+00  5.7484800000000E+10
 73  1.3988214055822E+00  5.6057728742095E-05  1.3986143763435E+00  1.3990157983297E+00  5.7484800000000E+10
 74  1.4015192056451E+00  5.3145653098885E-05  1.4013152831573E+00  1.4016944404549E+00  5.7484800000000E+10
 75  1.4040175580522E+00  4.7880723620673E-05  1.4038361549268E+00  1.4041777238437E+00  5.7484800000000E+10
 76  1.4063309448923E+00  4.4581540004439E-05  1.4061638297697E+00  1.4064929954673E+00  5.7484800000000E+10
 77  1.4084721609935E+00  4.1390144612542E-05  1.4083246937388E+00  1.4086082440186E+00  5.7484800000000E+10
 78  1.4104539750505E+00  3.7753376268163E-05  1.4103071638401E+00  1.4105830504896E+00  5.7484800000000E+10
 79  1.4122876761517E+00  3.4778145056144E-05  1.4121620064504E+00  1.4124194799269E+00  5.7484800000000E+10
 80  1.4139841810835E+00  3.1742170128628E-05  1.4138778028928E+00  1.4141002586615E+00  5.7484800000000E+10
 81  1.4155533612030E+00  3.0604721540939E-05  1.4154513912121E+00  1.4156556995038E+00  5.7484800000000E+10
 82  1.4170045772871E+00  2.8102531266521E-05  1.4169011749412E+00  1.4171026164892E+00  5.7484800000000E+10
 83  1.4183466409335E+00  2.6415594043517E-05  1.4182617929626E+00  1.4184307028705E+00  5.7484800000000E+10
 84  1.4195873246920E+00  2.4641132544175E-05  1.4195027237113E+00  1.4196684290892E+00  5.7484800000000E+10
 85  1.4207344608743E+00  2.2380968694744E-05  1.4206604617758E+00  1.4208147316291E+00  5.7484800000000E+10
 86  1.4217947640829E+00  2.0064046963428E-05  1.4217214315805E+00  1.4218626427869E+00  5.7484800000000E+10
 87  1.4227748570486E+00  1.9147290549060E-05  1.4227105962658E+00  1.4228451150774E+00  5.7484800000000E+10
 88  1.4236805316099E+00  1.7790426392745E-05  1.4236156820015E+00  1.4237347068654E+00  5.7484800000000E+10
 89  1.4245175936207E+00  1.6800409992238E-05  1.4244620927738E+00  1.4245742544616E+00  5.7484800000000E+10
 90  1.4252909315539E+00  1.5325378845896E-05  1.4252356983253E+00  1.4253402003293E+00  5.7484800000000E+10
 91  1.4260055929676E+00  1.3838085111567E-05  1.4259488938563E+00  1.4260501148869E+00  5.7484800000000E+10
 92  1.4266658006313E+00  1.3314735781418E-05  1.4266219449112E+00  1.4267104293396E+00  5.7484800000000E+10
 93  1.4272757149848E+00  1.2167379821034E-05  1.4272324869623E+00  1.4273171107763E+00  5.7484800000000E+10
 94  1.4278391865697E+00  1.1278633685190E-05  1.4277977621790E+00  1.4278759141392E+00  5.7484800000000E+10
 95  1.4283596497647E+00  1.0481672102811E-05  1.4283205987334E+00  1.4283985626389E+00  5.7484800000000E+10
 96  1.4288404024990E+00  9.8549300179631E-06  1.4288058095126E+00  1.4288714755355E+00  5.7484800000000E+10
 97  1.4292843539188E+00  9.1506962010154E-06  1.4292513540349E+00  1.4293154152445E+00  5.7484800000000E+10
 98  1.4296949468376E+00  8.4858678728582E-06  1.4296682036716E+00  1.4297223121340E+00  5.7484800000000E+10
 99  1.4300814501702E+00  8.5615438275011E-06  1.4300557303246E+00  1.4301084350696E+00  5.7484800000000E+10
100  1.4304146340145E+00  3.3172408008576E-06  1.4304001722604E+00  1.4304219162818E+00  5.7484800000000E+10
 
 field : TRAC03   ; Iter =      2880 ; region #   0 ; nb.Lev = 100
 k | --   Average    -- | --   Std.Dev    -- | --     min      -- | --     max      -- | --    Vol
  0  1.0000000058473E+00  1.0285205192564E+00  3.7397175348981E-09  2.9280645849960E+00  5.7484800000000E+12
  1  9.2817495553760E-01  2.2211597556813E-01  6.5710083931413E-01  2.0628462515106E+00  5.7484800000000E+10
  2  1.0593852350664E+00  2.3781928462925E-01  7.1315924122198E-01  2.1091631049451E+00  5.7484800000000E+10
  3  1.1921648939413E+00  2.5337195326265E-01  7.4623578262746E-01  2.1390956545194E+00  5.7484800000000E+10
  4  1.3112206752060E+00  2.6501716524993E-01  7.9878827070908E-01  2.4060836911079E+00  5.7484800000000E+10
  5  1.4197333716549E+00  2.6530160679342E-01  8.3887728404666E-01  2.5654948328523E+00  5.7484800000000E+10
  6  1.5268776281593E+00  2.6327049207067E-01  8.3917407229080E-01  2.6095279231358E+00  5.7484800000000E+10
  7  1.6261453559964E+00  2.5937452234477E-01  9.0052894287132E-01  2.6488874250947E+00  5.7484800000000E+10
  8  1.7168981457298E+00  2.5562204578692E-01  1.0312668809095E+00  2.6324825776749E+00  5.7484800000000E+10
  9  1.8006770491868E+00  2.5492591336919E-01  1.0419640360297E+00  2.6418642431672E+00  5.7484800000000E+10
 10  1.8782964161716E+00  2.5757120317659E-01  1.1495677406948E+00  2.7025655879378E+00  5.7484800000000E+10
 11  1.9514228414666E+00  2.5907191691897E-01  1.1629147628156E+00  2.7507092579891E+00  5.7484800000000E+10
 12  2.0233403926163E+00  2.5733066044506E-01  1.1637579488096E+00  2.7432347494814E+00  5.7484800000000E+10
 13  2.0889015496447E+00  2.6062061209079E-01  1.1670082100353E+00  2.8010091858062E+00  5.7484800000000E+10
 14  2.1448017162939E+00  2.6463643971096E-01  1.2002998213610E+00  2.8206190798370E+00  5.7484800000000E+10
 15  2.1940166298386E+00  2.6513249946636E-01  1.2781153958562E+00  2.8205954337144E+00  5.7484800000000E+10
 16  2.2384619632815E+00  2.5705279859801E-01  1.4159761051978E+00  2.8217010738748E+00  5.7484800000000E+10
 17  2.2792694009620E+00  2.4013794707948E-01  1.4188718854815E+00  2.8243656951189E+00  5.7484800000000E+10
 18  2.3190731298336E+00  2.2807648085652E-01  1.4137317627999E+00  2.8254397900737E+00  5.7484800000000E+10
 19  2.3559526117590E+00  2.1912355243883E-01  1.4222821309200E+00  2.8596261431641E+00  5.7484800000000E+10
 20  2.3912685451044E+00  2.1000868971675E-01  1.4499387307545E+00  2.8826332842798E+00  5.7484800000000E+10
 21  2.4278834036423E+00  2.0439644267747E-01  1.4477494442515E+00  2.9150454789119E+00  5.7484800000000E+10
 22  2.4645083986919E+00  1.9794480515814E-01  1.5009636943541E+00  2.9153652894356E+00  5.7484800000000E+10
 23  2.5003185737822E+00  1.9353802181317E-01  1.6311512089956E+00  2.9153652860223E+00  5.7484800000000E+10
 24  2.5369604232303E+00  1.8742499507400E-01  1.6784832252346E+00  2.9172291952514E+00  5.7484800000000E+10
 25  2.5745645178439E+00  1.8157017212309E-01  1.7969083688835E+00  2.9160872966493E+00  5.7484800000000E+10
 26  2.6088463212156E+00  1.7470734394316E-01  1.9339380057261E+00  2.9280645849960E+00  5.7484800000000E+10
 27  2.6434389255034E+00  1.6561502257851E-01  1.9339380057261E+00  2.9253339241446E+00  5.7484800000000E+10
 28  2.6837695125794E+00  1.5085684564587E-01  2.0241004091264E+00  2.9049125352795E+00  5.7484800000000E+10
 29  2.7170861822784E+00  1.3734277215128E-01  2.0858282082736E+00  2.9062830296802E+00  5.7484800000000E+10
 30  2.7603341553731E+00  8.1381387624516E-02  2.1886868473150E+00  2.8774379568342E+00  5.7484800000000E+10
 31  2.7244146428807E+00  1.6225117324722E-02  2.6125070909449E+00  2.7771227267562E+00  5.7484800000000E+10
 32  2.6415796556777E+00  3.8738642833979E-03  2.6230979036793E+00  2.6626823740806E+00  5.7484800000000E+10
 33  2.5490184184854E+00  2.8670641466482E-03  2.5375380441622E+00  2.5609827588268E+00  5.7484800000000E+10
 34  2.4490790470577E+00  2.8762831988763E-03  2.4399894501003E+00  2.4606547277346E+00  5.7484800000000E+10
 35  2.3413524266416E+00  2.9744323565461E-03  2.3328536608562E+00  2.3541187667577E+00  5.7484800000000E+10
 36  2.2271674501541E+00  3.0775262643439E-03  2.2173888478499E+00  2.2400673524317E+00  5.7484800000000E+10
 37  2.1079797022531E+00  3.1111600827909E-03  2.0993353489170E+00  2.1205836893532E+00  5.7484800000000E+10
 38  1.9852239539253E+00  3.1352315167690E-03  1.9757523282243E+00  1.9977944492818E+00  5.7484800000000E+10
 39  1.8602899551845E+00  3.1369268071911E-03  1.8508825443448E+00  1.8734278591127E+00  5.7484800000000E+10
 40  1.7345264451780E+00  3.1161357713475E-03  1.7257088184031E+00  1.7471166483838E+00  5.7484800000000E+10
 41  1.6091978634845E+00  3.0209733364921E-03  1.6003894135237E+00  1.6210812307150E+00  5.7484800000000E+10
 42  1.4854748798551E+00  2.9422844845879E-03  1.4765343252463E+00  1.4970651479269E+00  5.7484800000000E+10
 43  1.3644316956627E+00  2.8182442956302E-03  1.3552652692947E+00  1.3756759568567E+00  5.7484800000000E+10
 44  1.2469975841873E+00  2.7021367377258E-03  1.2389458153092E+00  1.2578867745315E+00  5.7484800000000E+10
 45  1.1339864215893E+00  2.5031109648474E-03  1.1263734964345E+00  1.1445448600857E+00  5.7484800000000E+10
 46  1.0260740597986E+00  2.3484670389854E-03  1.0187217355660E+00  1.0354883700697E+00  5.7484800000000E+10
 47  9.2379890386628E-01  2.2259271439533E-03  9.1553776089682E-01  9.3272932548398E-01  5.7484800000000E+10
 48  8.2757106971983E-01  2.0807188090505E-03  8.2070294885310E-01  8.3624016363486E-01  5.7484800000000E+10
 49  7.3766961715631E-01  1.8897794396859E-03  7.3133210252257E-01  7.4483384487134E-01  5.7484800000000E+10
 50  6.5425459916284E-01  1.7501959889512E-03  6.4899721951900E-01  6.6102200777200E-01  5.7484800000000E+10
 51  5.7737649378327E-01  1.5986960433141E-03  5.7230425116998E-01  5.8390185141724E-01  5.7484800000000E+10
 52  5.0699147789049E-01  1.4594704299507E-03  5.0225620343963E-01  5.1333724892519E-01  5.7484800000000E+10
 53  4.4296731159219E-01  1.2965496816254E-03  4.3902354717594E-01  4.4836414139695E-01  5.7484800000000E+10
 54  3.8509545389574E-01  1.1561882103015E-03  3.8147504322641E-01  3.8993538980574E-01  5.7484800000000E+10
 55  3.3311553405729E-01  1.0392966027424E-03  3.2984184165089E-01  3.3729081359652E-01  5.7484800000000E+10
 56  2.8671506127713E-01  9.1398653842461E-04  2.8364237083075E-01  2.9034316029597E-01  5.7484800000000E+10
 57  2.4554703892211E-01  8.0352450520095E-04  2.4307855689802E-01  2.4856789435215E-01  5.7484800000000E+10
 58  2.0924010520282E-01  6.7174113565535E-04  2.0708523645019E-01  2.1200767480625E-01  5.7484800000000E+10
 59  1.7741134795228E-01  6.0047869001322E-04  1.7522894334728E-01  1.7999001141252E-01  5.7484800000000E+10
 60  1.4967632490297E-01  5.2023641452663E-04  1.4800575287297E-01  1.5171267802107E-01  5.7484800000000E+10
 61  1.2564553625634E-01  4.4127983119261E-04  1.2403099792495E-01  1.2722899450665E-01  5.7484800000000E+10
 62  1.0494699156854E-01  3.8125223983145E-04  1.0353473469834E-01  1.0642100860231E-01  5.7484800000000E+10
 63  8.7220739650688E-02  3.2787592411011E-04  8.6136658958418E-02  8.8441285312855E-02  5.7484800000000E+10
 64  7.2127757415653E-02  2.7651580941693E-04  7.1231583436676E-02  7.3297981759870E-02  5.7484800000000E+10
 65  5.9348307119032E-02  2.3350611291733E-04  5.8478448068426E-02  6.0263663802521E-02  5.7484800000000E+10
 66  4.8589192303252E-02  1.9898473118359E-04  4.7872808128863E-02  4.9340545713939E-02  5.7484800000000E+10
 67  3.9582626876503E-02  1.6630541619405E-04  3.9052425551885E-02  4.0154784108802E-02  5.7484800000000E+10
 68  3.2084078177573E-02  1.3997073896495E-04  3.1639745719449E-02  3.2629531832249E-02  5.7484800000000E+10
 69  2.5876504363518E-02  1.1433325834040E-04  2.5500051323325E-02  2.6324931313140E-02  5.7484800000000E+10
 70  2.0765782352169E-02  9.3544200704355E-05  2.0465476374566E-02  2.1113658865497E-02  5.7484800000000E+10
 71  1.6581062193373E-02  7.7445742709964E-05  1.6341993388302E-02  1.6863315915206E-02  5.7484800000000E+10
 72  1.3173392239456E-02  6.1144548594571E-05  1.2973704040577E-02  1.3419572346138E-02  5.7484800000000E+10
 73  1.0413914981916E-02  4.9672460667191E-05  1.0242096325391E-02  1.0597513486559E-02  5.7484800000000E+10
 74  8.1911581268811E-03  4.0809467502791E-05  8.0559439003689E-03  8.3489874619121E-03  5.7484800000000E+10
 75  6.4106233787688E-03  3.1813904307587E-05  6.3045826780261E-03  6.5316984241279E-03  5.7484800000000E+10
 76  4.9918516102339E-03  2.5304606180476E-05  4.9010957519148E-03  5.0874721069651E-03  5.7484800000000E+10
 77  3.8676448252945E-03  2.0152994489283E-05  3.8000747120955E-03  3.9385616758550E-03  5.7484800000000E+10
 78  2.9814586528827E-03  1.5582157463258E-05  2.9291453908220E-03  3.0431962930120E-03  5.7484800000000E+10
 79  2.2867261505102E-03  1.2159951972881E-05  2.2409461717278E-03  2.3310207575919E-03  5.7484800000000E+10
 80  1.7449455019719E-03  9.2979005558632E-06  1.7113243749769E-03  1.7765729580738E-03  5.7484800000000E+10
 81  1.3247281948084E-03  7.5010634877214E-06  1.3002452380991E-03  1.3499865038875E-03  5.7484800000000E+10
 82  1.0005234152117E-03  5.7559214446559E-06  9.8046578077063E-04  1.0217325321165E-03  5.7484800000000E+10
 83  7.5169756115034E-04  4.4495067810706E-06  7.3765181554030E-04  7.6601908571237E-04  5.7484800000000E+10
 84  5.6177537714627E-04  3.4451055992988E-06  5.5049240428793E-04  5.7363946481113E-04  5.7484800000000E+10
 85  4.1753905421428E-04  2.5535283830881E-06  4.0842305082508E-04  4.2614100277589E-04  5.7484800000000E+10
 86  3.0860110069314E-04  1.8699772395202E-06  3.0239673118751E-04  3.1532742791391E-04  5.7484800000000E+10
 87  2.2674249368486E-04  1.4390628949473E-06  2.2153255146216E-04  2.3174890252397E-04  5.7484800000000E+10
 88  1.6556765426762E-04  1.0870122629039E-06  1.6230594048807E-04  1.6949999431888E-04  5.7484800000000E+10
 89  1.2007753890957E-04  8.1684290802371E-07  1.1736089513675E-04  1.2282718384654E-04  5.7484800000000E+10
 90  8.6438644095863E-05  5.9957396857012E-07  8.4514055620972E-05  8.8591949128753E-05  5.7484800000000E+10
 91  6.1684909675120E-05  4.2790837219759E-07  6.0336665327004E-05  6.3438195932225E-05  5.7484800000000E+10
 92  4.3569695947319E-05  3.2528218203852E-07  4.2496764135054E-05  4.4631165679152E-05  5.7484800000000E+10
 93  3.0380472635319E-05  2.3408718426239E-07  2.9589528183518E-05  3.1227397955223E-05  5.7484800000000E+10
 94  2.0826842819544E-05  1.6936316823953E-07  2.0284206459526E-05  2.1460968644980E-05  5.7484800000000E+10
 95  1.3943677330486E-05  1.2276886203268E-07  1.3498738775103E-05  1.4401383672098E-05  5.7484800000000E+10
 96  9.0097694609431E-06  8.8983223737951E-08  8.7315459377284E-06  9.3295351817755E-06  5.7484800000000E+10
 97  5.4919610990733E-06  6.3603185089731E-08  5.2741319144003E-06  5.7243121393660E-06  5.7484800000000E+10
 98  2.9947422846886E-06  4.5066945992455E-08  2.8518331245827E-06  3.1384757243708E-06  5.7484800000000E+10
 99  1.2083959379310E-06  3.2949177644205E-08  1.1076824879111E-06  1.3073006710045E-06  5.7484800000000E+10
100  2.6500447467997E-08  1.0458720050090E-08  3.7397175348981E-09  7.2101121722049E-08  5.7484800000000E+10
 
 field : TRAC04   ; Iter =      2880 ; region #   0 ; nb.Lev = 100
 k | --   Average    -- | --   Std.Dev    -- | --     min      -- | --     max      -- | --    Vol
  0  1.0019836021255E+00  9.2521679828709E-01  1.0139520698116E-03  4.4142932932795E+00  5.7484800000000E+12
  1  2.7041589995749E+00  1.3023022520086E+00  1.4500588044842E-02  4.4142932932795E+00  5.7484800000000E+10
  2  2.6118959903023E+00  1.2573933044464E+00  1.4051862675380E-02  4.3569205721118E+00  5.7484800000000E+10
  3  2.5241942464742E+00  1.2165819562371E+00  1.3693640853204E-02  4.2847094388244E+00  5.7484800000000E+10
  4  2.4489966093874E+00  1.1819455300588E+00  1.2882046465019E-02  4.2038968455212E+00  5.7484800000000E+10
  5  2.3841376484905E+00  1.1520799771507E+00  1.2319022413426E-02  4.1134880253706E+00  5.7484800000000E+10
  6  2.3217395603602E+00  1.1217993452935E+00  1.1728574077253E-02  4.0324995604455E+00  5.7484800000000E+10
  7  2.2633221713527E+00  1.0921119994422E+00  1.0484195079603E-02  3.9692618273187E+00  5.7484800000000E+10
  8  2.2097631818789E+00  1.0643566512716E+00  9.3803165527018E-03  3.9668311736843E+00  5.7484800000000E+10
  9  2.1594590562258E+00  1.0380904981626E+00  9.2955279909757E-03  3.9582564592860E+00  5.7484800000000E+10
 10  2.1121349404867E+00  1.0138087260226E+00  9.2978286910174E-03  3.7990269615516E+00  5.7484800000000E+10
 11  2.0679013692653E+00  9.9267228983708E-01  9.3020040602160E-03  3.7894125093446E+00  5.7484800000000E+10
 12  2.0249390205483E+00  9.7282732640141E-01  9.3070476169152E-03  3.7843788432360E+00  5.7484800000000E+10
 13  1.9850476012275E+00  9.5402677275209E-01  9.3117280375678E-03  3.7437827833803E+00  5.7484800000000E+10
 14  1.9508515386632E+00  9.3789640584779E-01  9.3160423878829E-03  3.7404367880394E+00  5.7484800000000E+10
 15  1.9200233950125E+00  9.2284972620532E-01  9.3192015759178E-03  3.7394856805158E+00  5.7484800000000E+10
 16  1.8924313804732E+00  9.0895007264698E-01  9.3201252045018E-03  3.6798818268875E+00  5.7484800000000E+10
 17  1.8684894578052E+00  8.9695576818787E-01  9.3200922551534E-03  3.6911783835985E+00  5.7484800000000E+10
 18  1.8457490959700E+00  8.8681857002048E-01  9.3200591131429E-03  3.6949914703253E+00  5.7484800000000E+10
 19  1.8238891918313E+00  8.7751928806821E-01  9.3200591131429E-03  3.6880546182484E+00  5.7484800000000E+10
 20  1.8024237189208E+00  8.6759003509869E-01  9.3193772344496E-03  3.4825719855653E+00  5.7484800000000E+10
 21  1.7782819718115E+00  8.5583882529977E-01  9.3170627925893E-03  3.4904974203802E+00  5.7484800000000E+10
 22  1.7537343652812E+00  8.4486113207246E-01  9.3082271950917E-03  3.4866592994411E+00  5.7484800000000E+10
 23  1.7285779145296E+00  8.3398095029065E-01  9.2895104157969E-03  3.4749495103101E+00  5.7484800000000E+10
 24  1.7005432847134E+00  8.2180728172971E-01  9.3381834108579E-03  3.4353079061397E+00  5.7484800000000E+10
 25  1.6701655454262E+00  8.0892744436169E-01  9.3987771945164E-03  3.3299705380514E+00  5.7484800000000E+10
 26  1.6400916650841E+00  7.9663895044489E-01  9.3648013144403E-03  3.2534738327198E+00  5.7484800000000E+10
 27  1.6064255034341E+00  7.8213640263958E-01  8.6010335138314E-03  3.2258792784231E+00  5.7484800000000E+10
 28  1.5615564796553E+00  7.6012432219971E-01  7.7130627951349E-03  3.1510242771225E+00  5.7484800000000E+10
 29  1.5090512883757E+00  7.3414916677824E-01  7.6241739772523E-03  3.0638907030829E+00  5.7484800000000E+10
 30  1.4174058353879E+00  6.8554784955538E-01  7.5016933651323E-03  2.8300660511625E+00  5.7484800000000E+10
 31  1.2863471047453E+00  6.1755436326492E-01  6.8276786898268E-03  2.0994677545862E+00  5.7484800000000E+10
 32  1.2358499675341E+00  5.9427141139049E-01  6.4214793266678E-03  1.9437633062304E+00  5.7484800000000E+10
 33  1.2061704762107E+00  5.8005726504139E-01  6.2466475922479E-03  1.8931858674172E+00  5.7484800000000E+10
 34  1.1753373963126E+00  5.6516040985987E-01  5.9717616898028E-03  1.8438326271567E+00  5.7484800000000E+10
 35  1.1444066186548E+00  5.5028482024742E-01  5.8019760275571E-03  1.7952312554349E+00  5.7484800000000E+10
 36  1.1142720629079E+00  5.3579838189947E-01  5.7105341940930E-03  1.7480995633000E+00  5.7484800000000E+10
 37  1.0849493951069E+00  5.2169963368313E-01  5.4747773914252E-03  1.7018242212105E+00  5.7484800000000E+10
 38  1.0564007134820E+00  5.0797263485278E-01  5.3015451172214E-03  1.6569607649101E+00  5.7484800000000E+10
 39  1.0286031329614E+00  4.9460579824702E-01  5.2303519249288E-03  1.6134231042811E+00  5.7484800000000E+10
 40  1.0015367462043E+00  4.8159167610765E-01  5.0808681157597E-03  1.5710688255308E+00  5.7484800000000E+10
 41  9.7518178121432E-01  4.6892022999051E-01  4.9206681005647E-03  1.5296678049659E+00  5.7484800000000E+10
 42  9.4952044507466E-01  4.5658165643981E-01  4.7576451699756E-03  1.4894514497577E+00  5.7484800000000E+10
 43  9.2453567847945E-01  4.4456711344051E-01  4.6281087762251E-03  1.4501808638080E+00  5.7484800000000E+10
 44  9.0020756963949E-01  4.3286974557485E-01  4.5369324331121E-03  1.4118634402910E+00  5.7484800000000E+10
 45  8.7651892590681E-01  4.2148007168122E-01  4.3758576447809E-03  1.3750532360572E+00  5.7484800000000E+10
 46  8.5345428764473E-01  4.1038956763366E-01  4.2618757283473E-03  1.3385460990701E+00  5.7484800000000E+10
 47  8.3099626762960E-01  3.9959080243807E-01  4.1760506731311E-03  1.3035858673040E+00  5.7484800000000E+10
 48  8.0912988238355E-01  3.8907650099736E-01  4.0462179607537E-03  1.2691671336820E+00  5.7484800000000E+10
 49  7.8783854655924E-01  3.7883891402596E-01  3.9275821349537E-03  1.2356395200732E+00  5.7484800000000E+10
 50  7.6710698103962E-01  3.6887035807732E-01  3.8470317714475E-03  1.2032232724350E+00  5.7484800000000E+10
 51  7.4692140222981E-01  3.5916442870691E-01  3.7623846944079E-03  1.1718119335285E+00  5.7484800000000E+10
 52  7.2726697954240E-01  3.4971358607145E-01  3.6643752199060E-03  1.1410229823471E+00  5.7484800000000E+10
 53  7.0812978572366E-01  3.4051167597050E-01  3.5822978048215E-03  1.1107888005016E+00  5.7484800000000E+10
 54  6.8949549949908E-01  3.3155249319885E-01  3.4346273808192E-03  1.0815784181352E+00  5.7484800000000E+10
 55  6.7135243303302E-01  3.2282796006659E-01  3.3491605547846E-03  1.0529516853855E+00  5.7484800000000E+10
 56  6.5368650881320E-01  3.1433298843458E-01  3.3272973949786E-03  1.0253685757225E+00  5.7484800000000E+10
 57  6.3648577043678E-01  3.0606167610893E-01  3.2038395614797E-03  9.9816881143015E-01  5.7484800000000E+10
 58  6.1973658294163E-01  2.9800836209822E-01  3.0797769271996E-03  9.7206371768169E-01  5.7484800000000E+10
 59  6.0342860798428E-01  2.9016719985026E-01  3.0095965167090E-03  9.4671261802561E-01  5.7484800000000E+10
 60  5.8755079752386E-01  2.8253226478927E-01  2.9460627823711E-03  9.2166915480775E-01  5.7484800000000E+10
 61  5.7208928315241E-01  2.7509773352891E-01  2.8415110756604E-03  8.9735402116989E-01  5.7484800000000E+10
 62  5.5703552441043E-01  2.6785850463725E-01  2.7714723622346E-03  8.7388988938460E-01  5.7484800000000E+10
 63  5.4237768105930E-01  2.6081019127370E-01  2.7346361899820E-03  8.5074938318054E-01  5.7484800000000E+10
 64  5.2810569611459E-01  2.5394739481315E-01  2.6317563793598E-03  8.2857364189746E-01  5.7484800000000E+10
 65  5.1420890482403E-01  2.4726557060552E-01  2.5517776673846E-03  8.0677184375853E-01  5.7484800000000E+10
 66  5.0067781239198E-01  2.4075914907846E-01  2.4940234502687E-03  7.8543860902029E-01  5.7484800000000E+10
 67  4.8750327987287E-01  2.3442361629624E-01  2.4332117043155E-03  7.6487587518053E-01  5.7484800000000E+10
 68  4.7467451580328E-01  2.2825490125181E-01  2.3707339804627E-03  7.4471725622905E-01  5.7484800000000E+10
 69  4.6218418660511E-01  2.2224871934519E-01  2.3449280950061E-03  7.2510007558836E-01  5.7484800000000E+10
 70  4.5002244338311E-01  2.1640091468288E-01  2.2743668266627E-03  7.0609288099103E-01  5.7484800000000E+10
 71  4.3818038923379E-01  2.1070690526053E-01  2.1845804144313E-03  6.8751244465166E-01  5.7484800000000E+10
 72  4.2664970607029E-01  2.0516183881852E-01  2.1322526571979E-03  6.6940299321943E-01  5.7484800000000E+10
 73  4.1542303983390E-01  1.9976334355391E-01  2.0676590914560E-03  6.5174567169736E-01  5.7484800000000E+10
 74  4.0449136028260E-01  1.9450718257758E-01  2.0356923347104E-03  6.3450205287175E-01  5.7484800000000E+10
 75  3.9384779176469E-01  1.8938915632127E-01  1.9683211567948E-03  6.1802710607028E-01  5.7484800000000E+10
 76  3.8348349727245E-01  1.8440556670156E-01  1.9049960531117E-03  6.0164635461185E-01  5.7484800000000E+10
 77  3.7339307767529E-01  1.7955297912159E-01  1.8645862936936E-03  5.8584721460792E-01  5.7484800000000E+10
 78  3.6356700182587E-01  1.7482792347560E-01  1.8232425768036E-03  5.7044262960859E-01  5.7484800000000E+10
 79  3.5400038514528E-01  1.7022795826110E-01  1.7721061346856E-03  5.5548361627784E-01  5.7484800000000E+10
 80  3.4468475858273E-01  1.6574865672388E-01  1.7123716485099E-03  5.4093261148346E-01  5.7484800000000E+10
 81  3.3561461604927E-01  1.6138731992057E-01  1.6632099879772E-03  5.2653484344175E-01  5.7484800000000E+10
 82  3.2678343619058E-01  1.5714043278641E-01  1.6464279575841E-03  5.1270988514826E-01  5.7484800000000E+10
 83  3.1818403547896E-01  1.5300519936383E-01  1.5960674506310E-03  4.9930243287003E-01  5.7484800000000E+10
 84  3.0981192226886E-01  1.4897916158704E-01  1.5438332668469E-03  4.8624611943976E-01  5.7484800000000E+10
 85  3.0165897740681E-01  1.4505887461876E-01  1.5117445513777E-03  4.7328782120424E-01  5.7484800000000E+10
 86  2.9372139794223E-01  1.4124229455121E-01  1.4632634153413E-03  4.6092354673703E-01  5.7484800000000E+10
 87  2.8599178438874E-01  1.3752518565395E-01  1.4249185846275E-03  4.4871387854808E-01  5.7484800000000E+10
 88  2.7846663496499E-01  1.3390668737204E-01  1.3898493686639E-03  4.3714161942196E-01  5.7484800000000E+10
 89  2.7113844794909E-01  1.3038260800693E-01  1.3454925027482E-03  4.2539273782161E-01  5.7484800000000E+10
 90  2.6400430554061E-01  1.2695194388843E-01  1.3244648876872E-03  4.1425067965991E-01  5.7484800000000E+10
 91  2.5705685767954E-01  1.2361158032810E-01  1.2830621832560E-03  4.0340318467137E-01  5.7484800000000E+10
 92  2.5029260266818E-01  1.2035857138954E-01  1.2456661754832E-03  3.9277805492111E-01  5.7484800000000E+10
 93  2.4370645543208E-01  1.1719154646958E-01  1.2254706659677E-03  3.8246647842201E-01  5.7484800000000E+10
 94  2.3729338586813E-01  1.1410782422418E-01  1.1872649838016E-03  3.7238572660901E-01  5.7484800000000E+10
 95  2.3104908426520E-01  1.1110500523099E-01  1.1541955824450E-03  3.6274043747629E-01  5.7484800000000E+10
 96  2.2496931819171E-01  1.0818149480977E-01  1.1235897709792E-03  3.5295482982450E-01  5.7484800000000E+10
 97  2.1905079954923E-01  1.0533548414913E-01  1.0931771347743E-03  3.4389027052833E-01  5.7484800000000E+10
 98  2.1327944996477E-01  1.0256083083859E-01  1.0595927653371E-03  3.3484603836103E-01  5.7484800000000E+10
 99  2.0754580915282E-01  9.9805680922217E-02  1.0470921841560E-03  3.2571708820988E-01  5.7484800000000E+10
100  2.0234018092587E-01  9.7296167802799E-02  1.0139520698116E-03  3.1735997144580E-01  5.7484800000000E+10
 
 field : TRAC05   ; Iter =      2880 ; region #   0 ; nb.Lev = 100
 k | --   Average    -- | --   Std.Dev    -- | --     min      -- | --     max      -- | --    Vol
  0  1.0013564131476E+00  1.4372405964236E+00  1.1443028887652E-14  5.7979139009212E+00  5.7484800000000E+12
  1  1.1633173244388E+00  5.6327670315763E-01  2.4129109695247E-01  4.0447392059489E+00  5.7484800000000E+10
  2  1.3800683309093E+00  6.4987554208905E-01  2.8431556642689E-01  4.0668922327298E+00  5.7484800000000E+10
  3  1.5992837016273E+00  7.3613831864870E-01  2.8431583896560E-01  4.3760256362604E+00  5.7484800000000E+10
  4  1.7946152187961E+00  8.1224637759393E-01  3.4988218777416E-01  4.7026462106637E+00  5.7484800000000E+10
  5  1.9682259761104E+00  8.6810639045570E-01  3.9584980975340E-01  4.8374136660796E+00  5.7484800000000E+10
  6  2.1369985989886E+00  9.2287803793239E-01  4.2677605667276E-01  5.0931280735430E+00  5.7484800000000E+10
  7  2.2917561964132E+00  9.8170686714263E-01  4.6959691361964E-01  5.1022561681423E+00  5.7484800000000E+10
  8  2.4284794158765E+00  1.0337573756431E+00  5.3208575700323E-01  5.2442998914303E+00  5.7484800000000E+10
  9  2.5521167793318E+00  1.0848213533978E+00  5.8200689145039E-01  5.2621811940587E+00  5.7484800000000E+10
 10  2.6627420362885E+00  1.1337227669752E+00  5.8062155143410E-01  5.3977914365324E+00  5.7484800000000E+10
 11  2.7614425189609E+00  1.1730193355876E+00  5.8089074960452E-01  5.5779109136725E+00  5.7484800000000E+10
 12  2.8529849089449E+00  1.2039856953836E+00  5.8123200442944E-01  5.6245625029459E+00  5.7484800000000E+10
 13  2.9324824011974E+00  1.2341163450569E+00  5.8504008932890E-01  5.6103364202151E+00  5.7484800000000E+10
 14  2.9965486410482E+00  1.2584779711326E+00  6.6061925002740E-01  5.5614086697059E+00  5.7484800000000E+10
 15  3.0498712706932E+00  1.2770351692993E+00  6.9921519817623E-01  5.5884473966089E+00  5.7484800000000E+10
 16  3.0948719817328E+00  1.2891368766023E+00  7.2628403301548E-01  5.6362758771018E+00  5.7484800000000E+10
 17  3.1327033810695E+00  1.2947398387612E+00  7.3818612585203E-01  5.6311006420633E+00  5.7484800000000E+10
 18  3.1654205582058E+00  1.2987265706185E+00  7.2181654480243E-01  5.6855971379539E+00  5.7484800000000E+10
 19  3.1928365043891E+00  1.3019201350689E+00  7.4138179767025E-01  5.7097114106085E+00  5.7484800000000E+10
 20  3.2158653898278E+00  1.3043777548434E+00  7.5784411310793E-01  5.6856710721944E+00  5.7484800000000E+10
 21  3.2353788760884E+00  1.3079955245529E+00  8.1051327371400E-01  5.6141459022226E+00  5.7484800000000E+10
 22  3.2495315813422E+00  1.3089676240338E+00  8.8421198096429E-01  5.6917786518880E+00  5.7484800000000E+10
 23  3.2582570946256E+00  1.3076555885510E+00  8.8421198096429E-01  5.7831032738421E+00  5.7484800000000E+10
 24  3.2611256962264E+00  1.3032128046747E+00  8.8422991757743E-01  5.7979139009212E+00  5.7484800000000E+10
 25  3.2562089365112E+00  1.2943572086430E+00  8.8422991757743E-01  5.7938341892585E+00  5.7484800000000E+10
 26  3.2420495406015E+00  1.2834893386549E+00  9.0039939122911E-01  5.5825630642270E+00  5.7484800000000E+10
 27  3.2156950854641E+00  1.2711574527983E+00  9.3271705631660E-01  5.4425979373189E+00  5.7484800000000E+10
 28  3.1659521348278E+00  1.2520462586176E+00  9.0078181343487E-01  5.3736861385098E+00  5.7484800000000E+10
 29  3.0873830959335E+00  1.2193201541217E+00  8.9118311827112E-01  5.3482532935703E+00  5.7484800000000E+10
 30  2.9129244700176E+00  1.1578118063277E+00  8.5694017312581E-01  5.1907666160017E+00  5.7484800000000E+10
 31  2.4390950211544E+00  9.5547767244064E-01  7.6874579399709E-01  3.8779701714713E+00  5.7484800000000E+10
 32  2.1452757139880E+00  8.4486143031047E-01  6.9250212845553E-01  3.2950837383708E+00  5.7484800000000E+10
 33  1.9345525492626E+00  7.6259010488490E-01  6.2398843754087E-01  2.9649076051013E+00  5.7484800000000E+10
 34  1.7267134651594E+00  6.8029902159540E-01  5.5682357009284E-01  2.6442913781583E+00  5.7484800000000E+10
 35  1.5247090987204E+00  6.0066294556617E-01  4.9153493699523E-01  2.3348106100034E+00  5.7484800000000E+10
 36  1.3343157422577E+00  5.2566025483081E-01  4.2965821939582E-01  2.0446463465248E+00  5.7484800000000E+10
 37  1.1574189239223E+00  4.5596280627308E-01  3.7290126353145E-01  1.7732621802574E+00  5.7484800000000E+10
 38  9.9509870918417E-01  3.9201061052220E-01  3.1934304555334E-01  1.5238449600703E+00  5.7484800000000E+10
 39  8.4796866196977E-01  3.3404664828683E-01  2.7178237073384E-01  1.3001373451267E+00  5.7484800000000E+10
 40  7.1619873701800E-01  2.8213269279925E-01  2.3065142684176E-01  1.0975783745908E+00  5.7484800000000E+10
 41  5.9954959762990E-01  2.3617796805862E-01  1.9306128907887E-01  9.1900436095585E-01  5.7484800000000E+10
 42  4.9745562452867E-01  1.9596047463617E-01  1.5984608875191E-01  7.6323231535168E-01  5.7484800000000E+10
 43  4.0909710822466E-01  1.6115106950254E-01  1.3157052932951E-01  6.2828485461576E-01  5.7484800000000E+10
 44  3.3345363610373E-01  1.3135430295548E-01  1.0746921611735E-01  5.1129125308620E-01  5.7484800000000E+10
 45  2.6939028176100E-01  1.0611717463117E-01  8.6571971357108E-02  4.1366323061064E-01  5.7484800000000E+10
 46  2.1570892651105E-01  8.4971008922676E-02  6.9039012697537E-02  3.3080951661371E-01  5.7484800000000E+10
 47  1.7119502120979E-01  6.7436690802943E-02  5.4691371591939E-02  2.6330950686258E-01  5.7484800000000E+10
 48  1.3466524478774E-01  5.3047368106613E-02  4.3049061690648E-02  2.0700355430848E-01  5.7484800000000E+10
 49  1.0499241428592E-01  4.1358597922051E-02  3.3497928057067E-02  1.6118145996394E-01  5.7484800000000E+10
 50  8.1132739697194E-02  3.1959798480899E-02  2.5837312084104E-02  1.2455015594192E-01  5.7484800000000E+10
 51  6.2140340864926E-02  2.4478796317406E-02  1.9835534758813E-02  9.5609211562656E-02  5.7484800000000E+10
 52  4.7172557773402E-02  1.8582765609842E-02  1.5026295518192E-02  7.2649362359629E-02  5.7484800000000E+10
 53  3.5493154238528E-02  1.3981823771146E-02  1.1308972852405E-02  5.4584263254314E-02  5.7484800000000E+10
 54  2.6468756465948E-02  1.0427205338558E-02  8.4998812791509E-03  4.0833300414336E-02  5.7484800000000E+10
 55  1.9564226181489E-02  7.7073041159619E-03  6.2342970564473E-03  3.0123316127528E-02  5.7484800000000E+10
 56  1.4332734744961E-02  5.6463717544078E-03  4.5815996638819E-03  2.2101821445865E-02  5.7484800000000E+10
 57  1.0407207542280E-02  4.0999420444241E-03  3.3241753623034E-03  1.5998154426710E-02  5.7484800000000E+10
 58  7.4898153178590E-03  2.9506831791578E-03  2.3951046921863E-03  1.1513635980498E-02  5.7484800000000E+10
 59  5.3425273846786E-03  2.1048723698007E-03  1.7160964234717E-03  8.2347070190103E-03  5.7484800000000E+10
 60  3.7771980957113E-03  1.4881845930551E-03  1.2080608689610E-03  5.8288136151924E-03  5.7484800000000E+10
 61  2.6467647862857E-03  1.0428114957188E-03  8.4108459334817E-04  4.0810162408972E-03  5.7484800000000E+10
 62  1.8382407336494E-03  7.2428278655304E-04  5.8028946184036E-04  2.8363361870474E-03  5.7484800000000E+10
 63  1.2653960862013E-03  4.9860637900832E-04  4.0170935002079E-04  1.9635464945322E-03  5.7484800000000E+10
 64  8.6336047331511E-04  3.4019072292043E-04  2.7659545801754E-04  1.3339344773376E-03  5.7484800000000E+10
 65  5.8383238784078E-04  2.3005822326258E-04  1.8675894756378E-04  9.0400429317014E-04  5.7484800000000E+10
 66  3.9130795999728E-04  1.5420331351331E-04  1.2458401118620E-04  6.0467323098848E-04  5.7484800000000E+10
 67  2.5995192618565E-04  1.0244074818296E-04  8.2597085312789E-05  4.0270528331480E-04  5.7484800000000E+10
 68  1.7115624429005E-04  6.7451088674038E-05  5.4176034174135E-05  2.6467975876860E-04  5.7484800000000E+10
 69  1.1169691423634E-04  4.4021593895157E-05  3.5500839491606E-05  1.7305157552116E-04  5.7484800000000E+10
 70  7.2247742239748E-05  2.8475395514795E-05  2.2982247428272E-05  1.1204379497006E-04  5.7484800000000E+10
 71  4.6316234139248E-05  1.8255794127812E-05  1.4736950096173E-05  7.1835861699801E-05  5.7484800000000E+10
 72  2.9428908876309E-05  1.1599794770849E-05  9.3722283736333E-06  4.5761461753683E-05  5.7484800000000E+10
 73  1.8533912747377E-05  7.3057236136913E-06  5.8921169758408E-06  2.8836807720519E-05  5.7484800000000E+10
 74  1.1568728172656E-05  4.5605694368890E-06  3.7015702933832E-06  1.8010255011435E-05  5.7484800000000E+10
 75  7.1572376478424E-06  2.8215855169043E-06  2.2783077645641E-06  1.1147264182572E-05  5.7484800000000E+10
 76  4.3886020681927E-06  1.7302280100726E-06  1.4034818818140E-06  6.8233396733552E-06  5.7484800000000E+10
 77  2.6672639071530E-06  1.0516029591159E-06  8.4925754505529E-07  4.1472187251989E-06  5.7484800000000E+10
 78  1.6066498315976E-06  6.3344729326844E-07  5.1261065151143E-07  2.4982660397519E-06  5.7484800000000E+10
 79  9.5925137951682E-07  3.7825148245445E-07  3.0630284190824E-07  1.5028546039150E-06  5.7484800000000E+10
 80  5.6763056147406E-07  2.2383317243914E-07  1.8060257971824E-07  8.8620656419994E-07  5.7484800000000E+10
 81  3.3292004343615E-07  1.3128894894803E-07  1.0471951043819E-07  5.2067546955397E-07  5.7484800000000E+10
 82  1.9353189733572E-07  7.6324195486925E-08  6.0664870180975E-08  3.0272755539903E-07  5.7484800000000E+10
 83  1.1150332371420E-07  4.3977807315433E-08  3.5307756143281E-08  1.7533542410599E-07  5.7484800000000E+10
 84  6.3678100967665E-08  2.5117343849743E-08  2.0271039081573E-08  1.0086001207436E-07  5.7484800000000E+10
 85  3.6040985597962E-08  1.4217266073801E-08  1.1499503159821E-08  5.6273456968165E-08  5.7484800000000E+10
 86  2.0219433270620E-08  7.9767860147312E-09  6.4301424605566E-09  3.1873451858928E-08  5.7484800000000E+10
 87  1.1242104210385E-08  4.4353737555915E-09  3.5323428800716E-09  1.7702260355307E-08  5.7484800000000E+10
 88  6.1957118026873E-09  2.4448006839164E-09  1.9439179896252E-09  9.7487115595779E-09  5.7484800000000E+10
 89  3.3838991622255E-09  1.3354888096392E-09  1.0585946988630E-09  5.2993800099140E-09  5.7484800000000E+10
 90  1.8318761251565E-09  7.2316548445604E-10  5.7169792025752E-10  2.8686438965257E-09  5.7484800000000E+10
 91  9.8268240823669E-10  3.8811510562174E-10  3.0919468275216E-10  1.5549857054955E-09  5.7484800000000E+10
 92  5.2233190156797E-10  2.0644569437537E-10  1.6395086840331E-10  8.2465034775246E-10  5.7484800000000E+10
 93  2.7501736022569E-10  1.0884306039523E-10  8.6299886053280E-11  4.3431161717508E-10  5.7484800000000E+10
 94  1.4333783075977E-10  5.6882107275600E-11  4.5083749019549E-11  2.2541807228374E-10  5.7484800000000E+10
 95  7.3864654264030E-11  2.9462976189794E-11  2.2844423732067E-11  1.1768010104360E-10  5.7484800000000E+10
 96  3.7540690574084E-11  1.5128333346603E-11  1.1457843406105E-11  5.9840187989808E-11  5.7484800000000E+10
 97  1.8720317151208E-11  7.6996241940709E-12  5.3869626067896E-12  3.0185037727121E-11  5.7484800000000E+10
 98  9.0530066792385E-12  3.8836170078149E-12  2.3265339175877E-12  1.4883455095746E-11  5.7484800000000E+10
 99  4.0885782136556E-12  1.9249540156914E-12  7.4486634693083E-13  6.8951322770257E-12  5.7484800000000E+10
100  1.7090701228808E-12  9.8176632486699E-13  1.1443028887652E-14  3.1202755175754E-12  5.7484800000000E+10
 
 field : TRAC01   ; Iter =      4320 ; region #   0 ; nb.Lev = 100
 k | --   Average    -- | --   Std.Dev    -- | --     min      -- | --     max      -- | --    Vol
  0  9.9999999788413E-01  5.7937291931903E-01  1.8292507295836E-04  1.9939512646015E+00  5.7484800000000E+12
  1  1.9432658369616E+00  3.9841549311524E-02  1.7503193884428E+00  1.9939512646015E+00  5.7484800000000E+10
  2  1.9179313007709E+00  4.2447431986227E-02  1.7073055586129E+00  1.9846038809457E+00  5.7484800000000E+10
  3  1.8921938644445E+00  4.5252301094842E-02  1.6912873846071E+00  1.9741252063702E+00  5.7484800000000E+10
  4  1.8695084915757E+00  4.7671996074704E-02  1.6268916150799E+00  1.9628401619014E+00  5.7484800000000E+10
  5  1.8490908959326E+00  4.8166820751642E-02  1.6258124864261E+00  1.9512366839027E+00  5.7484800000000E+10
  6  1.8292327685178E+00  4.8160389076944E-02  1.6248777851496E+00  1.9498915373414E+00  5.7484800000000E+10
  7  1.8106524536190E+00  4.7845096955813E-02  1.6038291174887E+00  1.9445861518770E+00  5.7484800000000E+10
  8  1.7935661144260E+00  4.7516931490932E-02  1.5863637970959E+00  1.9326875826848E+00  5.7484800000000E+10
  9  1.7775436995656E+00  4.7576313202051E-02  1.5849859275214E+00  1.9100346996666E+00  5.7484800000000E+10
 10  1.7624323866353E+00  4.9001148190369E-02  1.5849878683705E+00  1.8973921039773E+00  5.7484800000000E+10
 11  1.7480809660844E+00  5.0475978979094E-02  1.5600487851314E+00  1.8962108323341E+00  5.7484800000000E+10
 12  1.7337855550340E+00  5.0900084058459E-02  1.5600918466598E+00  1.8944589249855E+00  5.7484800000000E+10
 13  1.7202200860559E+00  5.1020948792148E-02  1.5643525021818E+00  1.8921651444197E+00  5.7484800000000E+10
 14  1.7076567941691E+00  5.2110244574557E-02  1.5473441754912E+00  1.8902751532553E+00  5.7484800000000E+10
 15  1.6963908654070E+00  5.3589678843144E-02  1.5327108874793E+00  1.8725583384282E+00  5.7484800000000E+10
 16  1.6866179946339E+00  5.2995153425973E-02  1.5282368964170E+00  1.8508119606351E+00  5.7484800000000E+10
 17  1.6773963198690E+00  4.9455701263147E-02  1.5346838823853E+00  1.8536542823214E+00  5.7484800000000E+10
 18  1.6682261181088E+00  4.6637752927439E-02  1.5331704653254E+00  1.8544401606722E+00  5.7484800000000E+10
 19  1.6593439786314E+00  4.5588390613413E-02  1.5231752747910E+00  1.8471319272717E+00  5.7484800000000E+10
 20  1.6506641064556E+00  4.5054220529666E-02  1.5230195354531E+00  1.8373602657820E+00  5.7484800000000E+10
 21  1.6415160282343E+00  4.5348989011194E-02  1.5048698629493E+00  1.8373592222720E+00  5.7484800000000E+10
 22  1.6319104036995E+00  4.5414502803214E-02  1.5012904982730E+00  1.8190569363784E+00  5.7484800000000E+10
 23  1.6215768349978E+00  4.5461424823142E-02  1.4990285592662E+00  1.7928117839892E+00  5.7484800000000E+10
 24  1.6102148420342E+00  4.5980496977029E-02  1.4665854721217E+00  1.7931820135929E+00  5.7484800000000E+10
 25  1.5977577202684E+00  4.6681747981488E-02  1.4664210206516E+00  1.7868482129629E+00  5.7484800000000E+10
 26  1.5841777072308E+00  4.6428406395633E-02  1.4564546033100E+00  1.7832521462343E+00  5.7484800000000E+10
 27  1.5688129690287E+00  4.6138239373054E-02  1.4484786559916E+00  1.7480999840993E+00  5.7484800000000E+10
 28  1.5485838236856E+00  4.6612147113550E-02  1.4316235525583E+00  1.7184960489355E+00  5.7484800000000E+10
 29  1.5269243189120E+00  4.7614827040330E-02  1.4238280762475E+00  1.7029870161696E+00  5.7484800000000E+10
 30  1.4761753275723E+00  3.8770590263473E-02  1.3965625941060E+00  1.6652850788277E+00  5.7484800000000E+10
 31  1.4069172114465E+00  1.4592960251391E-02  1.3703969718179E+00  1.5151547599589E+00  5.7484800000000E+10
 32  1.3722091431450E+00  3.5634545079745E-03  1.3561692254811E+00  1.4028675217182E+00  5.7484800000000E+10
 33  1.3527146586385E+00  1.0128416736577E-03  1.3448806316057E+00  1.3634622282792E+00  5.7484800000000E+10
 34  1.3333273974499E+00  8.8416374757725E-04  1.3291519467494E+00  1.3387255609059E+00  5.7484800000000E+10
 35  1.3131583353422E+00  8.7067420984401E-04  1.3098880313419E+00  1.3174228053756E+00  5.7484800000000E+10
 36  1.2929321665252E+00  8.3344723773122E-04  1.2901753353472E+00  1.2968481920385E+00  5.7484800000000E+10
 37  1.2727274638522E+00  8.0327296959502E-04  1.2703814219363E+00  1.2764001771514E+00  5.7484800000000E+10
 38  1.2525258780874E+00  7.8008285819159E-04  1.2503569386406E+00  1.2559550745818E+00  5.7484800000000E+10
 39  1.2323238263942E+00  7.6030977633604E-04  1.2300135895096E+00  1.2357788420919E+00  5.7484800000000E+10
 40  1.2121220277074E+00  7.4269576922647E-04  1.2100954637585E+00  1.2153065617268E+00  5.7484800000000E+10
 41  1.1919199012480E+00  7.2332263980569E-04  1.1902182248977E+00  1.1951206696836E+00  5.7484800000000E+10
 42  1.1717174310433E+00  7.0707215152779E-04  1.1700768391360E+00  1.1748056907768E+00  5.7484800000000E+10
 43  1.1515158577193E+00  6.8821202960505E-04  1.1497842883869E+00  1.1545417329807E+00  5.7484800000000E+10
 44  1.1313138573147E+00  6.7326756770002E-04  1.1294988531421E+00  1.1343102447402E+00  5.7484800000000E+10
 45  1.1111116099930E+00  6.5249426971810E-04  1.1094353308228E+00  1.1139333052862E+00  5.7484800000000E+10
 46  1.0909096643897E+00  6.3757580934686E-04  1.0892658897089E+00  1.0935810963124E+00  5.7484800000000E+10
 47  1.0707073228038E+00  6.2732214612270E-04  1.0690660122664E+00  1.0734500137595E+00  5.7484800000000E+10
 48  1.0505052469189E+00  6.1759681960479E-04  1.0488812293097E+00  1.0530764496343E+00  5.7484800000000E+10
 49  1.0303034156585E+00  6.0101188961252E-04  1.0287385613152E+00  1.0328061347849E+00  5.7484800000000E+10
 50  1.0101014152303E+00  5.9224970985700E-04  1.0086011323471E+00  1.0125834263875E+00  5.7484800000000E+10
 51  9.8989913390236E-01  5.8322277905397E-04  9.8835495616118E-01  9.9222637714657E-01  5.7484800000000E+10
 52  9.6969715455225E-01  5.7450290630075E-04  9.6811653457065E-01  9.7213996213985E-01  5.7484800000000E+10
 53  9.4949551891901E-01  5.6012987812976E-04  9.4810107651790E-01  9.5200190668465E-01  5.7484800000000E+10
 54  9.2929301487377E-01  5.4934661206283E-04  9.2775817652009E-01  9.3158417779849E-01  5.7484800000000E+10
 55  9.0909091830853E-01  5.4288409189122E-04  9.0738436845764E-01  9.1137629785601E-01  5.7484800000000E+10
 56  8.8888920028903E-01  5.3275283620032E-04  8.8749914765459E-01  8.9107641120151E-01  5.7484800000000E+10
 57  8.6868754899108E-01  5.2301221698604E-04  8.6737898849886E-01  8.7068895054087E-01  5.7484800000000E+10
 58  8.4848515292934E-01  5.0317328123734E-04  8.4702375935196E-01  8.5056856720303E-01  5.7484800000000E+10
 59  8.2828236960053E-01  5.0306081135688E-04  8.2678891487804E-01  8.3036337605567E-01  5.7484800000000E+10
 60  8.0808139435187E-01  4.9685731343366E-04  8.0667811779775E-01  8.0999362847861E-01  5.7484800000000E+10
 61  7.8787895618661E-01  4.8665470388675E-04  7.8649046072986E-01  7.8978842570630E-01  5.7484800000000E+10
 62  7.6767692523751E-01  4.8166910656599E-04  7.6623305520118E-01  7.6960729011517E-01  5.7484800000000E+10
 63  7.4747429215548E-01  4.7902328002224E-04  7.4601638343401E-01  7.4942580175685E-01  5.7484800000000E+10
 64  7.2727308272106E-01  4.7168365110161E-04  7.2596374949215E-01  7.2914464523002E-01  5.7484800000000E+10
 65  7.0707099342411E-01  4.6604670733132E-04  7.0574425914575E-01  7.0890714147647E-01  5.7484800000000E+10
 66  6.8686826939314E-01  4.6834387465931E-04  6.8539727943246E-01  6.8892844519088E-01  5.7484800000000E+10
 67  6.6666699830035E-01  4.6453468958864E-04  6.6525507208021E-01  6.6863921852565E-01  5.7484800000000E+10
 68  6.4646435705322E-01  4.6545205976956E-04  6.4507260199369E-01  6.4837378465578E-01  5.7484800000000E+10
 69  6.2626255303658E-01  4.5690083646766E-04  6.2472666001302E-01  6.2801747216451E-01  5.7484800000000E+10
 70  6.0606105646170E-01  4.5268178515120E-04  6.0455559536996E-01  6.0788497343883E-01  5.7484800000000E+10
 71  5.8585892296191E-01  4.5421915048357E-04  5.8431898218095E-01  5.8774320623337E-01  5.7484800000000E+10
 72  5.6565610279104E-01  4.4201271297560E-04  5.6433419311925E-01  5.6759406071363E-01  5.7484800000000E+10
 73  5.4545472730418E-01  4.4144480451758E-04  5.4403735552793E-01  5.4724194560082E-01  5.7484800000000E+10
 74  5.2525258633342E-01  4.4503096935206E-04  5.2364486099375E-01  5.2712901053541E-01  5.7484800000000E+10
 75  5.0505100706530E-01  4.3262746336628E-04  5.0375642151417E-01  5.0668204596568E-01  5.7484800000000E+10
 76  4.8484804281324E-01  4.3317222475845E-04  4.8340309020375E-01  4.8665347060021E-01  5.7484800000000E+10
 77  4.6464686957030E-01  4.2826277208990E-04  4.6317853044847E-01  4.6628455874822E-01  5.7484800000000E+10
 78  4.4444455826717E-01  4.2131915202666E-04  4.4305702608223E-01  4.4607561815055E-01  5.7484800000000E+10
 79  4.2424269234015E-01  4.1721681093386E-04  4.2269529587591E-01  4.2590937191215E-01  5.7484800000000E+10
 80  4.0404007953245E-01  4.1136148793305E-04  4.0270435170795E-01  4.0563578951824E-01  5.7484800000000E+10
 81  3.8383821683538E-01  4.2283275846673E-04  3.8252463746178E-01  3.8541090813403E-01  5.7484800000000E+10
 82  3.6363656279284E-01  4.1903244585802E-04  3.6225320501191E-01  3.6525886662099E-01  5.7484800000000E+10
 83  3.4343354245134E-01  4.2423054820628E-04  3.4200982317513E-01  3.4512943836963E-01  5.7484800000000E+10
 84  3.2323309717540E-01  4.2435144991766E-04  3.2176201609326E-01  3.2483827094144E-01  5.7484800000000E+10
 85  3.0303017619521E-01  4.1773326703709E-04  3.0170911516880E-01  3.0460030625521E-01  5.7484800000000E+10
 86  2.8282864645843E-01  4.0392556664453E-04  2.8135380245290E-01  2.8437248789823E-01  5.7484800000000E+10
 87  2.6262552965995E-01  4.1456500855379E-04  2.6119842314154E-01  2.6420519069981E-01  5.7484800000000E+10
 88  2.4242468739471E-01  4.1727023052006E-04  2.4106494751293E-01  2.4402114956566E-01  5.7484800000000E+10
 89  2.2222141902950E-01  4.2526004809423E-04  2.2079331625258E-01  2.2379319379649E-01  5.7484800000000E+10
 90  2.0202130945930E-01  4.1868719005511E-04  2.0042459585280E-01  2.0360192499806E-01  5.7484800000000E+10
 91  1.8181762453287E-01  4.0868358215957E-04  1.8044200148657E-01  1.8370427414291E-01  5.7484800000000E+10
 92  1.6161585804049E-01  4.2508342005122E-04  1.6010952027595E-01  1.6306107560572E-01  5.7484800000000E+10
 93  1.4141474560781E-01  4.2204523734007E-04  1.3991264527356E-01  1.4292117574303E-01  5.7484800000000E+10
 94  1.2121181092610E-01  4.2056336091576E-04  1.1977467748714E-01  1.2288105120510E-01  5.7484800000000E+10
 95  1.0101003429435E-01  4.2190719341977E-04  9.9475558109711E-02  1.0251610844195E-01  5.7484800000000E+10
 96  8.0809076050793E-02  4.3044320316144E-04  7.9400953028649E-02  8.2312902629513E-02  5.7484800000000E+10
 97  6.0615456350048E-02  4.2724020825150E-04  5.9252585028203E-02  6.2130701767146E-02  5.7484800000000E+10
 98  4.0361626444497E-02  4.3249408454310E-04  3.9036201505924E-02  4.1689630525085E-02  5.7484800000000E+10
 99  1.9555361074064E-02  4.7225251906390E-04  1.8159946571799E-02  2.0850257516892E-02  5.7484800000000E+10
100  6.8612450309867E-04  2.2019100146627E-04  1.8292507295836E-04  1.5454580093588E-03  5.7484800000000E+10
 
 field : TRAC02   ; Iter =      4320 ; region #   0 ; nb.Lev = 100
 k | --   Average    -- | --   Std.Dev    -- | --     min      -- | --     max      -- | --    Vol
  0  1.0000000014577E+00  4.6929426977490E-01  4.3728203397545E-03  1.4304200515404E+00  5.7484800000000E+12
  1  5.1723141610298E-02  4.2539014803763E-02  4.3728203397545E-03  2.7838176569239E-01  5.7484800000000E+10
  2  7.5849681631146E-02  4.7272130633382E-02  1.1287330244262E-02  3.3106488681372E-01  5.7484800000000E+10
  3  1.0174129161640E-01  5.2326477251322E-02  1.8936161153021E-02  3.4788656669519E-01  5.7484800000000E+10
  4  1.2562250683546E-01  5.6586190293509E-02  2.7978979484431E-02  4.2942848996439E-01  5.7484800000000E+10
  5  1.4789512445223E-01  5.8444845336804E-02  3.8677580712240E-02  4.3074929684440E-01  5.7484800000000E+10
  6  1.7023453102532E-01  5.9610665021078E-02  3.9674769024239E-02  4.3842753770796E-01  5.7484800000000E+10
  7  1.9186234348065E-01  6.0332749734103E-02  4.5384233316272E-02  4.6605580083946E-01  5.7484800000000E+10
  8  2.1244827595285E-01  6.0824348264925E-02  6.2233415554314E-02  4.9382925648849E-01  5.7484800000000E+10
  9  2.3232684471844E-01  6.1520650889413E-02  8.7591920131743E-02  4.9590389540177E-01  5.7484800000000E+10
 10  2.5151210970764E-01  6.3752956774387E-02  9.0380795328876E-02  4.9590101912975E-01  5.7484800000000E+10
 11  2.7006003812679E-01  6.6105280107535E-02  9.0190871853451E-02  5.3066603092882E-01  5.7484800000000E+10
 12  2.8871961460050E-01  6.7131469264880E-02  9.2245531556652E-02  5.3139752865583E-01  5.7484800000000E+10
 13  3.0670260486304E-01  6.7727670045575E-02  9.8540056599874E-02  5.2550678281781E-01  5.7484800000000E+10
 14  3.2358722697294E-01  6.9673340173477E-02  1.0186253945415E-01  5.5103697351245E-01  5.7484800000000E+10
 15  3.3885968403521E-01  7.2172763853315E-02  1.1685981216433E-01  5.7461145145063E-01  5.7484800000000E+10
 16  3.5215263345023E-01  7.1875170629757E-02  1.3865130994559E-01  5.8038322755793E-01  5.7484800000000E+10
 17  3.6482137318664E-01  6.7287655803115E-02  1.3564323831720E-01  5.7033524989714E-01  5.7484800000000E+10
 18  3.7758014301639E-01  6.3673142950700E-02  1.3485275021191E-01  5.7465737587627E-01  5.7484800000000E+10
 19  3.9006334340166E-01  6.2579921599996E-02  1.4456232820190E-01  5.8849076614957E-01  5.7484800000000E+10
 20  4.0240346098459E-01  6.2294694219199E-02  1.5597361060152E-01  5.8868578352560E-01  5.7484800000000E+10
 21  4.1555722478095E-01  6.3142450110952E-02  1.5597469508367E-01  6.1921828054539E-01  5.7484800000000E+10
 22  4.2946174279064E-01  6.3640085892533E-02  1.8061387406731E-01  6.2272732206835E-01  5.7484800000000E+10
 23  4.4451167200630E-01  6.4219208334805E-02  2.1182532018977E-01  6.2729888985298E-01  5.7484800000000E+10
 24  4.6123039999059E-01  6.5503626354286E-02  2.0982683384811E-01  6.7818103562148E-01  5.7484800000000E+10
 25  4.7969821708371E-01  6.7058814594468E-02  2.1811656738700E-01  6.7844474406292E-01  5.7484800000000E+10
 26  4.9999616463603E-01  6.7305399241300E-02  2.2248020470611E-01  6.9447039210822E-01  5.7484800000000E+10
 27  5.2317599510214E-01  6.7454575801881E-02  2.6027379581369E-01  7.0647055138109E-01  5.7484800000000E+10
 28  5.5398301111392E-01  6.8823489877071E-02  3.1080161095155E-01  7.3441248831768E-01  5.7484800000000E+10
 29  5.8719530203095E-01  7.0922420892694E-02  3.4015713199688E-01  7.4661746107811E-01  5.7484800000000E+10
 30  6.6520640355915E-01  5.9298484220546E-02  3.9157039489906E-01  7.8921316006650E-01  5.7484800000000E+10
 31  7.7306127822378E-01  2.2721641809459E-02  6.0474949346576E-01  8.3018581750906E-01  5.7484800000000E+10
 32  8.2674898644634E-01  5.5003022758315E-03  7.7920828742424E-01  8.5116541578638E-01  5.7484800000000E+10
 33  8.5596081903122E-01  1.5116322063718E-03  8.3982343836009E-01  8.6761029056783E-01  5.7484800000000E+10
 34  8.8427966165965E-01  1.2780598515392E-03  8.7645259522213E-01  8.9030011003708E-01  5.7484800000000E+10
 35  9.1305806310540E-01  1.2271346114652E-03  9.0702520224050E-01  9.1764592158673E-01  5.7484800000000E+10
 36  9.4110246380346E-01  1.1388791916120E-03  9.3574174486906E-01  9.4486075387092E-01  5.7484800000000E+10
 37  9.6823826997874E-01  1.0617738392082E-03  9.6336932404952E-01  9.7133280694527E-01  5.7484800000000E+10
 38  9.9445204562361E-01  9.9496637846581E-04  9.9006845999313E-01  9.9720614660214E-01  5.7484800000000E+10
 39  1.0197154942187E+00  9.3342019452094E-04  1.0154661644300E+00  1.0225468106387E+00  5.7484800000000E+10
 40  1.0440021062999E+00  8.7553078677639E-04  1.0402342460477E+00  1.0463896568529E+00  5.7484800000000E+10
 41  1.0672949103732E+00  8.1691544450765E-04  1.0636768119709E+00  1.0692103157331E+00  5.7484800000000E+10
 42  1.0895837842866E+00  7.6315656445693E-04  1.0862374094694E+00  1.0913487091107E+00  5.7484800000000E+10
 43  1.1108642916252E+00  7.0862274884201E-04  1.1077422230025E+00  1.1126342876299E+00  5.7484800000000E+10
 44  1.1311411652994E+00  6.5977723304794E-04  1.1281974284792E+00  1.1329199343932E+00  5.7484800000000E+10
 45  1.1504232613428E+00  6.0756620351864E-04  1.1477879273705E+00  1.1519751013201E+00  5.7484800000000E+10
 46  1.1687243792506E+00  5.6280886143612E-04  1.1663635825675E+00  1.1701798991069E+00  5.7484800000000E+10
 47  1.1860639722092E+00  5.2423822380312E-04  1.1837683011694E+00  1.1874285126325E+00  5.7484800000000E+10
 48  1.2024641495710E+00  4.8774448519881E-04  1.2004286896680E+00  1.2037338202939E+00  5.7484800000000E+10
 49  1.2179509917496E+00  4.4787734331189E-04  1.2160818214652E+00  1.2191166356977E+00  5.7484800000000E+10
 50  1.2325535633047E+00  4.1587165840635E-04  1.2308051794395E+00  1.2336063158950E+00  5.7484800000000E+10
 51  1.2463027468036E+00  3.8516560280564E-04  1.2447607004918E+00  1.2473196118072E+00  5.7484800000000E+10
 52  1.2592306499579E+00  3.5669115757483E-04  1.2577127808087E+00  1.2602083994410E+00  5.7484800000000E+10
 53  1.2713709642051E+00  3.2627681092471E-04  1.2699055481851E+00  1.2721819046210E+00  5.7484800000000E+10
 54  1.2827588133298E+00  3.0004595806121E-04  1.2815060785134E+00  1.2835878314579E+00  5.7484800000000E+10
 55  1.2934282528737E+00  2.7758192324467E-04  1.2922581662871E+00  1.2943015925397E+00  5.7484800000000E+10
 56  1.3034142068184E+00  2.5488720653645E-04  1.3023616078103E+00  1.3040819651017E+00  5.7484800000000E+10
 57  1.3127515113843E+00  2.3394454576163E-04  1.3118525046288E+00  1.3133343029807E+00  5.7484800000000E+10
 58  1.3214746392911E+00  2.1014703163173E-04  1.3206055803958E+00  1.3220836846915E+00  5.7484800000000E+10
 59  1.3296168874714E+00  1.9581548511734E-04  1.3288035515915E+00  1.3301970788818E+00  5.7484800000000E+10
 60  1.3372100781636E+00  1.8048831628696E-04  1.3365133060357E+00  1.3377191269369E+00  5.7484800000000E+10
 61  1.3442871315493E+00  1.6462231000460E-04  1.3436468706629E+00  1.3447530133007E+00  5.7484800000000E+10
 62  1.3508779499255E+00  1.5172275908790E-04  1.3502647162718E+00  1.3513333875921E+00  5.7484800000000E+10
 63  1.3570122719211E+00  1.4029370696827E-04  1.3564380286646E+00  1.3574379071905E+00  5.7484800000000E+10
 64  1.3627177332978E+00  1.2856422746023E-04  1.3622051379724E+00  1.3630747576808E+00  5.7484800000000E+10
 65  1.3680219758690E+00  1.1802801925623E-04  1.3675614704244E+00  1.3683552892834E+00  5.7484800000000E+10
 66  1.3729505771918E+00  1.1010151989695E-04  1.3724628132153E+00  1.3732965386730E+00  5.7484800000000E+10
 67  1.3775274564949E+00  1.0149078827367E-04  1.3770941662459E+00  1.3778348170908E+00  5.7484800000000E+10
 68  1.3817764132532E+00  9.4310779437085E-05  1.3813883791606E+00  1.3820560762676E+00  5.7484800000000E+10
 69  1.3857188626318E+00  8.5955052824273E-05  1.3853873728971E+00  1.3860069758746E+00  5.7484800000000E+10
 70  1.3893756200182E+00  7.8937113475781E-05  1.3890593438194E+00  1.3896376578340E+00  5.7484800000000E+10
 71  1.3927663324988E+00  7.3472338781469E-05  1.3924609191175E+00  1.3930134900065E+00  5.7484800000000E+10
 72  1.3959092928196E+00  6.6210411880830E-05  1.3956182128566E+00  1.3961065388276E+00  5.7484800000000E+10
 73  1.3988214161947E+00  6.1271699471872E-05  1.3985724239003E+00  1.3990159220772E+00  5.7484800000000E+10
 74  1.4015191932151E+00  5.7208105985320E-05  1.4012764459470E+00  1.4017255885380E+00  5.7484800000000E+10
 75  1.4040175687501E+00  5.1553506271380E-05  1.4038233144256E+00  1.4041727009601E+00  5.7484800000000E+10
 76  1.4063309358548E+00  4.7689990193358E-05  1.4061311824344E+00  1.4064888350975E+00  5.7484800000000E+10
 77  1.4084721743221E+00  4.3722531027050E-05  1.4083045836067E+00  1.4086226724608E+00  5.7484800000000E+10
 78  1.4104539690340E+00  3.9768111679728E-05  1.4102996977038E+00  1.4105836398741E+00  5.7484800000000E+10
 79  1.4122876872295E+00  3.6468317202744E-05  1.4121414727507E+00  1.4124228506337E+00  5.7484800000000E+10
 80  1.4139841872324E+00  3.3210055180862E-05  1.4138545522464E+00  1.4140910096129E+00  5.7484800000000E+10
 81  1.4155533646075E+00  3.1569804216633E-05  1.4154358631874E+00  1.4156515898664E+00  5.7484800000000E+10
 82  1.4170045895326E+00  2.8993026629387E-05  1.4168927938132E+00  1.4170994874801E+00  5.7484800000000E+10
 83  1.4183466411993E+00  2.7063954812403E-05  1.4182388280039E+00  1.4184365898519E+00  5.7484800000000E+10
 84  1.4195873326252E+00  2.5109690238293E-05  1.4194918407684E+00  1.4196745898393E+00  5.7484800000000E+10
 85  1.4207344663282E+00  2.2812660670826E-05  1.4206483014832E+00  1.4208069071758E+00  5.7484800000000E+10
 86  1.4217947695201E+00  2.0409695706682E-05  1.4217171180837E+00  1.4218687831474E+00  5.7484800000000E+10
 87  1.4227748594285E+00  1.9314273310767E-05  1.4227012525969E+00  1.4228419779364E+00  5.7484800000000E+10
 88  1.4236805444128E+00  1.8014819822032E-05  1.4236111385940E+00  1.4237387039151E+00  5.7484800000000E+10
 89  1.4245175954700E+00  1.6919085784322E-05  1.4244548925523E+00  1.4245743002030E+00  5.7484800000000E+10
 90  1.4252909365901E+00  1.5436739971089E-05  1.4252325868391E+00  1.4253494536985E+00  5.7484800000000E+10
 91  1.4260055992036E+00  1.3892709881437E-05  1.4259413604110E+00  1.4260523737431E+00  5.7484800000000E+10
 92  1.4266658089785E+00  1.3351639997319E-05  1.4266202444520E+00  1.4267127867381E+00  5.7484800000000E+10
 93  1.4272757166231E+00  1.2255912943231E-05  1.4272316127764E+00  1.4273193917121E+00  5.7484800000000E+10
 94  1.4278391896334E+00  1.1272844165383E-05  1.4277939689800E+00  1.4278778871926E+00  5.7484800000000E+10
 95  1.4283596556630E+00  1.0456050416164E-05  1.4283224611570E+00  1.4283973638760E+00  5.7484800000000E+10
 96  1.4288403933653E+00  9.8425751087788E-06  1.4288057311102E+00  1.4288726936659E+00  5.7484800000000E+10
 97  1.4292842947004E+00  9.0195979090890E-06  1.4292520407595E+00  1.4293129442229E+00  5.7484800000000E+10
 98  1.4296952910310E+00  8.4190637659397E-06  1.4296693806182E+00  1.4297210536663E+00  5.7484800000000E+10
 99  1.4300842564937E+00  8.3307753316338E-06  1.4300614671615E+00  1.4301084568127E+00  5.7484800000000E+10
100  1.4304115765944E+00  3.7162790983896E-06  1.4303970642948E+00  1.4304200515404E+00  5.7484800000000E+10
 
 field : TRAC03   ; Iter =      4320 ; region #   0 ; nb.Lev = 100
 k | --   Average    -- | --   Std.Dev    -- | --     min      -- | --     max      -- | --    Vol
  0  1.0000000079722E+00  1.0271032171907E+00  9.5637155029780E-09  2.9225527200809E+00  5.7484800000000E+12
  1  9.3429634469502E-01  2.0859284133799E-01  6.7958373312957E-01  1.9168130291948E+00  5.7484800000000E+10
  2  1.0622858059545E+00  2.2400943839435E-01  7.1882764408132E-01  2.0901297562874E+00  5.7484800000000E+10
  3  1.1962243058231E+00  2.3968988006415E-01  7.6400393714922E-01  2.2319332316257E+00  5.7484800000000E+10
  4  1.3165950970893E+00  2.5146259969435E-01  8.1662917801585E-01  2.5592135606832E+00  5.7484800000000E+10
  5  1.4261787906916E+00  2.5232529151414E-01  8.8040242373097E-01  2.5653431301174E+00  5.7484800000000E+10
  6  1.5325350538222E+00  2.4963161994228E-01  8.8419835459676E-01  2.5537037543381E+00  5.7484800000000E+10
  7  1.6312132938891E+00  2.4444043621766E-01  9.1434294760165E-01  2.5986950875484E+00  5.7484800000000E+10
  8  1.7207773685706E+00  2.3912278725493E-01  9.8224734383531E-01  2.6338616100412E+00  5.7484800000000E+10
  9  1.8036504564249E+00  2.3667788540481E-01  1.0975595738416E+00  2.6388740076784E+00  5.7484800000000E+10
 10  1.8804261975686E+00  2.4125165641673E-01  1.1625123760209E+00  2.6424023927308E+00  5.7484800000000E+10
 11  1.9520466810569E+00  2.4535982783422E-01  1.1741762894839E+00  2.7465374892054E+00  5.7484800000000E+10
 12  2.0221822887723E+00  2.4429486435182E-01  1.1847229654868E+00  2.7421805324378E+00  5.7484800000000E+10
 13  2.0871111712733E+00  2.4238211215894E-01  1.1979324006030E+00  2.7229316129591E+00  5.7484800000000E+10
 14  2.1456746423749E+00  2.4406196588014E-01  1.2082918829884E+00  2.7829716253199E+00  5.7484800000000E+10
 15  2.1969822951785E+00  2.4726292655605E-01  1.3057657652374E+00  2.7955069134052E+00  5.7484800000000E+10
 16  2.2406774944561E+00  2.4072795780467E-01  1.4419365265729E+00  2.8196479691939E+00  5.7484800000000E+10
 17  2.2814750589514E+00  2.2286826204269E-01  1.4242982307814E+00  2.8086676661604E+00  5.7484800000000E+10
 18  2.3205588435195E+00  2.0880124092085E-01  1.4194430775655E+00  2.8186459051273E+00  5.7484800000000E+10
 19  2.3570184647368E+00  2.0171673778435E-01  1.4603701707176E+00  2.8789733349048E+00  5.7484800000000E+10
 20  2.3910965606946E+00  1.9602143542354E-01  1.5184340869687E+00  2.8804550071827E+00  5.7484800000000E+10
 21  2.4253431021370E+00  1.9348778404513E-01  1.5184395380597E+00  2.9005072598788E+00  5.7484800000000E+10
 22  2.4597073400680E+00  1.8987836845359E-01  1.5850730463191E+00  2.9032158548865E+00  5.7484800000000E+10
 23  2.4946216790443E+00  1.8428761367939E-01  1.6788997860516E+00  2.8979021491913E+00  5.7484800000000E+10
 24  2.5300182797949E+00  1.7954657763262E-01  1.7119505882171E+00  2.8930898777601E+00  5.7484800000000E+10
 25  2.5662295301477E+00  1.7441170628884E-01  1.7304659021498E+00  2.9019399632086E+00  5.7484800000000E+10
 26  2.6027662135586E+00  1.6432626081570E-01  1.7571194736310E+00  2.9225527200809E+00  5.7484800000000E+10
 27  2.6393616569522E+00  1.5422401114201E-01  1.9902192332901E+00  2.9159623767689E+00  5.7484800000000E+10
 28  2.6792208808017E+00  1.4292743138015E-01  2.0618508418946E+00  2.8935795323003E+00  5.7484800000000E+10
 29  2.7108113336386E+00  1.3117248147549E-01  2.0901252537715E+00  2.9009280258201E+00  5.7484800000000E+10
 30  2.7546684900790E+00  7.6341224549265E-02  2.2109225650692E+00  2.8715476854092E+00  5.7484800000000E+10
 31  2.7243723645016E+00  2.1722914636940E-02  2.6078953354845E+00  2.8045971593332E+00  5.7484800000000E+10
 32  2.6433417407094E+00  9.2756329587154E-03  2.5979966570871E+00  2.7037612403214E+00  5.7484800000000E+10
 33  2.5492826664591E+00  5.2329183365888E-03  2.5151403739877E+00  2.5984034266391E+00  5.7484800000000E+10
 34  2.4490428707226E+00  4.6629772784887E-03  2.4264478584211E+00  2.4791548572014E+00  5.7484800000000E+10
 35  2.3413506980182E+00  4.7521783423973E-03  2.3232389718041E+00  2.3641904077835E+00  5.7484800000000E+10
 36  2.2271707912359E+00  4.8118540580466E-03  2.2112069918466E+00  2.2497287386440E+00  5.7484800000000E+10
 37  2.1079837465626E+00  4.8157376912585E-03  2.0939080402361E+00  2.1299438279166E+00  5.7484800000000E+10
 38  1.9852275912120E+00  4.7884858069582E-03  1.9718911085031E+00  2.0062598734041E+00  5.7484800000000E+10
 39  1.8602949341837E+00  4.7243934621199E-03  1.8459424762813E+00  1.8817638021605E+00  5.7484800000000E+10
 40  1.7345319997020E+00  4.6228457250198E-03  1.7219205291666E+00  1.7543639065586E+00  5.7484800000000E+10
 41  1.6092030317527E+00  4.4659866799527E-03  1.5987097448037E+00  1.6289725207947E+00  5.7484800000000E+10
 42  1.4854814440688E+00  4.2905223642559E-03  1.4755398932781E+00  1.5042580289899E+00  5.7484800000000E+10
 43  1.3644376672516E+00  4.0694704688103E-03  1.3542463910583E+00  1.3823539618130E+00  5.7484800000000E+10
 44  1.2470041078917E+00  3.8466814904747E-03  1.2366357821664E+00  1.2641555103795E+00  5.7484800000000E+10
 45  1.1339921928701E+00  3.5743980916652E-03  1.1248559154467E+00  1.1494930208357E+00  5.7484800000000E+10
 46  1.0260802018057E+00  3.3219494039850E-03  1.0174893558560E+00  1.0400179449411E+00  5.7484800000000E+10
 47  9.2380447550681E-01  3.0868367578374E-03  9.1577237542269E-01  9.3732760829241E-01  5.7484800000000E+10
 48  8.2757600748024E-01  2.8493168200038E-03  8.2017355595135E-01  8.3947331152553E-01  5.7484800000000E+10
 49  7.3767452920570E-01  2.5817635353092E-03  7.3095733385266E-01  7.4845594259649E-01  5.7484800000000E+10
 50  6.5425882642931E-01  2.3529794159223E-03  6.4830394808146E-01  6.6416340651681E-01  5.7484800000000E+10
 51  5.7738038910831E-01  2.1272330016854E-03  5.7177261561522E-01  5.8591150082060E-01  5.7484800000000E+10
 52  5.0699495726897E-01  1.9137121413602E-03  5.0176072539827E-01  5.1514276872722E-01  5.7484800000000E+10
 53  4.4297026199459E-01  1.6910499303076E-03  4.3875801871449E-01  4.5058213508885E-01  5.7484800000000E+10
 54  3.8509795101356E-01  1.4949759434707E-03  3.8099785329517E-01  3.9134265660828E-01  5.7484800000000E+10
 55  3.3311744767699E-01  1.3222832827783E-03  3.2895515472131E-01  3.3869642077489E-01  5.7484800000000E+10
 56  2.8671676312797E-01  1.1553332700649E-03  2.8368058601466E-01  2.9150959056124E-01  5.7484800000000E+10
 57  2.4554834503837E-01  1.0039526042197E-03  2.4304451357602E-01  2.4941929140608E-01  5.7484800000000E+10
 58  2.0924096473989E-01  8.4918710895897E-04  2.0678463139859E-01  2.1274816280759E-01  5.7484800000000E+10
 59  1.7741204095866E-01  7.4052646808389E-04  1.7522285476111E-01  1.8049963095595E-01  5.7484800000000E+10
 60  1.4967666958184E-01  6.3686960091597E-04  1.4788343492796E-01  1.5214247448148E-01  5.7484800000000E+10
 61  1.2564572571482E-01  5.3841815783249E-04  1.2413537014923E-01  1.2771759290914E-01  5.7484800000000E+10
 62  1.0494711933979E-01  4.5790440340357E-04  1.0357113015454E-01  1.0681505516479E-01  5.7484800000000E+10
 63  8.7220586208234E-02  3.8833522508438E-04  8.6048162405307E-02  8.8818471898297E-02  5.7484800000000E+10
 64  7.2127526660106E-02  3.2530688564955E-04  7.1223317729569E-02  7.3430943360644E-02  5.7484800000000E+10
 65  5.9348083442109E-02  2.7123439944968E-04  5.8590335460266E-02  6.0413734396020E-02  5.7484800000000E+10
 66  4.8588861977141E-02  2.2848449752316E-04  4.7870862640028E-02  4.9610153354751E-02  5.7484800000000E+10
 67  3.9582248533266E-02  1.8964316258667E-04  3.9011165650452E-02  4.0397819352272E-02  5.7484800000000E+10
 68  3.2083724917369E-02  1.5746347654927E-04  3.1623172935223E-02  3.2733772827830E-02  5.7484800000000E+10
 69  2.5876138146437E-02  1.2791157072246E-04  2.5449477426289E-02  2.6374629930132E-02  5.7484800000000E+10
 70  2.0765425594364E-02  1.0393249850162E-04  2.0421808746325E-02  2.1182355004622E-02  5.7484800000000E+10
 71  1.6580718284255E-02  8.5288678323743E-05  1.6298327045672E-02  1.6935642366773E-02  5.7484800000000E+10
 72  1.3173083899253E-02  6.7282752129705E-05  1.2973538272173E-02  1.3469463431394E-02  5.7484800000000E+10
 73  1.0413617466391E-02  5.4299497832798E-05  1.0245141811150E-02  1.0635143752239E-02  5.7484800000000E+10
 74  8.1909110807928E-03  4.3957533483017E-05  8.0328586724046E-03  8.3791986915898E-03  5.7484800000000E+10
 75  6.4103883112019E-03  3.4255125115171E-05  6.3063109701725E-03  6.5399891297659E-03  5.7484800000000E+10
 76  4.9916560528493E-03  2.7098035293072E-05  4.9033153909530E-03  5.1061261271444E-03  5.7484800000000E+10
 77  3.8674646112402E-03  2.1297030475317E-05  3.7937339067675E-03  3.9494539560961E-03  5.7484800000000E+10
 78  2.9813116286644E-03  1.6426295537784E-05  2.9288079972780E-03  3.0452378752056E-03  5.7484800000000E+10
 79  2.2865950448408E-03  1.2756267733105E-05  2.2394763682757E-03  2.3379741612576E-03  5.7484800000000E+10
 80  1.7448373087828E-03  9.7370451967154E-06  1.7142545889521E-03  1.7832802564860E-03  5.7484800000000E+10
 81  1.3246389672322E-03  7.7412970776649E-06  1.3003919635323E-03  1.3535749426978E-03  5.7484800000000E+10
 82  1.0004485329315E-03  5.9447224593255E-06  9.8137036476552E-04  1.0234119404091E-03  5.7484800000000E+10
 83  7.5163830079402E-04  4.5636762541269E-06  7.3669545823417E-04  7.6955743682774E-04  5.7484800000000E+10
 84  5.6172585335756E-04  3.5163396688199E-06  5.4942303549419E-04  5.7526956186876E-04  5.7484800000000E+10
 85  4.1749926562384E-04  2.6062054026753E-06  4.0915745983223E-04  4.2740985924519E-04  5.7484800000000E+10
 86  3.0856894753369E-04  1.9058042280190E-06  3.0180507083873E-04  3.1584291534286E-04  5.7484800000000E+10
 87  2.2671705228363E-04  1.4532745614858E-06  2.2154971017803E-04  2.3227304798320E-04  5.7484800000000E+10
 88  1.6554697879465E-04  1.1017167105995E-06  1.6210552845551E-04  1.6985705531872E-04  5.7484800000000E+10
 89  1.2006189646624E-04  8.2368327066672E-07  1.1733131333045E-04  1.2315258546557E-04  5.7484800000000E+10
 90  8.6426321136846E-05  6.0500356692460E-07  8.4180258617181E-05  8.8700002338877E-05  5.7484800000000E+10
 91  6.1675426060675E-05  4.3002157441081E-07  6.0236356586975E-05  6.3661136900086E-05  5.7484800000000E+10
 92  4.3562427543335E-05  3.2660784320872E-07  4.2407796541344E-05  4.4688989138753E-05  5.7484800000000E+10
 93  3.0375156230496E-05  2.3629943905936E-07  2.9529662992471E-05  3.1239299836298E-05  5.7484800000000E+10
 94  2.0822853063044E-05  1.6957495821270E-07  2.0233450476510E-05  2.1523996322420E-05  5.7484800000000E+10
 95  1.3940659574328E-05  1.2266538289440E-07  1.3504625825682E-05  1.4366713489470E-05  5.7484800000000E+10
 96  9.0075182133537E-06  8.8964629179934E-08  8.7129854633593E-06  9.3257173191636E-06  5.7484800000000E+10
 97  5.4903762738718E-06  6.2684336449550E-08  5.2952670436603E-06  5.7201798304362E-06  5.7484800000000E+10
 98  2.9922686487965E-06  4.4635910240977E-08  2.8570179011213E-06  3.1305668069631E-06  5.7484800000000E+10
 99  1.1983549087758E-06  3.1977947960502E-08  1.1091122230896E-06  1.2867525782508E-06  5.7484800000000E+10
100  3.5996299120410E-08  1.1715928087334E-08  9.5637155029780E-09  8.1753621231178E-08  5.7484800000000E+10
 
 field : TRAC04   ; Iter =      4320 ; region #   0 ; nb.Lev = 100
 k | --   Average    -- | --   Std.Dev    -- | --     min      -- | --     max      -- | --    Vol
  0  1.0019835991156E+00  9.2464051156733E-01  1.0213470996525E-03  4.4024883291067E+00  5.7484800000000E+12
  1  2.7315424343718E+00  1.3076567910891E+00  1.4601352288385E-02  4.4024883291067E+00  5.7484800000000E+10
  2  2.6372928177271E+00  1.2599694303044E+00  1.4139998507032E-02  4.3520978483009E+00  5.7484800000000E+10
  3  2.5448391694933E+00  1.2166823159327E+00  1.3543957347521E-02  4.2667744710905E+00  5.7484800000000E+10
  4  2.4658625259404E+00  1.1801410303950E+00  1.2695316837865E-02  4.1809662265552E+00  5.7484800000000E+10
  5  2.3958776128328E+00  1.1468483345746E+00  1.2052288467078E-02  4.0445737523050E+00  5.7484800000000E+10
  6  2.3299459273479E+00  1.1150329148915E+00  1.1065201044484E-02  4.0020808421503E+00  5.7484800000000E+10
  7  2.2698077397960E+00  1.0854711201233E+00  9.7187571749259E-03  3.9279209453542E+00  5.7484800000000E+10
  8  2.2145991357494E+00  1.0569285318953E+00  9.3036777371639E-03  3.8568189067909E+00  5.7484800000000E+10
  9  2.1625776237672E+00  1.0295424122226E+00  9.3029576074273E-03  3.8021182107203E+00  5.7484800000000E+10
 10  2.1148636913050E+00  1.0060444231262E+00  9.3146333742846E-03  3.7659088935764E+00  5.7484800000000E+10
 11  2.0706223984384E+00  9.8538409405090E-01  9.3498645087085E-03  3.7475765621380E+00  5.7484800000000E+10
 12  2.0275464804486E+00  9.6553960601931E-01  9.4056266387491E-03  3.7159176756908E+00  5.7484800000000E+10
 13  1.9872439590443E+00  9.4714049754166E-01  9.4899513747212E-03  3.7279258862545E+00  5.7484800000000E+10
 14  1.9507832599219E+00  9.3089627480638E-01  9.5759882745370E-03  3.6715083537120E+00  5.7484800000000E+10
 15  1.9180102028126E+00  9.1594923220585E-01  9.5946251464565E-03  3.6695119776521E+00  5.7484800000000E+10
 16  1.8904632085484E+00  9.0352375818449E-01  9.5909235841988E-03  3.6740659028388E+00  5.7484800000000E+10
 17  1.8657708912548E+00  8.9179029345136E-01  9.5967368611965E-03  3.6870575070170E+00  5.7484800000000E+10
 18  1.8421571953810E+00  8.8151575736248E-01  9.6202206052409E-03  3.6907437655900E+00  5.7484800000000E+10
 19  1.8189966893578E+00  8.7133184880831E-01  9.6990564492965E-03  3.6371970948642E+00  5.7484800000000E+10
 20  1.7961667299646E+00  8.6066183530099E-01  9.7641426375128E-03  3.4281991018207E+00  5.7484800000000E+10
 21  1.7714745899891E+00  8.4815479021194E-01  9.7687441283521E-03  3.3405943483581E+00  5.7484800000000E+10
 22  1.7466622272518E+00  8.3704074688220E-01  9.7333179623007E-03  3.3657021948159E+00  5.7484800000000E+10
 23  1.7208872790257E+00  8.2598840628260E-01  9.7946247604769E-03  3.4024342508730E+00  5.7484800000000E+10
 24  1.6925816084059E+00  8.1364301531984E-01  9.9343012902896E-03  3.4072864637786E+00  5.7484800000000E+10
 25  1.6620195771333E+00  8.0111540112678E-01  1.0005422133676E-02  3.3593005886066E+00  5.7484800000000E+10
 26  1.6297711167310E+00  7.8803141188316E-01  9.5597004541394E-03  3.2508121339710E+00  5.7484800000000E+10
 27  1.5937664317567E+00  7.7148440904723E-01  8.6972054442231E-03  3.1632192180149E+00  5.7484800000000E+10
 28  1.5478401455595E+00  7.4888525470452E-01  8.0399192064747E-03  3.0600623932835E+00  5.7484800000000E+10
 29  1.4971737097276E+00  7.2521300318289E-01  8.0393414911523E-03  3.0600623932835E+00  5.7484800000000E+10
 30  1.4011694551131E+00  6.7496343523776E-01  7.8158120901542E-03  2.8046688573863E+00  5.7484800000000E+10
 31  1.2822498723177E+00  6.1415036301838E-01  6.9505342031549E-03  2.1652204434527E+00  5.7484800000000E+10
 32  1.2306337836484E+00  5.9124867637485E-01  6.4456430474752E-03  1.9436338558299E+00  5.7484800000000E+10
 33  1.2041731718968E+00  5.7897929575700E-01  6.3097290921717E-03  1.8920884232231E+00  5.7484800000000E+10
 34  1.1752637401979E+00  5.6511241328364E-01  6.0555945396987E-03  1.8434314135481E+00  5.7484800000000E+10
 35  1.1444515750083E+00  5.5029685825180E-01  5.8620046186404E-03  1.7947737866169E+00  5.7484800000000E+10
 36  1.1142878547827E+00  5.3579653174764E-01  5.7614628256612E-03  1.7475021968486E+00  5.7484800000000E+10
 37  1.0849617555443E+00  5.2169668722605E-01  5.5196163972626E-03  1.7013599342817E+00  5.7484800000000E+10
 38  1.0564130629066E+00  5.0797005605069E-01  5.3535656718468E-03  1.6563792152176E+00  5.7484800000000E+10
 39  1.0286153737809E+00  4.9460328205375E-01  5.3038406452199E-03  1.6131230134708E+00  5.7484800000000E+10
 40  1.0015485601523E+00  4.8158942454213E-01  5.1296137743370E-03  1.5704541390018E+00  5.7484800000000E+10
 41  9.7519314100078E-01  4.6891853990468E-01  4.9596638473854E-03  1.5291011406263E+00  5.7484800000000E+10
 42  9.4953162623445E-01  4.5658003981058E-01  4.8027378451092E-03  1.4889956036548E+00  5.7484800000000E+10
 43  9.2454661254280E-01  4.4456569382560E-01  4.6780967157562E-03  1.4498330775123E+00  5.7484800000000E+10
 44  9.0021828774457E-01  4.3286847401637E-01  4.5770036811012E-03  1.4115938901068E+00  5.7484800000000E+10
 45  8.7652922754420E-01  4.2147906820656E-01  4.4040033230635E-03  1.3746982844203E+00  5.7484800000000E+10
 46  8.5346445709015E-01  4.1038876922887E-01  4.2973615201786E-03  1.3383538910884E+00  5.7484800000000E+10
 47  8.3100616989202E-01  3.9959018775875E-01  4.2192395458737E-03  1.3031207168854E+00  5.7484800000000E+10
 48  8.0913945872774E-01  3.8907583103417E-01  4.0923689847554E-03  1.2688733744892E+00  5.7484800000000E+10
 49  7.8784804851910E-01  3.7883844356691E-01  3.9619993099995E-03  1.2353703763323E+00  5.7484800000000E+10
 50  7.6711613433078E-01  3.6887007109835E-01  3.8924424851376E-03  1.2030094411267E+00  5.7484800000000E+10
 51  7.4693040716508E-01  3.5916417702426E-01  3.8116560518703E-03  1.1715129705612E+00  5.7484800000000E+10
 52  7.2727580510970E-01  3.4971332925410E-01  3.7065540338547E-03  1.1407278532096E+00  5.7484800000000E+10
 53  7.0813832138278E-01  3.4051165043183E-01  3.6187048364501E-03  1.1105186023446E+00  5.7484800000000E+10
 54  6.8950379042139E-01  3.3155259923341E-01  3.4590759036347E-03  1.0813263941044E+00  5.7484800000000E+10
 55  6.7136049021200E-01  3.2282799848930E-01  3.3828110101907E-03  1.0528529615183E+00  5.7484800000000E+10
 56  6.5369445523420E-01  3.1433297897870E-01  3.3670066810274E-03  1.0252225022289E+00  5.7484800000000E+10
 57  6.3649351648450E-01  3.0606161633473E-01  3.2307069710451E-03  9.9797232200059E-01  5.7484800000000E+10
 58  6.1974410442348E-01  2.9800852854653E-01  3.1022231746495E-03  9.7179975706660E-01  5.7484800000000E+10
 59  6.0343589017205E-01  2.9016732717013E-01  3.0432675575272E-03  9.4646799811507E-01  5.7484800000000E+10
 60  5.8755782643159E-01  2.8253241240984E-01  2.9815688290253E-03  9.2156350684861E-01  5.7484800000000E+10
 61  5.7209614748186E-01  2.7509797587221E-01  2.8653208045912E-03  8.9713194062087E-01  5.7484800000000E+10
 62  5.5704231892714E-01  2.6785869207876E-01  2.7944784926648E-03  8.7373940166052E-01  5.7484800000000E+10
 63  5.4238414383574E-01  2.6081016603122E-01  2.7691779287100E-03  8.5050223855192E-01  5.7484800000000E+10
 64  5.2811204200433E-01  2.5394751924849E-01  2.6745431134361E-03  8.2829916614293E-01  5.7484800000000E+10
 65  5.1421503069558E-01  2.4726571112097E-01  2.5894361829480E-03  8.0658998037329E-01  5.7484800000000E+10
 66  5.0068372223072E-01  2.4075926835818E-01  2.5252654986481E-03  7.8529323951040E-01  5.7484800000000E+10
 67  4.8750903653028E-01  2.3442367323824E-01  2.4598058857617E-03  7.6466543324396E-01  5.7484800000000E+10
 68  4.7468005560171E-01  2.2825488280042E-01  2.3909375795460E-03  7.4458172991459E-01  5.7484800000000E+10
 69  4.6218964747616E-01  2.2224872690038E-01  2.3657952783160E-03  7.2507417053976E-01  5.7484800000000E+10
 70  4.5002766090225E-01  2.1640087925583E-01  2.2934724804149E-03  7.0603983949455E-01  5.7484800000000E+10
 71  4.3818540103771E-01  2.1070689677701E-01  2.1997664398077E-03  6.8734700252263E-01  5.7484800000000E+10
 72  4.2665469327589E-01  2.0516171766457E-01  2.1487804938897E-03  6.6931143372256E-01  5.7484800000000E+10
 73  4.1542774552113E-01  1.9976312485892E-01  2.0795427267584E-03  6.5161606260396E-01  5.7484800000000E+10
 74  4.0449597965947E-01  1.9450704906185E-01  2.0501334896247E-03  6.3438942844324E-01  5.7484800000000E+10
 75  3.9385217847362E-01  1.8938896501823E-01  1.9867143434707E-03  6.1790857289352E-01  5.7484800000000E+10
 76  3.8348783051631E-01  1.8440531588242E-01  1.9219321987209E-03  6.0157365441063E-01  5.7484800000000E+10
 77  3.7339714988907E-01  1.7955266762516E-01  1.8838123519281E-03  5.8567644618361E-01  5.7484800000000E+10
 78  3.6357108173703E-01  1.7482766107440E-01  1.8408397792183E-03  5.7034000298106E-01  5.7484800000000E+10
 79  3.5400419859631E-01  1.7022755618884E-01  1.7907569162679E-03  5.5533548575855E-01  5.7484800000000E+10
 80  3.4468843618456E-01  1.6574828151344E-01  1.7285797240287E-03  5.4078022538541E-01  5.7484800000000E+10
 81  3.3561815627535E-01  1.6138695389460E-01  1.6824317004157E-03  5.2649650503241E-01  5.7484800000000E+10
 82  3.2678681961216E-01  1.5714004695662E-01  1.6639724182088E-03  5.1266764462954E-01  5.7484800000000E+10
 83  3.1818737102554E-01  1.5300469947619E-01  1.6085533680430E-03  4.9921526795843E-01  5.7484800000000E+10
 84  3.0981507943783E-01  1.4897857254186E-01  1.5571178569647E-03  4.8611098654420E-01  5.7484800000000E+10
 85  3.0166201153539E-01  1.4505836080838E-01  1.5254473733384E-03  4.7331110553768E-01  5.7484800000000E+10
 86  2.9372429311267E-01  1.4124171848676E-01  1.4749956221679E-03  4.6085418254114E-01  5.7484800000000E+10
 87  2.8599463173061E-01  1.3752462263524E-01  1.4357423632234E-03  4.4868344748544E-01  5.7484800000000E+10
 88  2.7846925882523E-01  1.3390606064592E-01  1.4020325428534E-03  4.3705481636782E-01  5.7484800000000E+10
 89  2.7114104987481E-01  1.3038196875173E-01  1.3551252158819E-03  4.2537362288288E-01  5.7484800000000E+10
 90  2.6400676621188E-01  1.2695127637425E-01  1.3354559920942E-03  4.1419542900890E-01  5.7484800000000E+10
 91  2.5705920120111E-01  1.2361086852727E-01  1.2968917900051E-03  4.0343009954114E-01  5.7484800000000E+10
 92  2.5029485392692E-01  1.2035786468274E-01  1.2594609484068E-03  3.9271821008700E-01  5.7484800000000E+10
 93  2.4370863127651E-01  1.1719079476937E-01  1.2374420016560E-03  3.8238577086178E-01  5.7484800000000E+10
 94  2.3729547453114E-01  1.1410708824158E-01  1.1953616937629E-03  3.7231903386633E-01  5.7484800000000E+10
 95  2.3105103160894E-01  1.1110422588866E-01  1.1624981660019E-03  3.6267295371395E-01  5.7484800000000E+10
 96  2.2497145155709E-01  1.0818085967828E-01  1.1324436052145E-03  3.5294362334676E-01  5.7484800000000E+10
 97  2.1905363507528E-01  1.0533514734302E-01  1.0992481364683E-03  3.4388999187770E-01  5.7484800000000E+10
 98  2.1327587415452E-01  1.0255751723937E-01  1.0671720306487E-03  3.3479006521370E-01  5.7484800000000E+10
 99  2.0750408862587E-01  9.9781962581185E-02  1.0651786744283E-03  3.2558812258112E-01  5.7484800000000E+10
100  2.0239337628555E-01  9.7315387007903E-02  1.0213470996525E-03  3.1742934772734E-01  5.7484800000000E+10
 
 field : TRAC05   ; Iter =      4320 ; region #   0 ; nb.Lev = 100
 k | --   Average    -- | --   Std.Dev    -- | --     min      -- | --     max      -- | --    Vol
  0  1.0013564171663E+00  1.4355208171546E+00  1.5865689550912E-14  5.7404799535577E+00  5.7484800000000E+12
  1  1.1875955712217E+00  5.6201974239571E-01  2.4641572939059E-01  4.0050651680604E+00  5.7484800000000E+10
  2  1.4018900460177E+00  6.5346301474376E-01  2.8958680492395E-01  4.0694304282611E+00  5.7484800000000E+10
  3  1.6241077459581E+00  7.4524763348297E-01  3.1446794967855E-01  4.1310386714127E+00  5.7484800000000E+10
  4  1.8211327930363E+00  8.2228750769399E-01  3.5389063962586E-01  4.5511046141529E+00  5.7484800000000E+10
  5  1.9994809243125E+00  8.8816909704771E-01  3.8770915329839E-01  4.8675739118132E+00  5.7484800000000E+10
  6  2.1685764949270E+00  9.5045808255397E-01  4.1791288546273E-01  5.0847456440754E+00  5.7484800000000E+10
  7  2.3197606178358E+00  1.0052113120441E+00  4.6293347948603E-01  5.2179642946528E+00  5.7484800000000E+10
  8  2.4528199786367E+00  1.0542400392871E+00  4.9259469304914E-01  5.2442150815400E+00  5.7484800000000E+10
  9  2.5734004515082E+00  1.1048950703856E+00  5.6105729967180E-01  5.2408610160386E+00  5.7484800000000E+10
 10  2.6794781902174E+00  1.1506785175825E+00  5.8855041296920E-01  5.4121105750272E+00  5.7484800000000E+10
 11  2.7734535543809E+00  1.1871029199522E+00  5.8748801407945E-01  5.4910433692022E+00  5.7484800000000E+10
 12  2.8607281014409E+00  1.2168665245201E+00  5.9415693110270E-01  5.5088368266318E+00  5.7484800000000E+10
 13  2.9368149803462E+00  1.2419735400696E+00  6.6544005664946E-01  5.5246844515131E+00  5.7484800000000E+10
 14  3.0010359896822E+00  1.2620237012868E+00  6.6157220325327E-01  5.5288276179283E+00  5.7484800000000E+10
 15  3.0544525112088E+00  1.2800774724597E+00  6.8785850557350E-01  5.5063565853567E+00  5.7484800000000E+10
 16  3.0959614164476E+00  1.2896632513686E+00  7.7853405205579E-01  5.5778549519031E+00  5.7484800000000E+10
 17  3.1317256587765E+00  1.2939278798538E+00  8.2497374859902E-01  5.5785807578236E+00  5.7484800000000E+10
 18  3.1619128029477E+00  1.2976853279742E+00  7.9002236640753E-01  5.5851337908507E+00  5.7484800000000E+10
 19  3.1864484483945E+00  1.3008320180091E+00  7.4967737982684E-01  5.5967624532557E+00  5.7484800000000E+10
 20  3.2061801024147E+00  1.3037235500604E+00  7.5402567419108E-01  5.5945210306780E+00  5.7484800000000E+10
 21  3.2229406502739E+00  1.3077372181914E+00  8.1050486862422E-01  5.6498968572803E+00  5.7484800000000E+10
 22  3.2339843298504E+00  1.3078320428735E+00  8.4590637810072E-01  5.7030164893431E+00  5.7484800000000E+10
 23  3.2395314321185E+00  1.3037264884587E+00  8.8435309372777E-01  5.7404799535577E+00  5.7484800000000E+10
 24  3.2387812443191E+00  1.2964303420012E+00  8.8436775281652E-01  5.6679457453461E+00  5.7484800000000E+10
 25  3.2305242298720E+00  1.2845414521797E+00  8.8436775397211E-01  5.6638250689200E+00  5.7484800000000E+10
 26  3.2147471163772E+00  1.2714490067480E+00  8.9304449350941E-01  5.5783121435579E+00  5.7484800000000E+10
 27  3.1872686987935E+00  1.2571746013485E+00  9.2955702867172E-01  5.5194945400735E+00  5.7484800000000E+10
 28  3.1357791266443E+00  1.2348246621221E+00  9.0612401573537E-01  5.2842637829944E+00  5.7484800000000E+10
 29  3.0592352889796E+00  1.2012537010823E+00  9.0582188315669E-01  5.2683906816540E+00  5.7484800000000E+10
 30  2.8676824760449E+00  1.1275235545310E+00  8.6434471181834E-01  5.1036506081956E+00  5.7484800000000E+10
 31  2.4386061539285E+00  9.4902863607317E-01  7.7256133925983E-01  4.0924810998415E+00  5.7484800000000E+10
 32  2.1391052057481E+00  8.3932387576388E-01  6.9253357733109E-01  3.2905113887972E+00  5.7484800000000E+10
 33  1.9304893967447E+00  7.6041798571224E-01  6.2360354038987E-01  2.9584307650308E+00  5.7484800000000E+10
 34  1.7265308265753E+00  6.8017812528018E-01  5.5731979177064E-01  2.6414420359092E+00  5.7484800000000E+10
 35  1.5248756626573E+00  6.0066665612113E-01  4.9196582680770E-01  2.3320100829103E+00  5.7484800000000E+10
 36  1.3343901710400E+00  5.2563105852957E-01  4.3017267242311E-01  2.0410755313856E+00  5.7484800000000E+10
 37  1.1574761067601E+00  4.5593503444145E-01  3.7303007589109E-01  1.7712897724141E+00  5.7484800000000E+10
 38  9.9515129338696E-01  3.9198960728708E-01  3.1930899184830E-01  1.5218889213394E+00  5.7484800000000E+10
 39  8.4801653564752E-01  3.3403015056258E-01  2.7212431334310E-01  1.2977774545576E+00  5.7484800000000E+10
 40  7.1624059587415E-01  2.8212018078706E-01  2.3112907258310E-01  1.0954085385349E+00  5.7484800000000E+10
 41  5.9958548350812E-01  2.3616947928050E-01  1.9332062425139E-01  9.1666487696663E-01  5.7484800000000E+10
 42  4.9748660546754E-01  1.9595384340455E-01  1.5989297501731E-01  7.6206985787776E-01  5.7484800000000E+10
 43  4.0912275795914E-01  1.6114679133963E-01  1.3167178448247E-01  6.2697019990448E-01  5.7484800000000E+10
 44  3.3347477889179E-01  1.3135107908392E-01  1.0754718441875E-01  5.1027777638360E-01  5.7484800000000E+10
 45  2.6940695106027E-01  1.0611509443375E-01  8.6718663878333E-02  4.1271262381255E-01  5.7484800000000E+10
 46  2.1572219842463E-01  8.4969596494840E-02  6.9082808633083E-02  3.3065830935839E-01  5.7484800000000E+10
 47  1.7120511669099E-01  6.7435734803663E-02  5.4731412226381E-02  2.6250643077659E-01  5.7484800000000E+10
 48  1.3467258155889E-01  5.3046526701718E-02  4.3098436302315E-02  2.0654832611379E-01  5.7484800000000E+10
 49  1.0499787101530E-01  4.1358099879703E-02  3.3535316695898E-02  1.6081561761319E-01  5.7484800000000E+10
 50  8.1136445982905E-02  3.1959370132072E-02  2.5850897338278E-02  1.2435985807600E-01  5.7484800000000E+10
 51  6.2142779597442E-02  2.4478402776967E-02  1.9848946114058E-02  9.5355817528213E-02  5.7484800000000E+10
 52  4.7174026178088E-02  1.8582382552548E-02  1.5064960565898E-02  7.2452655427732E-02  5.7484800000000E+10
 53  3.5493902064155E-02  1.3981470493852E-02  1.1339742159299E-02  5.4433557819594E-02  5.7484800000000E+10
 54  2.6469026822472E-02  1.0426857503883E-02  8.5136247558015E-03  4.0665374998637E-02  5.7484800000000E+10
 55  1.9564154161881E-02  7.7069698596166E-03  6.2262881333410E-03  3.0083362652251E-02  5.7484800000000E+10
 56  1.4332484488354E-02  5.6460640645291E-03  4.5708077441908E-03  2.2065135962008E-02  5.7484800000000E+10
 57  1.0406851595716E-02  4.0996628439284E-03  3.3403968742125E-03  1.5976849463095E-02  5.7484800000000E+10
 58  7.4894236287997E-03  2.9504587226455E-03  2.4082384581193E-03  1.1487746631440E-02  5.7484800000000E+10
 59  5.3421391149524E-03  2.1046564416170E-03  1.7205325944219E-03  8.2051013732983E-03  5.7484800000000E+10
 60  3.7768369695970E-03  1.4880121649053E-03  1.2129764425547E-03  5.8203084011385E-03  5.7484800000000E+10
 61  2.6464493503512E-03  1.0426716148507E-03  8.4401266105849E-04  4.0673200389907E-03  5.7484800000000E+10
 62  1.8379723444473E-03  7.2416399685073E-04  5.8211598192191E-04  2.8294339062202E-03  5.7484800000000E+10
 63  1.2651678770435E-03  4.9850701662811E-04  4.0296880558353E-04  1.9576124932357E-03  5.7484800000000E+10
 64  8.6317908827606E-04  3.4011629279999E-04  2.7698371246556E-04  1.3302943019533E-03  5.7484800000000E+10
 65  5.8369022247469E-04  2.2999770712876E-04  1.8688412818406E-04  9.0199109678591E-04  5.7484800000000E+10
 66  3.9119689473266E-04  1.5415797634582E-04  1.2457284216520E-04  6.0254838612661E-04  5.7484800000000E+10
 67  2.5986751316738E-04  1.0240724956170E-04  8.2444442692146E-05  4.0153345104786E-04  5.7484800000000E+10
 68  1.7109305790761E-04  6.7425342235439E-05  5.4010283749372E-05  2.6395511730028E-04  5.7484800000000E+10
 69  1.1165034332177E-04  4.4003065326216E-05  3.5393109260116E-05  1.7246893541154E-04  5.7484800000000E+10
 70  7.2213816216857E-05  2.8461817063855E-05  2.3064061220857E-05  1.1179317637404E-04  5.7484800000000E+10
 71  4.6291961537239E-05  1.8246136985961E-05  1.4745001590411E-05  7.1543626210248E-05  5.7484800000000E+10
 72  2.9411872231640E-05  1.1593034185305E-05  9.3614672653898E-06  4.5497736785997E-05  5.7484800000000E+10
 73  1.8521989119765E-05  7.3009287828372E-06  5.8903141419481E-06  2.8783926688051E-05  5.7484800000000E+10
 74  1.1560613895825E-05  4.5572934075595E-06  3.7022807676071E-06  1.7956919570111E-05  5.7484800000000E+10
 75  7.1517014659679E-06  2.8193607049026E-06  2.2807686783982E-06  1.1104478945434E-05  5.7484800000000E+10
 76  4.3849033065653E-06  1.7287345068465E-06  1.3959737496380E-06  6.8059805744380E-06  5.7484800000000E+10
 77  2.6648003058474E-06  1.0506065098962E-06  8.4628531536686E-07  4.1219678227942E-06  5.7484800000000E+10
 78  1.6050475876074E-06  6.3279704953718E-07  5.1348807985136E-07  2.4851688466257E-06  5.7484800000000E+10
 79  9.5820820967198E-07  3.7782243554706E-07  3.0702530736450E-07  1.4962052153500E-06  5.7484800000000E+10
 80  5.6696753836631E-07  2.2356169135747E-07  1.8091581633978E-07  8.8269234760695E-07  5.7484800000000E+10
 81  3.3250262728249E-07  1.3111739732874E-07  1.0511214609017E-07  5.1760304354606E-07  5.7484800000000E+10
 82  1.9327137177903E-07  7.6217136018410E-08  6.0810357676860E-08  3.0191118670241E-07  5.7484800000000E+10
 83  1.1134280102090E-07  4.3911059844129E-08  3.5362488845413E-08  1.7443199310516E-07  5.7484800000000E+10
 84  6.3579440449707E-08  2.5076550297353E-08  2.0235607092476E-08  9.9795818689527E-08  5.7484800000000E+10
 85  3.5981230937563E-08  1.4192703748192E-08  1.1484284687045E-08  5.6154336634443E-08  5.7484800000000E+10
 86  2.0183506387543E-08  7.9619465983603E-09  6.4291399511152E-09  3.1724281764623E-08  5.7484800000000E+10
 87  1.1220868378584E-08  4.4265896940161E-09  3.5237572884546E-09  1.7536429973213E-08  5.7484800000000E+10
 88  6.1832313237188E-09  2.4396055415995E-09  1.9341745301610E-09  9.6949529631967E-09  5.7484800000000E+10
 89  3.3767165475990E-09  1.3324703057525E-09  1.0539526460338E-09  5.2730275544044E-09  5.7484800000000E+10
 90  1.8277679122595E-09  7.2143121311270E-10  5.7005656158237E-10  2.8547869621709E-09  5.7484800000000E+10
 91  9.8037349023482E-10  3.8713975963901E-10  3.0889061287783E-10  1.5544110437470E-09  5.7484800000000E+10
 92  5.2105370951344E-10  2.0590919471912E-10  1.6398128124212E-10  8.1791868048621E-10  5.7484800000000E+10
 93  2.7432212433557E-10  1.0854924602575E-10  8.6231230990845E-11  4.3327617901368E-10  5.7484800000000E+10
 94  1.4296323023888E-10  5.6722513496927E-11  4.4994078826022E-11  2.2415656351268E-10  5.7484800000000E+10
 95  7.3664043870290E-11  2.9376891676160E-11  2.2787922003427E-11  1.1700814748772E-10  5.7484800000000E+10
 96  3.7434099691371E-11  1.5082558991151E-11  1.1420736795539E-11  5.9601919298216E-11  5.7484800000000E+10
 97  1.8665029491599E-11  7.6758467690138E-12  5.3899739650254E-12  3.0065072618827E-11  5.7484800000000E+10
 98  9.0235000818278E-12  3.8715438881258E-12  2.3223555123161E-12  1.4758287257948E-11  5.7484800000000E+10
 99  4.0597279979773E-12  1.9134702558005E-12  7.4444809351346E-13  6.8080220984296E-12  5.7484800000000E+10
100  1.7237952617264E-12  9.8741595655595E-13  1.5865689550912E-14  3.1414417811020E-12  5.7484800000000E+10
 
 field : TRAC01   ; Iter =      5760 ; region #   0 ; nb.Lev = 100
 k | --   Average    -- | --   Std.Dev    -- | --     min      -- | --     max      -- | --    Vol
  0  9.9999999736339E-01  5.7929250650085E-01  2.6897780450086E-04  1.9929855411629E+00  5.7484800000000E+12
  1  1.9420460461975E+00  3.8724099231369E-02  1.7530284170424E+00  1.9929855411629E+00  5.7484800000000E+10
  2  1.9171268377560E+00  4.1785161713840E-02  1.7090385234061E+00  1.9830855702986E+00  5.7484800000000E+10
  3  1.8911277312854E+00  4.5100912201274E-02  1.6731484782021E+00  1.9691694953080E+00  5.7484800000000E+10
  4  1.8684475842869E+00  4.7048962573631E-02  1.6270753741625E+00  1.9586774542031E+00  5.7484800000000E+10
  5  1.8479516622235E+00  4.7542508724527E-02  1.6284556609501E+00  1.9567037396972E+00  5.7484800000000E+10
  6  1.8284301057345E+00  4.7622380082161E-02  1.6119233883769E+00  1.9439643346357E+00  5.7484800000000E+10
  7  1.8099902248762E+00  4.6870499453471E-02  1.6052967506029E+00  1.9341038556662E+00  5.7484800000000E+10
  8  1.7928780816130E+00  4.6529046910391E-02  1.6058484679546E+00  1.9286798534893E+00  5.7484800000000E+10
  9  1.7768686866838E+00  4.7038549940659E-02  1.5932525252470E+00  1.9111593485523E+00  5.7484800000000E+10
 10  1.7620100269093E+00  4.8481604059000E-02  1.5927046725566E+00  1.8911280245064E+00  5.7484800000000E+10
 11  1.7478898066978E+00  4.9738780632335E-02  1.5891742130606E+00  1.8917851817095E+00  5.7484800000000E+10
 12  1.7338422363966E+00  5.0398180094593E-02  1.5738956340716E+00  1.8891212806524E+00  5.7484800000000E+10
 13  1.7203724854101E+00  5.0236479463179E-02  1.5680825921433E+00  1.8842445505197E+00  5.7484800000000E+10
 14  1.7076156964524E+00  5.0569353911089E-02  1.5613094776981E+00  1.8804415720878E+00  5.7484800000000E+10
 15  1.6960170339256E+00  5.1489475718777E-02  1.5368662057688E+00  1.8685056791000E+00  5.7484800000000E+10
 16  1.6859382604318E+00  5.0589365203210E-02  1.5296694324749E+00  1.8502345013509E+00  5.7484800000000E+10
 17  1.6767175451165E+00  4.7840683176031E-02  1.5365892149961E+00  1.8531395881215E+00  5.7484800000000E+10
 18  1.6678425614142E+00  4.5218390262365E-02  1.5334934130464E+00  1.8535766180120E+00  5.7484800000000E+10
 19  1.6589601712185E+00  4.4157664924763E-02  1.5232114045640E+00  1.8471319272717E+00  5.7484800000000E+10
 20  1.6503246044595E+00  4.4179208558681E-02  1.5235000915602E+00  1.8467053779853E+00  5.7484800000000E+10
 21  1.6415101902760E+00  4.4513747007124E-02  1.5106520662307E+00  1.8372096143240E+00  5.7484800000000E+10
 22  1.6322139549958E+00  4.4900401365868E-02  1.4915950674712E+00  1.8291711965703E+00  5.7484800000000E+10
 23  1.6219679259096E+00  4.5004970046719E-02  1.4669881307839E+00  1.7877145747023E+00  5.7484800000000E+10
 24  1.6104564392057E+00  4.5725723981949E-02  1.4655588557861E+00  1.7826693642807E+00  5.7484800000000E+10
 25  1.5980683214516E+00  4.6867985766471E-02  1.4655173283312E+00  1.7855436402148E+00  5.7484800000000E+10
 26  1.5843294921551E+00  4.6846475261390E-02  1.4389712558301E+00  1.7850671933821E+00  5.7484800000000E+10
 27  1.5686556651650E+00  4.6461050998504E-02  1.4156946404243E+00  1.7696089218370E+00  5.7484800000000E+10
 28  1.5491436522581E+00  4.7257994132150E-02  1.4014254799482E+00  1.7335496609504E+00  5.7484800000000E+10
 29  1.5289663568917E+00  4.8377931884594E-02  1.3880966408349E+00  1.7019590744831E+00  5.7484800000000E+10
 30  1.4772737183194E+00  4.0986219512150E-02  1.3706376950498E+00  1.6560974327186E+00  5.7484800000000E+10
 31  1.4115606871950E+00  2.3623287344354E-02  1.3617200798318E+00  1.5271257684076E+00  5.7484800000000E+10
 32  1.3739334345138E+00  9.7219057907652E-03  1.3458741021118E+00  1.4288070102869E+00  5.7484800000000E+10
 33  1.3527675283187E+00  3.1314712670557E-03  1.3383090344200E+00  1.3731125061419E+00  5.7484800000000E+10
 34  1.3333091620448E+00  1.6947414492653E-03  1.3249957221437E+00  1.3510477357241E+00  5.7484800000000E+10
 35  1.3131844647536E+00  1.5578966966013E-03  1.3065149893527E+00  1.3300851379700E+00  5.7484800000000E+10
 36  1.2929426095232E+00  1.4225249435088E-03  1.2870024271065E+00  1.3039081299213E+00  5.7484800000000E+10
 37  1.2727309893280E+00  1.3156929426926E-03  1.2679321565820E+00  1.2812825702097E+00  5.7484800000000E+10
 38  1.2525283009430E+00  1.2493442769516E-03  1.2485314564923E+00  1.2593816670134E+00  5.7484800000000E+10
 39  1.2323258192300E+00  1.1986377986984E-03  1.2286126733362E+00  1.2387457430593E+00  5.7484800000000E+10
 40  1.2121236656296E+00  1.1557378733584E-03  1.2086464187889E+00  1.2178790515701E+00  5.7484800000000E+10
 41  1.1919212591517E+00  1.1167515316387E-03  1.1886337585051E+00  1.1970363748333E+00  5.7484800000000E+10
 42  1.1717187508336E+00  1.0812644878659E-03  1.1684896723828E+00  1.1769326217471E+00  5.7484800000000E+10
 43  1.1515169395667E+00  1.0457145995806E-03  1.1484413790590E+00  1.1564578878673E+00  5.7484800000000E+10
 44  1.1313148541532E+00  1.0149816856277E-03  1.1284960423882E+00  1.1359864936132E+00  5.7484800000000E+10
 45  1.1111125604100E+00  9.8292105982283E-04  1.1084906165358E+00  1.1155961994544E+00  5.7484800000000E+10
 46  1.0909104998656E+00  9.5422811000642E-04  1.0884635021655E+00  1.0952398936325E+00  5.7484800000000E+10
 47  1.0707080623885E+00  9.2963955788015E-04  1.0683918820179E+00  1.0747988767018E+00  5.7484800000000E+10
 48  1.0505059748778E+00  9.0668086381628E-04  1.0482299917118E+00  1.0545840825608E+00  5.7484800000000E+10
 49  1.0303041004781E+00  8.8013525950187E-04  1.0281029474109E+00  1.0344689426910E+00  5.7484800000000E+10
 50  1.0101020208195E+00  8.5887896337976E-04  1.0079241757943E+00  1.0141644308905E+00  5.7484800000000E+10
 51  9.8989966601491E-01  8.3861799025169E-04  9.8792376674361E-01  9.9365680532627E-01  5.7484800000000E+10
 52  9.6969772662882E-01  8.1875246281576E-04  9.6763812794618E-01  9.7328484963899E-01  5.7484800000000E+10
 53  9.4949599183926E-01  7.9582277291558E-04  9.4745996826438E-01  9.5307912801695E-01  5.7484800000000E+10
 54  9.2929350493366E-01  7.7603946388958E-04  9.2710329164816E-01  9.3267602500885E-01  5.7484800000000E+10
 55  9.0909136264907E-01  7.5830159004400E-04  9.0700143259759E-01  9.1244078747436E-01  5.7484800000000E+10
 56  8.8888961049651E-01  7.4000149978255E-04  8.8674447352592E-01  8.9238723580766E-01  5.7484800000000E+10
 57  8.6868790738467E-01  7.2161505930655E-04  8.6668430590630E-01  8.7226123165343E-01  5.7484800000000E+10
 58  8.4848545001946E-01  6.9877774383314E-04  8.4651784533595E-01  8.5234737837290E-01  5.7484800000000E+10
 59  8.2828280903459E-01  6.8738564456277E-04  8.2638719395109E-01  8.3205742528523E-01  5.7484800000000E+10
 60  8.0808160758514E-01  6.7413498370215E-04  8.0612638196741E-01  8.1152091758995E-01  5.7484800000000E+10
 61  7.8787921476396E-01  6.5821202728416E-04  7.8613775315124E-01  7.9123150449703E-01  5.7484800000000E+10
 62  7.6767723785058E-01  6.4485536269324E-04  7.6586307832057E-01  7.7101196756232E-01  5.7484800000000E+10
 63  7.4747453697020E-01  6.3414682902434E-04  7.4571635295991E-01  7.5042385738120E-01  5.7484800000000E+10
 64  7.2727337284902E-01  6.2079193895676E-04  7.2561025740166E-01  7.3016012594619E-01  5.7484800000000E+10
 65  7.0707121423629E-01  6.0721070925389E-04  7.0552473259043E-01  7.0984052958113E-01  5.7484800000000E+10
 66  6.8686848991576E-01  6.0132241718671E-04  6.8531272759716E-01  6.8977632871462E-01  5.7484800000000E+10
 67  6.6666718755433E-01  5.9127980066520E-04  6.6477742543442E-01  6.6958064389759E-01  5.7484800000000E+10
 68  6.4646459088409E-01  5.8289852321166E-04  6.4464816794321E-01  6.4933578811477E-01  5.7484800000000E+10
 69  6.2626281176196E-01  5.6907575763796E-04  6.2434507081586E-01  6.2897115642874E-01  5.7484800000000E+10
 70  6.0606121644163E-01  5.5887564205049E-04  6.0424459574152E-01  6.0861288049385E-01  5.7484800000000E+10
 71  5.8585895087041E-01  5.5455394068497E-04  5.8427812406311E-01  5.8864810501934E-01  5.7484800000000E+10
 72  5.6565632587380E-01  5.3917138509188E-04  5.6393649738845E-01  5.6874049937266E-01  5.7484800000000E+10
 73  5.4545488060560E-01  5.3352079701833E-04  5.4364575942522E-01  5.4820288716964E-01  5.7484800000000E+10
 74  5.2525269734645E-01  5.3016082919721E-04  5.2345309595879E-01  5.2777014223342E-01  5.7484800000000E+10
 75  5.0505110238845E-01  5.1640295579108E-04  5.0326585590416E-01  5.0740209269097E-01  5.7484800000000E+10
 76  4.8484819814596E-01  5.1233930471141E-04  4.8282918558827E-01  4.8725881646684E-01  5.7484800000000E+10
 77  4.6464689758216E-01  5.0356197173858E-04  4.6258892919416E-01  4.6700271150290E-01  5.7484800000000E+10
 78  4.4444477058185E-01  4.9347124512293E-04  4.4273791411737E-01  4.4667838138850E-01  5.7484800000000E+10
 79  4.2424270101551E-01  4.8548729139486E-04  4.2244804287163E-01  4.2641459558738E-01  5.7484800000000E+10
 80  4.0404023939074E-01  4.7715678869765E-04  4.0210760533058E-01  4.0657062548591E-01  5.7484800000000E+10
 81  3.8383827510932E-01  4.8010524052091E-04  3.8188292408622E-01  3.8638155323068E-01  5.7484800000000E+10
 82  3.6363665296136E-01  4.7355570933069E-04  3.6167082550904E-01  3.6577847082646E-01  5.7484800000000E+10
 83  3.4343373190116E-01  4.7272073769993E-04  3.4171938471552E-01  3.4560461890006E-01  5.7484800000000E+10
 84  3.2323314402168E-01  4.6651094456561E-04  3.2112361303722E-01  3.2534034211431E-01  5.7484800000000E+10
 85  3.0303033290995E-01  4.5632798522645E-04  3.0093549164995E-01  3.0507228373323E-01  5.7484800000000E+10
 86  2.8282863433814E-01  4.4039826363356E-04  2.8102958198622E-01  2.8507077656784E-01  5.7484800000000E+10
 87  2.6262571823278E-01  4.4623326833429E-04  2.6074944527603E-01  2.6469990896446E-01  5.7484800000000E+10
 88  2.4242454290867E-01  4.4762107993150E-04  2.4068080474819E-01  2.4445855010947E-01  5.7484800000000E+10
 89  2.2222158514462E-01  4.5271323532048E-04  2.2057249363620E-01  2.2451000340994E-01  5.7484800000000E+10
 90  2.0202121558954E-01  4.4671292055417E-04  1.9999773163356E-01  2.0435910259719E-01  5.7484800000000E+10
 91  1.8181759516863E-01  4.3949355685010E-04  1.7966691561954E-01  1.8419545658993E-01  5.7484800000000E+10
 92  1.6161583803553E-01  4.5392000853743E-04  1.5965553287214E-01  1.6409419890319E-01  5.7484800000000E+10
 93  1.4141479999891E-01  4.5162027186641E-04  1.3928202227773E-01  1.4388526947076E-01  5.7484800000000E+10
 94  1.2121188759029E-01  4.4738585034226E-04  1.1929707250053E-01  1.2331654339991E-01  5.7484800000000E+10
 95  1.0101017798742E-01  4.4209171588576E-04  9.9163173654779E-02  1.0305099626102E-01  5.7484800000000E+10
 96  8.0810293763099E-02  4.4365532125979E-04  7.8778187753583E-02  8.2910207360751E-02  5.7484800000000E+10
 97  6.0619747601565E-02  4.3035845676785E-04  5.8993263425936E-02  6.2681357314201E-02  5.7484800000000E+10
 98  4.0338261189078E-02  4.3006352669689E-04  3.8963220021159E-02  4.1830886055056E-02  5.7484800000000E+10
 99  1.9414680378074E-02  4.6317793882687E-04  1.7880988502695E-02  2.0698623798951E-02  5.7484800000000E+10
100  8.4555815263794E-04  2.5340294592991E-04  2.6897780450086E-04  1.8737143931159E-03  5.7484800000000E+10
 
 field : TRAC02   ; Iter =      5760 ; region #   0 ; nb.Lev = 100
 k | --   Average    -- | --   Std.Dev    -- | --     min      -- | --     max      -- | --    Vol
  0  1.0000000019885E+00  4.6910849701555E-01  5.0789105402788E-03  1.4304186106262E+00  5.7484800000000E+12
  1  5.2879650610874E-02  4.1454955700437E-02  5.0789105402788E-03  2.7532568879870E-01  5.7484800000000E+10
  2  7.6764059608643E-02  4.6511990517047E-02  1.2443248074458E-02  3.2879216040852E-01  5.7484800000000E+10
  3  1.0300164046983E-01  5.2060793552404E-02  2.1686639937042E-02  3.7073365044913E-01  5.7484800000000E+10
  4  1.2691733430107E-01  5.5751129813165E-02  3.1990605776521E-02  4.2919176144896E-01  5.7484800000000E+10
  5  1.4930564846611E-01  5.7593667551229E-02  3.3310574645325E-02  4.2763696207877E-01  5.7484800000000E+10
  6  1.7131253604363E-01  5.8771796545418E-02  4.5394064577011E-02  4.5539525698825E-01  5.7484800000000E+10
  7  1.9284633068126E-01  5.8944524439910E-02  5.7136282607633E-02  4.6423272993639E-01  5.7484800000000E+10
  8  2.1350943703375E-01  5.9423063623443E-02  6.7304546632377E-02  4.6356130475644E-01  5.7484800000000E+10
  9  2.3338111735715E-01  6.0718967539542E-02  8.6645443467773E-02  4.8261843421958E-01  5.7484800000000E+10
 10  2.5225943020359E-01  6.3106235190361E-02  9.5916834399709E-02  4.8330879823024E-01  5.7484800000000E+10
 11  2.7047799403061E-01  6.5157959165488E-02  9.5423692974007E-02  4.8569902453130E-01  5.7484800000000E+10
 12  2.8883811043725E-01  6.6458723591047E-02  9.8628649678345E-02  5.1179728314060E-01  5.7484800000000E+10
 13  3.0670042640458E-01  6.6774247245144E-02  1.0822171213040E-01  5.2032925583358E-01  5.7484800000000E+10
 14  3.2378176336057E-01  6.7734062521036E-02  1.0682602315269E-01  5.3321108020194E-01  5.7484800000000E+10
 15  3.3946449961906E-01  6.9405234442049E-02  1.2731087782021E-01  5.6858184854823E-01  5.7484800000000E+10
 16  3.5320290177975E-01  6.8647259418131E-02  1.3930279287884E-01  5.7814100888897E-01  5.7484800000000E+10
 17  3.6584800906233E-01  6.5217738957382E-02  1.3615033918471E-01  5.6733747395420E-01  5.7484800000000E+10
 18  3.7818813222226E-01  6.1866568574320E-02  1.3587878222634E-01  5.7415204548646E-01  5.7484800000000E+10
 19  3.9072409462038E-01  6.0721501693141E-02  1.4456232820190E-01  5.8844088760379E-01  5.7484800000000E+10
 20  4.0303184445728E-01  6.1178374833133E-02  1.4508394088412E-01  5.8795178607717E-01  5.7484800000000E+10
 21  4.1569432298973E-01  6.2083074701024E-02  1.5616965466344E-01  6.1077906726900E-01  5.7484800000000E+10
 22  4.2918969721745E-01  6.3037030492969E-02  1.6712228818311E-01  6.3947778456196E-01  5.7484800000000E+10
 23  4.4409886433970E-01  6.3763900618976E-02  2.2495939836680E-01  6.7813855279456E-01  5.7484800000000E+10
 24  4.6102898293087E-01  6.5345071012128E-02  2.2484776455358E-01  6.8037654747881E-01  5.7484800000000E+10
 25  4.7939364315945E-01  6.7559448240985E-02  2.2299627499766E-01  6.8044202604061E-01  5.7484800000000E+10
 26  4.9992464592702E-01  6.8104139554671E-02  2.2267522898523E-01  7.2411926948771E-01  5.7484800000000E+10
 27  5.2354060830079E-01  6.8159699684673E-02  2.4054185524428E-01  7.5970378962002E-01  5.7484800000000E+10
 28  5.5322755309527E-01  7.0006123829237E-02  2.7808726502460E-01  7.8135788419820E-01  5.7484800000000E+10
 29  5.8416524881972E-01  7.2233270252129E-02  3.4098627763193E-01  8.0213249426209E-01  5.7484800000000E+10
 30  6.6358598565422E-01  6.2880079524575E-02  4.0504841138791E-01  8.2940641646306E-01  5.7484800000000E+10
 31  7.6580478363934E-01  3.6747923332024E-02  5.8613246390113E-01  8.4286888787059E-01  5.7484800000000E+10
 32  8.2404188854227E-01  1.5039662248787E-02  7.3936571621184E-01  8.6673068436501E-01  5.7484800000000E+10
 33  8.5588510758343E-01  4.6868844843954E-03  8.2500826220199E-01  8.7744020240021E-01  5.7484800000000E+10
 34  8.8431275179998E-01  2.4459883837902E-03  8.5830452303390E-01  8.9630947293040E-01  5.7484800000000E+10
 35  9.1301750962358E-01  2.2012302359342E-03  8.8889702335707E-01  9.2235684287309E-01  5.7484800000000E+10
 36  9.4108580251228E-01  1.9478367733427E-03  9.2595609432927E-01  9.4916379552192E-01  5.7484800000000E+10
 37  9.6823228694300E-01  1.7409195092575E-03  9.5685270867411E-01  9.7455040705160E-01  5.7484800000000E+10
 38  9.9444772355927E-01  1.5949216523153E-03  9.8567410472836E-01  9.9952135677669E-01  5.7484800000000E+10
 39  1.0197118610027E+00  1.4728901835515E-03  1.0117918314008E+00  1.0242474984794E+00  5.7484800000000E+10
 40  1.0439990670394E+00  1.3636657490867E-03  1.0371758583578E+00  1.0480841168775E+00  5.7484800000000E+10
 41  1.0672923423700E+00  1.2623051176845E-03  1.0614915330937E+00  1.0709865990801E+00  5.7484800000000E+10
 42  1.0895814014493E+00  1.1681508511225E-03  1.0839281058760E+00  1.0930546031698E+00  5.7484800000000E+10
 43  1.1108622938699E+00  1.0776059624220E-03  1.1057479533744E+00  1.1140186122490E+00  5.7484800000000E+10
 44  1.1311393711589E+00  9.9553197963994E-04  1.1265378939213E+00  1.1338911950877E+00  5.7484800000000E+10
 45  1.1504216328490E+00  9.1595875526261E-04  1.1462307333639E+00  1.1528562463376E+00  5.7484800000000E+10
 46  1.1687229640072E+00  8.4311184503592E-04  1.1648859295112E+00  1.1708783644688E+00  5.7484800000000E+10
 47  1.1860627372452E+00  7.7754212532645E-04  1.1826255566391E+00  1.1879862083276E+00  5.7484800000000E+10
 48  1.2024630167973E+00  7.1665967337179E-04  1.1992336916317E+00  1.2042589992019E+00  5.7484800000000E+10
 49  1.2179499830814E+00  6.5642613455858E-04  1.2148306996841E+00  1.2195811762072E+00  5.7484800000000E+10
 50  1.2325526913000E+00  6.0354622225355E-04  1.2296900946458E+00  1.2340768077158E+00  5.7484800000000E+10
 51  1.2463019963614E+00  5.5434212817337E-04  1.2438075249490E+00  1.2475999594784E+00  5.7484800000000E+10
 52  1.2592299424966E+00  5.0869309307463E-04  1.2569915196182E+00  1.2605055563585E+00  5.7484800000000E+10
 53  1.2713703771812E+00  4.6395086515460E-04  1.2692746871751E+00  1.2725565063736E+00  5.7484800000000E+10
 54  1.2827582697260E+00  4.2415368812476E-04  1.2809028340652E+00  1.2839468514162E+00  5.7484800000000E+10
 55  1.2934277834477E+00  3.8804466865341E-04  1.2917097937914E+00  1.2944982116562E+00  5.7484800000000E+10
 56  1.3034138014623E+00  3.5428296589634E-04  1.3017342703520E+00  1.3044324867823E+00  5.7484800000000E+10
 57  1.3127511649207E+00  3.2294153355239E-04  1.3111479533473E+00  1.3136470881186E+00  5.7484800000000E+10
 58  1.3214743532334E+00  2.9197561604021E-04  1.3198541195110E+00  1.3222912228104E+00  5.7484800000000E+10
 59  1.3296165791055E+00  2.6783145630943E-04  1.3281331526752E+00  1.3303540746159E+00  5.7484800000000E+10
 60  1.3372098832951E+00  2.4499415307303E-04  1.3359517620110E+00  1.3379155312909E+00  5.7484800000000E+10
 61  1.3442869406192E+00  2.2279984705689E-04  1.3431512621959E+00  1.3448796456923E+00  5.7484800000000E+10
 62  1.3508777614098E+00  2.0323639452949E-04  1.3498259558855E+00  1.3514498810656E+00  5.7484800000000E+10
 63  1.3570121247010E+00  1.8587748670699E-04  1.3561410309828E+00  1.3575236269443E+00  5.7484800000000E+10
 64  1.3627175918284E+00  1.6928230089779E-04  1.3619306518476E+00  1.3631667469404E+00  5.7484800000000E+10
 65  1.3680218666943E+00  1.5384970067541E-04  1.3673154659491E+00  1.3684161855182E+00  5.7484800000000E+10
 66  1.3729504807568E+00  1.4146204988953E-04  1.3722650321360E+00  1.3733143566823E+00  5.7484800000000E+10
 67  1.3775273775880E+00  1.2922248668994E-04  1.3768872594832E+00  1.3779368742035E+00  5.7484800000000E+10
 68  1.3817763343547E+00  1.1817510540998E-04  1.3811930713720E+00  1.3821411986263E+00  5.7484800000000E+10
 69  1.3857187907616E+00  1.0709044999576E-04  1.3852044210065E+00  1.3860780441167E+00  5.7484800000000E+10
 70  1.3893755740160E+00  9.7485170895625E-05  1.3889268456597E+00  1.3896919146441E+00  5.7484800000000E+10
 71  1.3927663117679E+00  8.9713865049874E-05  1.3923174543240E+00  1.3930220277759E+00  5.7484800000000E+10
 72  1.3959092458580E+00  8.0810086638024E-05  1.3954444662908E+00  1.3961666494837E+00  5.7484800000000E+10
 73  1.3988213863574E+00  7.4072131502721E-05  1.3984358293514E+00  1.3990693647434E+00  5.7484800000000E+10
 74  1.4015191727508E+00  6.8179508698541E-05  1.4011969015106E+00  1.4017512597800E+00  5.7484800000000E+10
 75  1.4040175527341E+00  6.1533033007480E-05  1.4037339879811E+00  1.4042285695333E+00  5.7484800000000E+10
 76  1.4063309164448E+00  5.6441605673682E-05  1.4060648666596E+00  1.4065510471026E+00  5.7484800000000E+10
 77  1.4084721706487E+00  5.1406602440493E-05  1.4082304788272E+00  1.4086821712504E+00  5.7484800000000E+10
 78  1.4104539489799E+00  4.6591175019306E-05  1.4102416439989E+00  1.4106126956794E+00  5.7484800000000E+10
 79  1.4122876877103E+00  4.2428638099002E-05  1.4120985706893E+00  1.4124442602275E+00  5.7484800000000E+10
 80  1.4139841761245E+00  3.8541628023040E-05  1.4137797393475E+00  1.4141393905905E+00  5.7484800000000E+10
 81  1.4155533621801E+00  3.5853704974005E-05  1.4153620603072E+00  1.4156993381372E+00  5.7484800000000E+10
 82  1.4170045852437E+00  3.2763170612866E-05  1.4168556473599E+00  1.4171389507570E+00  5.7484800000000E+10
 83  1.4183466320169E+00  3.0173280315942E-05  1.4182082733035E+00  1.4184574064965E+00  5.7484800000000E+10
 84  1.4195873330002E+00  2.7602775208278E-05  1.4194625671895E+00  1.4197108877602E+00  5.7484800000000E+10
 85  1.4207344610387E+00  2.4924596435666E-05  1.4206226564707E+00  1.4208488587791E+00  5.7484800000000E+10
 86  1.4217947735752E+00  2.2254274369588E-05  1.4216809800335E+00  1.4218852998915E+00  5.7484800000000E+10
 87  1.4227748541972E+00  2.0797195735693E-05  1.4226779095026E+00  1.4228620867813E+00  5.7484800000000E+10
 88  1.4236805540756E+00  1.9320250513700E-05  1.4235920615408E+00  1.4237560833115E+00  5.7484800000000E+10
 89  1.4245175922664E+00  1.8017420349305E-05  1.4244262595749E+00  1.4245829620450E+00  5.7484800000000E+10
 90  1.4252909437098E+00  1.6469201266099E-05  1.4252039189950E+00  1.4253648709773E+00  5.7484800000000E+10
 91  1.4260056035515E+00  1.4940017464914E-05  1.4259244959777E+00  1.4260786163157E+00  5.7484800000000E+10
 92  1.4266658130197E+00  1.4258519296792E-05  1.4265875121631E+00  1.4267270009488E+00  5.7484800000000E+10
 93  1.4272757186744E+00  1.3115426135728E-05  1.4272039914317E+00  1.4273376693852E+00  5.7484800000000E+10
 94  1.4278391915754E+00  1.1993555771819E-05  1.4277826760247E+00  1.4278903079551E+00  5.7484800000000E+10
 95  1.4283596569932E+00  1.0956214934461E-05  1.4283089819829E+00  1.4284050706490E+00  5.7484800000000E+10
 96  1.4288403784401E+00  1.0144637873274E-05  1.4287924369387E+00  1.4288865194397E+00  5.7484800000000E+10
 97  1.4292842285136E+00  9.0845769719088E-06  1.4292406291232E+00  1.4293184751918E+00  5.7484800000000E+10
 98  1.4296956938330E+00  8.3685377637999E-06  1.4296660939622E+00  1.4297220119020E+00  5.7484800000000E+10
 99  1.4300866371157E+00  8.1584367848459E-06  1.4300640852451E+00  1.4301130678918E+00  5.7484800000000E+10
100  1.4304088929169E+00  4.2747896902795E-06  1.4303915282705E+00  1.4304186106262E+00  5.7484800000000E+10
 
 field : TRAC03   ; Iter =      5760 ; region #   0 ; nb.Lev = 100
 k | --   Average    -- | --   Std.Dev    -- | --     min      -- | --     max      -- | --    Vol
  0  1.0000000106971E+00  1.0262831902949E+00  1.3914474276144E-08  2.8979479156287E+00  5.7484800000000E+12
  1  9.4047902584737E-01  2.0278060059115E-01  6.8365542301824E-01  1.9167371600648E+00  5.7484800000000E+10
  2  1.0667126553606E+00  2.2029918648241E-01  7.2545455651549E-01  2.0824962849365E+00  5.7484800000000E+10
  3  1.2021243155078E+00  2.3870506913178E-01  7.9796392763124E-01  2.3252039983267E+00  5.7484800000000E+10
  4  1.3224568205881E+00  2.4821306621056E-01  8.4426079663400E-01  2.5582918650826E+00  5.7484800000000E+10
  5  1.4324243173988E+00  2.4942268789027E-01  8.4813002463092E-01  2.5501862119515E+00  5.7484800000000E+10
  6  1.5367827503484E+00  2.4739678669742E-01  9.1547720984347E-01  2.5618305478221E+00  5.7484800000000E+10
  7  1.6344376652174E+00  2.4006314963577E-01  9.6990708173591E-01  2.5910697467582E+00  5.7484800000000E+10
  8  1.7238815992380E+00  2.3470829780697E-01  1.0021911903773E+00  2.5880235678900E+00  5.7484800000000E+10
  9  1.8064109677314E+00  2.3439922558627E-01  1.0916342095926E+00  2.6440011683902E+00  5.7484800000000E+10
 10  1.8817200358349E+00  2.3854219738465E-01  1.2032759817237E+00  2.6463128814501E+00  5.7484800000000E+10
 11  1.9521198500283E+00  2.4179870639207E-01  1.1987461193791E+00  2.6890133925042E+00  5.7484800000000E+10
 12  2.0208345935842E+00  2.4181636999838E-01  1.2139531541228E+00  2.7060043162386E+00  5.7484800000000E+10
 13  2.0851184473744E+00  2.3766508074984E-01  1.2393772996412E+00  2.7179460620010E+00  5.7484800000000E+10
 14  2.1446648558357E+00  2.3565127938197E-01  1.2671129887003E+00  2.7287278114174E+00  5.7484800000000E+10
 15  2.1975101472934E+00  2.3668503484546E-01  1.3350815735297E+00  2.7796981183642E+00  5.7484800000000E+10
 16  2.2425601905485E+00  2.2894499525579E-01  1.4455955148918E+00  2.8167522474996E+00  5.7484800000000E+10
 17  2.2832009416457E+00  2.1446053634510E-01  1.4274607342989E+00  2.8045759353810E+00  5.7484800000000E+10
 18  2.3209130903929E+00  2.0112779844613E-01  1.4238924126516E+00  2.8197726467381E+00  5.7484800000000E+10
 19  2.3570544134026E+00  1.9391529142974E-01  1.4603701707176E+00  2.8494775742684E+00  5.7484800000000E+10
 20  2.3907336391364E+00  1.9066994115291E-01  1.4631396266670E+00  2.8703847844544E+00  5.7484800000000E+10
 21  2.4234199503623E+00  1.8827056326976E-01  1.5192147098242E+00  2.8921767554264E+00  5.7484800000000E+10
 22  2.4561093582810E+00  1.8511712519676E-01  1.5479125613258E+00  2.8954279382401E+00  5.7484800000000E+10
 23  2.4904928218677E+00  1.7868682530351E-01  1.7087545383265E+00  2.8892985569157E+00  5.7484800000000E+10
 24  2.5261555817863E+00  1.7392627729323E-01  1.7352113258820E+00  2.8910813800854E+00  5.7484800000000E+10
 25  2.5616919452354E+00  1.6991832480406E-01  1.7314594024717E+00  2.8914607033560E+00  5.7484800000000E+10
 26  2.5981937525614E+00  1.6026735740705E-01  1.7327530183608E+00  2.8947177617076E+00  5.7484800000000E+10
 27  2.6355855234943E+00  1.4945582411043E-01  1.8132006813539E+00  2.8914607033575E+00  5.7484800000000E+10
 28  2.6737583311719E+00  1.3868112148117E-01  2.0577702828012E+00  2.8914607033546E+00  5.7484800000000E+10
 29  2.7026678613472E+00  1.2754078314038E-01  2.0968563841218E+00  2.8979479156287E+00  5.7484800000000E+10
 30  2.7479493641449E+00  7.3762627880782E-02  2.2322804789348E+00  2.8694509986698E+00  5.7484800000000E+10
 31  2.7230837098575E+00  2.9992648472042E-02  2.6014304449128E+00  2.8178856928380E+00  5.7484800000000E+10
 32  2.6461212990597E+00  2.2799565228271E-02  2.5541327493500E+00  2.7512245061440E+00  5.7484800000000E+10
 33  2.5508052682612E+00  1.4974027547427E-02  2.4929357899510E+00  2.6342372133531E+00  5.7484800000000E+10
 34  2.4493356320452E+00  9.5572183400762E-03  2.4048838653939E+00  2.5411159949116E+00  5.7484800000000E+10
 35  2.3414053657737E+00  8.4977816635860E-03  2.3041901079300E+00  2.4330386666919E+00  5.7484800000000E+10
 36  2.2272015526212E+00  8.1665392467852E-03  2.1926508422033E+00  2.2894163566528E+00  5.7484800000000E+10
 37  2.1080030283886E+00  7.8795228357923E-03  2.0791557192158E+00  2.1589576245577E+00  5.7484800000000E+10
 38  1.9852420983536E+00  7.6676176948654E-03  1.9606574271805E+00  2.0273346803541E+00  5.7484800000000E+10
 39  1.8603080638421E+00  7.4478781726625E-03  1.8372182351512E+00  1.9002163165813E+00  5.7484800000000E+10
 40  1.7345445234626E+00  7.1951025848374E-03  1.7129093627559E+00  1.7704087010311E+00  5.7484800000000E+10
 41  1.6092150220288E+00  6.8976861370307E-03  1.5889475203825E+00  1.6408380237930E+00  5.7484800000000E+10
 42  1.4854940143631E+00  6.5649833215379E-03  1.4659341275807E+00  1.5172066589561E+00  5.7484800000000E+10
 43  1.3644493157495E+00  6.1873491323660E-03  1.3463017402354E+00  1.3937678755648E+00  5.7484800000000E+10
 44  1.2470155230453E+00  5.8036319447674E-03  1.2309566471291E+00  1.2738241224384E+00  5.7484800000000E+10
 45  1.1340033399827E+00  5.3888011440781E-03  1.1196744036164E+00  1.1586574966285E+00  5.7484800000000E+10
 46  1.0260905560655E+00  4.9768964085517E-03  1.0133692988265E+00  1.0487438423186E+00  5.7484800000000E+10
 47  9.2381403546332E-01  4.5792054449238E-03  9.1249742028903E-01  9.4407025154502E-01  5.7484800000000E+10
 48  8.2758508032578E-01  4.1876793693080E-03  8.1710142823734E-01  8.4646532320472E-01  5.7484800000000E+10
 49  7.3768285107854E-01  3.7851330184367E-03  7.2829606438549E-01  7.5569333616595E-01  5.7484800000000E+10
 50  6.5426623230052E-01  3.4159982728612E-03  6.4565524565894E-01  6.7048739050685E-01  5.7484800000000E+10
 51  5.7738689529608E-01  3.0630069138797E-03  5.7023570124918E-01  5.9119804705209E-01  5.7484800000000E+10
 52  5.0700093437792E-01  2.7303244577099E-03  5.0016642925256E-01  5.1904268215764E-01  5.7484800000000E+10
 53  4.4297527288336E-01  2.4058081603309E-03  4.3682813352243E-01  4.5386383835713E-01  5.7484800000000E+10
 54  3.8510239662979E-01  2.1142962469599E-03  3.7920582379572E-01  3.9438993630239E-01  5.7484800000000E+10
 55  3.3312117688587E-01  1.8495294532026E-03  3.2801672104749E-01  3.4132368592321E-01  5.7484800000000E+10
 56  2.8671983981388E-01  1.6066339048116E-03  2.8213033086951E-01  2.9435392514784E-01  5.7484800000000E+10
 57  2.4555084886101E-01  1.3863557317053E-03  2.4170807031941E-01  2.5244869340514E-01  5.7484800000000E+10
 58  2.0924291324221E-01  1.1802040374886E-03  2.0596097596222E-01  2.1581557196749E-01  5.7484800000000E+10
 59  1.7741378068953E-01  1.0137162995793E-03  1.7462624779430E-01  1.8307383831083E-01  5.7484800000000E+10
 60  1.4967774169943E-01  8.6469615067148E-04  1.4720581500613E-01  1.5414658979032E-01  5.7484800000000E+10
 61  1.2564658483372E-01  7.2902749998965E-04  1.2369573232245E-01  1.2936378961593E-01  5.7484800000000E+10
 62  1.0494779269989E-01  6.1358183470602E-04  1.0321903955487E-01  1.0812486752665E-01  5.7484800000000E+10
 63  8.7220982855420E-02  5.1483452739733E-04  8.5817678962864E-02  8.9654700270045E-02  5.7484800000000E+10
 64  7.2127781195812E-02  4.2840017747655E-04  7.0998817556729E-02  7.4116257005264E-02  5.7484800000000E+10
 65  5.9348166859304E-02  3.5360469070747E-04  5.8435099871663E-02  6.0984247585052E-02  5.7484800000000E+10
 66  4.8588845785086E-02  2.9368255863650E-04  4.7839758420939E-02  5.0013759611430E-02  5.7484800000000E+10
 67  3.9582147356495E-02  2.4141355975981E-04  3.8826029850324E-02  4.0785226013708E-02  5.7484800000000E+10
 68  3.2083590170771E-02  1.9734216972743E-04  3.1472470878927E-02  3.3059190313869E-02  5.7484800000000E+10
 69  2.5875964866327E-02  1.5930602801650E-04  2.5345420087457E-02  2.6650473178915E-02  5.7484800000000E+10
 70  2.0765208000204E-02  1.2830237818673E-04  2.0350067082232E-02  2.1362800540403E-02  5.7484800000000E+10
 71  1.6580478131149E-02  1.0407832571535E-04  1.6283618616785E-02  1.7094744488974E-02  5.7484800000000E+10
 72  1.3172882665646E-02  8.2118357731970E-05  1.2911872120267E-02  1.3648720932415E-02  5.7484800000000E+10
 73  1.0413408716411E-02  6.5604262679476E-05  1.0198745662562E-02  1.0760789649993E-02  5.7484800000000E+10
 74  8.1907111302948E-03  5.2372015722727E-05  8.0111236309474E-03  8.4348842568823E-03  5.7484800000000E+10
 75  6.4102050348227E-03  4.0832605858921E-05  6.2720861878334E-03  6.6021023853569E-03  5.7484800000000E+10
 76  4.9914937891290E-03  3.2067720497619E-05  4.8688209970321E-03  5.1424775710065E-03  5.7484800000000E+10
 77  3.8673144444983E-03  2.5001141179777E-05  3.7652097526694E-03  3.9854258244190E-03  5.7484800000000E+10
 78  2.9811889363823E-03  1.9226735212230E-05  2.9173870361820E-03  3.0695357413759E-03  5.7484800000000E+10
 79  2.2864827423332E-03  1.4812245571732E-05  2.2318985509604E-03  2.3516125227691E-03  5.7484800000000E+10
 80  1.7447461451916E-03  1.1293789286198E-05  1.6997081517257E-03  1.8044598488016E-03  5.7484800000000E+10
 81  1.3245610000032E-03  8.7811372875378E-06  1.2886154876556E-03  1.3720047257197E-03  5.7484800000000E+10
 82  1.0003844961254E-03  6.7059915000229E-06  9.7350661844892E-04  1.0310819049605E-03  5.7484800000000E+10
 83  7.5158619729570E-04  5.0866782133628E-06  7.3220259507421E-04  7.7462495309232E-04  5.7484800000000E+10
 84  5.6168198366584E-04  3.8593207554215E-06  5.4480569351236E-04  5.7894650414240E-04  5.7484800000000E+10
 85  4.1746428416078E-04  2.8446430244246E-06  4.0433731712520E-04  4.3015355272002E-04  5.7484800000000E+10
 86  3.0853980954826E-04  2.0753100522917E-06  3.0013088225890E-04  3.1919941248748E-04  5.7484800000000E+10
 87  2.2669443681409E-04  1.5639684727933E-06  2.2015270726554E-04  2.3394124902828E-04  5.7484800000000E+10
 88  1.6552812523717E-04  1.1790113332520E-06  1.6086374618907E-04  1.7098583046370E-04  5.7484800000000E+10
 89  1.2004762600766E-04  8.7675754764726E-07  1.1687817352767E-04  1.2448641477603E-04  5.7484800000000E+10
 90  8.6414676902689E-05  6.4442228241501E-07  8.3577473307486E-05  8.9870046470069E-05  5.7484800000000E+10
 91  6.1666440574867E-05  4.6170946032766E-07  5.9414696040178E-05  6.4169477268243E-05  5.7484800000000E+10
 92  4.3555466903750E-05  3.4841346091741E-07  4.2061514158106E-05  4.5480709578930E-05  5.7484800000000E+10
 93  3.0369813555014E-05  2.5257195450055E-07  2.9165904107129E-05  3.1718631026460E-05  5.7484800000000E+10
 94  2.0818750517231E-05  1.8026930112593E-07  2.0059928960986E-05  2.1683160016018E-05  5.7484800000000E+10
 95  1.3937535076766E-05  1.2840443189545E-07  1.3417599704034E-05  1.4519389932191E-05  5.7484800000000E+10
 96  9.0051801351509E-06  9.1614221574493E-08  8.5956698499235E-06  9.4261863941070E-06  5.7484800000000E+10
 97  5.4888067165805E-06  6.3099120838551E-08  5.2501102665139E-06  5.7868357250284E-06  5.7484800000000E+10
 98  2.9896386448299E-06  4.4345580527750E-08  2.8512408446782E-06  3.1500865910627E-06  5.7484800000000E+10
 99  1.1897573335209E-06  3.1308139666584E-08  1.0924722934320E-06  1.2760058023674E-06  5.7484800000000E+10
100  4.4313655287921E-08  1.3431128773799E-08  1.3914474276144E-08  9.9045340655043E-08  5.7484800000000E+10
 
 field : TRAC04   ; Iter =      5760 ; region #   0 ; nb.Lev = 100
 k | --   Average    -- | --   Std.Dev    -- | --     min      -- | --     max      -- | --    Vol
  0  1.0019835996218E+00  9.2429020474200E-01  1.0255407358511E-03  4.3902806410421E+00  5.7484800000000E+12
  1  2.7584667473760E+00  1.3123827389850E+00  1.4580875254682E-02  4.3902806410421E+00  5.7484800000000E+10
  2  2.6618455896244E+00  1.2625209882749E+00  1.4066669833220E-02  4.3435147937412E+00  5.7484800000000E+10
  3  2.5643615474765E+00  1.2165817598911E+00  1.3375778570110E-02  4.2415992073154E+00  5.7484800000000E+10
  4  2.4819755657986E+00  1.1782533077652E+00  1.2509919175041E-02  4.1622867890041E+00  5.7484800000000E+10
  5  2.4082766855507E+00  1.1428971188653E+00  1.1695517939903E-02  4.0393315071152E+00  5.7484800000000E+10
  6  2.3401080754645E+00  1.1101294145923E+00  1.0457178653341E-02  3.9629685223581E+00  5.7484800000000E+10
  7  2.2777104440273E+00  1.0795716929453E+00  9.3833883887157E-03  3.8657764562195E+00  5.7484800000000E+10
  8  2.2202061787916E+00  1.0503511188490E+00  9.3042565806746E-03  3.8428024879162E+00  5.7484800000000E+10
  9  2.1666259362678E+00  1.0228130097665E+00  9.3093179835346E-03  3.8089905219379E+00  5.7484800000000E+10
 10  2.1182379640465E+00  9.9935534172200E-01  9.3473927263487E-03  3.7702658203667E+00  5.7484800000000E+10
 11  2.0734816629043E+00  9.7838255964535E-01  9.4206898400218E-03  3.6983073750610E+00  5.7484800000000E+10
 12  2.0297038596139E+00  9.5799291932046E-01  9.5271779950409E-03  3.6985017895406E+00  5.7484800000000E+10
 13  1.9888922246642E+00  9.3998887283970E-01  9.6398365442108E-03  3.6865767620794E+00  5.7484800000000E+10
 14  1.9512826535417E+00  9.2417896370130E-01  9.7133757245671E-03  3.6696258585989E+00  5.7484800000000E+10
 15  1.9178012719357E+00  9.1056616303521E-01  9.7489581074647E-03  3.6691375607762E+00  5.7484800000000E+10
 16  1.8892445993110E+00  8.9879122185760E-01  9.7997251068605E-03  3.6716540190498E+00  5.7484800000000E+10
 17  1.8636894112662E+00  8.8749639939680E-01  9.8749278259720E-03  3.6846326390978E+00  5.7484800000000E+10
 18  1.8393931283059E+00  8.7721030295554E-01  9.9793465570898E-03  3.6871487940969E+00  5.7484800000000E+10
 19  1.8145153798888E+00  8.6553434287689E-01  1.0088030391716E-02  3.6103898810706E+00  5.7484800000000E+10
 20  1.7896581727328E+00  8.5324228154074E-01  1.0135476984012E-02  3.3162771783977E+00  5.7484800000000E+10
 21  1.7646083305618E+00  8.4099786748881E-01  1.0143855299734E-02  3.2803548931618E+00  5.7484800000000E+10
 22  1.7394237802655E+00  8.3002964248399E-01  1.0145728183274E-02  3.2758228073081E+00  5.7484800000000E+10
 23  1.7128645310184E+00  8.1843204259263E-01  1.0254345191224E-02  3.2717394598912E+00  5.7484800000000E+10
 24  1.6830378992408E+00  8.0486337195732E-01  1.0442434969756E-02  3.2422474024925E+00  5.7484800000000E+10
 25  1.6510771713869E+00  7.9135631631924E-01  1.0535283448524E-02  3.3007080557682E+00  5.7484800000000E+10
 26  1.6167943076943E+00  7.7700937741929E-01  9.8185407103248E-03  3.1910349146145E+00  5.7484800000000E+10
 27  1.5793340765552E+00  7.6029868833694E-01  8.8308271630832E-03  3.0773668315390E+00  5.7484800000000E+10
 28  1.5347363756868E+00  7.3976346192476E-01  8.1744343764397E-03  3.0563738977929E+00  5.7484800000000E+10
 29  1.4866765411285E+00  7.1887294026211E-01  8.1659920717559E-03  3.0563738977929E+00  5.7484800000000E+10
 30  1.3905609188488E+00  6.6909455970056E-01  7.9215738190867E-03  2.7884095287184E+00  5.7484800000000E+10
 31  1.2804509126055E+00  6.1275876152622E-01  7.0094580086378E-03  2.1988364241586E+00  5.7484800000000E+10
 32  1.2247601362105E+00  5.8754859628890E-01  6.4901568507627E-03  1.9433220161626E+00  5.7484800000000E+10
 33  1.1980563384535E+00  5.7547909667651E-01  6.3538570866103E-03  1.8921327450593E+00  5.7484800000000E+10
 34  1.1726179428767E+00  5.6354568045714E-01  6.0952569751774E-03  1.8431848460449E+00  5.7484800000000E+10
 35  1.1441131148953E+00  5.5009178545472E-01  5.8859795335720E-03  1.7946168471949E+00  5.7484800000000E+10
 36  1.1143372104173E+00  5.3583001610965E-01  5.7774758623952E-03  1.7474299369921E+00  5.7484800000000E+10
 37  1.0849846765677E+00  5.2171141544433E-01  5.5463626753485E-03  1.7010727746129E+00  5.7484800000000E+10
 38  1.0564310663191E+00  5.0798068816547E-01  5.3756809068189E-03  1.6561588859877E+00  5.7484800000000E+10
 39  1.0286321661884E+00  4.9461255537505E-01  5.3292187500800E-03  1.6126863319627E+00  5.7484800000000E+10
 40  1.0015641800341E+00  4.8159797105970E-01  5.1602644544690E-03  1.5701332978507E+00  5.7484800000000E+10
 41  9.7520781602540E-01  4.6892664635200E-01  4.9786555107024E-03  1.5287723449470E+00  5.7484800000000E+10
 42  9.4954569788123E-01  4.5658756781617E-01  4.8245437467627E-03  1.4888146665854E+00  5.7484800000000E+10
 43  9.2456002835669E-01  4.4457276256996E-01  4.7109463752147E-03  1.4495334307470E+00  5.7484800000000E+10
 44  9.0023115900988E-01  4.3287517129856E-01  4.6104406902814E-03  1.4112954102230E+00  5.7484800000000E+10
 45  8.7654162160497E-01  4.2148564891972E-01  4.4372766987092E-03  1.3743585623735E+00  5.7484800000000E+10
 46  8.5347629296159E-01  4.1039502425747E-01  4.3276485389973E-03  1.3380034339536E+00  5.7484800000000E+10
 47  8.3101756345896E-01  3.9959620229307E-01  4.2386361917631E-03  1.3028010261846E+00  5.7484800000000E+10
 48  8.0915055398558E-01  3.8908158576792E-01  4.1091369800756E-03  1.2685845392736E+00  5.7484800000000E+10
 49  7.8785877892514E-01  3.7884392145531E-01  3.9778294510647E-03  1.2351327830058E+00  5.7484800000000E+10
 50  7.6712646801130E-01  3.6887545515229E-01  3.9132214068544E-03  1.2027350305843E+00  5.7484800000000E+10
 51  7.4694033730479E-01  3.5916930742870E-01  3.8378265769685E-03  1.1712937365737E+00  5.7484800000000E+10
 52  7.2728552496900E-01  3.4971824893690E-01  3.7359446700577E-03  1.1405804947539E+00  5.7484800000000E+10
 53  7.0814761157837E-01  3.4051653172614E-01  3.6519991272137E-03  1.1103920024054E+00  5.7484800000000E+10
 54  6.8951277731173E-01  3.3155740124796E-01  3.4808963406026E-03  1.0811049110589E+00  5.7484800000000E+10
 55  6.7136919551506E-01  3.2283250980940E-01  3.3957914131383E-03  1.0526431338493E+00  5.7484800000000E+10
 56  6.5370295869420E-01  3.1433724831807E-01  3.3822150334607E-03  1.0250198001662E+00  5.7484800000000E+10
 57  6.3650173590018E-01  3.0606564476644E-01  3.2496290289001E-03  9.9782141621970E-01  5.7484800000000E+10
 58  6.1975199540251E-01  2.9801247681971E-01  3.1261092089020E-03  9.7162239393529E-01  5.7484800000000E+10
 59  6.0344366552343E-01  2.9017122793066E-01  3.0664494597202E-03  9.4630184851475E-01  5.7484800000000E+10
 60  5.8756516262030E-01  2.8253607402977E-01  2.9966744137527E-03  9.2140060652991E-01  5.7484800000000E+10
 61  5.7210331104406E-01  2.7510157613282E-01  2.8769072798117E-03  8.9700975896177E-01  5.7484800000000E+10
 62  5.5704935094952E-01  2.6786209429525E-01  2.8081285674502E-03  8.7362665362842E-01  5.7484800000000E+10
 63  5.4239092112900E-01  2.6081328927730E-01  2.7825491318135E-03  8.5039227755977E-01  5.7484800000000E+10
 64  5.2811868119223E-01  2.5395059343545E-01  2.6919965021136E-03  8.2822991917592E-01  5.7484800000000E+10
 65  5.1422134727651E-01  2.4726867224209E-01  2.6041159631425E-03  8.0644223173883E-01  5.7484800000000E+10
 66  5.0068985841935E-01  2.4076203839250E-01  2.5384934968191E-03  7.8525409667602E-01  5.7484800000000E+10
 67  4.8751501934867E-01  2.3442630631135E-01  2.4738286695100E-03  7.6457589838240E-01  5.7484800000000E+10
 68  4.7468582436097E-01  2.2825736007802E-01  2.4010861181423E-03  7.4446209089702E-01  5.7484800000000E+10
 69  4.6219530207324E-01  2.2225111254512E-01  2.3772829291121E-03  7.2487040513261E-01  5.7484800000000E+10
 70  4.5003301258771E-01  2.1640312429727E-01  2.3076469525915E-03  7.0587460207263E-01  5.7484800000000E+10
 71  4.3819048490156E-01  2.1070902120808E-01  2.2129403956562E-03  6.8727842062810E-01  5.7484800000000E+10
 72  4.2665977129466E-01  2.0516368859796E-01  2.1639840962927E-03  6.6927677386278E-01  5.7484800000000E+10
 73  4.1543260299471E-01  1.9976498715432E-01  2.0915228418058E-03  6.5153130207844E-01  5.7484800000000E+10
 74  4.0450061247573E-01  1.9450881848498E-01  2.0605856853552E-03  6.3435351930882E-01  5.7484800000000E+10
 75  3.9385664134943E-01  1.8939062379269E-01  1.9964191615414E-03  6.1780745724704E-01  5.7484800000000E+10
 76  3.8349217631457E-01  1.8440684703804E-01  1.9309812881643E-03  6.0148962024215E-01  5.7484800000000E+10
 77  3.7340127983151E-01  1.7955405398955E-01  1.8913431457940E-03  5.8559095610521E-01  5.7484800000000E+10
 78  3.6357520975438E-01  1.7482902026275E-01  1.8447069599219E-03  5.7018742461925E-01  5.7484800000000E+10
 79  3.5400804311872E-01  1.7022869646924E-01  1.7982089881591E-03  5.5527572541118E-01  5.7484800000000E+10
 80  3.4469220764064E-01  1.6574943682967E-01  1.7374815838877E-03  5.4071242108761E-01  5.7484800000000E+10
 81  3.3562169100569E-01  1.6138797427704E-01  1.6913552814361E-03  5.2637343432458E-01  5.7484800000000E+10
 82  3.2679028440158E-01  1.5714102805136E-01  1.6728852329264E-03  5.1259012611208E-01  5.7484800000000E+10
 83  3.1819075919468E-01  1.5300553231896E-01  1.6184142600173E-03  4.9915883786074E-01  5.7484800000000E+10
 84  3.0981828118828E-01  1.4897926664795E-01  1.5680946978217E-03  4.8601360300543E-01  5.7484800000000E+10
 85  3.0166513759095E-01  1.4505906860665E-01  1.5343308063815E-03  4.7319073398766E-01  5.7484800000000E+10
 86  2.9372717825011E-01  1.4124225560636E-01  1.4814496741579E-03  4.6076617729113E-01  5.7484800000000E+10
 87  2.8599754294004E-01  1.3752516778248E-01  1.4410266809849E-03  4.4863541527269E-01  5.7484800000000E+10
 88  2.7847188077498E-01  1.3390642594550E-01  1.4092818495216E-03  4.3697278888107E-01  5.7484800000000E+10
 89  2.7114369087042E-01  1.3038233670689E-01  1.3624508244233E-03  4.2532744827812E-01  5.7484800000000E+10
 90  2.6400919393818E-01  1.2695153634843E-01  1.3425763708469E-03  4.1416784094558E-01  5.7484800000000E+10
 91  2.5706156650379E-01  1.2361106555215E-01  1.3035988649089E-03  4.0335741494660E-01  5.7484800000000E+10
 92  2.5029712430076E-01  1.2035801694713E-01  1.2656002303529E-03  3.9266347160697E-01  5.7484800000000E+10
 93  2.4371082768361E-01  1.1719088989463E-01  1.2449668687102E-03  3.8233442937981E-01  5.7484800000000E+10
 94  2.3729759368960E-01  1.1410714056025E-01  1.2020843559794E-03  3.7233930683153E-01  5.7484800000000E+10
 95  2.3105307398743E-01  1.1110422376560E-01  1.1707400909964E-03  3.6265867320936E-01  5.7484800000000E+10
 96  2.2497377412491E-01  1.0818105751593E-01  1.1424616770010E-03  3.5293402545860E-01  5.7484800000000E+10
 97  2.1905671744780E-01  1.0533574516256E-01  1.1035213956004E-03  3.4386061158791E-01  5.7484800000000E+10
 98  2.1327073664811E-01  1.0255313158307E-01  1.0703283372851E-03  3.3476582096897E-01  5.7484800000000E+10
 99  2.0746714918157E-01  9.9755540635627E-02  1.0762980338172E-03  3.2550629292666E-01  5.7484800000000E+10
100  2.0244837982111E-01  9.7336865153188E-02  1.0255407358511E-03  3.1746716261032E-01  5.7484800000000E+10
 
 field : TRAC05   ; Iter =      5760 ; region #   0 ; nb.Lev = 100
 k | --   Average    -- | --   Std.Dev    -- | --     min      -- | --     max      -- | --    Vol
  0  1.0013564241688E+00  1.4344653895134E+00  1.9549975556750E-14  5.6671450264283E+00  5.7484800000000E+12
  1  1.2126388614356E+00  5.6722775167124E-01  2.4861642518333E-01  3.9841534637227E+00  5.7484800000000E+10
  2  1.4264620219593E+00  6.6547294235695E-01  2.9508158631472E-01  4.0687584873341E+00  5.7484800000000E+10
  3  1.6526095766710E+00  7.6591241472266E-01  3.1739478260492E-01  4.0892948270235E+00  5.7484800000000E+10
  4  1.8503069913962E+00  8.4452463057321E-01  3.4997481891749E-01  4.2781203972914E+00  5.7484800000000E+10
  5  2.0303721006784E+00  9.1522725397707E-01  3.8077850245171E-01  5.0070495983323E+00  5.7484800000000E+10
  6  2.1965948424319E+00  9.7929407446034E-01  4.0839715802030E-01  5.0848113447471E+00  5.7484800000000E+10
  7  2.3451423308144E+00  1.0318479891632E+00  4.5266861009401E-01  5.2134442162844E+00  5.7484800000000E+10
  8  2.4766380523977E+00  1.0810054743923E+00  5.0114216713430E-01  5.2134442432484E+00  5.7484800000000E+10
  9  2.5942055771831E+00  1.1307950337381E+00  5.5651595211351E-01  5.2907153426941E+00  5.7484800000000E+10
 10  2.6960179291247E+00  1.1728296252786E+00  6.0511803455951E-01  5.4828927028830E+00  5.7484800000000E+10
 11  2.7862451772910E+00  1.2061706317984E+00  6.0180225366825E-01  5.4971190498266E+00  5.7484800000000E+10
 12  2.8698963909636E+00  1.2356897685198E+00  6.1084654817918E-01  5.4983438348399E+00  5.7484800000000E+10
 13  2.9423133932964E+00  1.2560915454267E+00  6.6766853964213E-01  5.4302488731991E+00  5.7484800000000E+10
 14  3.0050317718668E+00  1.2720085979980E+00  6.6439006324125E-01  5.4464063485122E+00  5.7484800000000E+10
 15  3.0564999426686E+00  1.2842857361485E+00  6.9746148214081E-01  5.5063565853567E+00  5.7484800000000E+10
 16  3.0969118816984E+00  1.2904724512242E+00  8.1213292024135E-01  5.5048552219197E+00  5.7484800000000E+10
 17  3.1306320802513E+00  1.2943496634604E+00  8.4837763612106E-01  5.4701621121308E+00  5.7484800000000E+10
 18  3.1575224930066E+00  1.2963609955880E+00  8.0287186852039E-01  5.3859893109451E+00  5.7484800000000E+10
 19  3.1798525543100E+00  1.2997337697116E+00  7.9792087070856E-01  5.3385073968994E+00  5.7484800000000E+10
 20  3.1978298679566E+00  1.3033863798522E+00  7.5684174215749E-01  5.5728227288623E+00  5.7484800000000E+10
 21  3.2113882750829E+00  1.3061413128465E+00  8.0072565888672E-01  5.6297465894344E+00  5.7484800000000E+10
 22  3.2184115196963E+00  1.3035931336513E+00  8.2288395578529E-01  5.6671450264283E+00  5.7484800000000E+10
 23  3.2200594092258E+00  1.2964415825382E+00  8.8436063959475E-01  5.6296994572964E+00  5.7484800000000E+10
 24  3.2160530546166E+00  1.2864898488526E+00  8.8436731499331E-01  5.6307126963904E+00  5.7484800000000E+10
 25  3.2046106082951E+00  1.2735495243751E+00  8.8436731499331E-01  5.5926566356270E+00  5.7484800000000E+10
 26  3.1854712662741E+00  1.2583974681203E+00  8.8775430603174E-01  5.5478835142731E+00  5.7484800000000E+10
 27  3.1549360087068E+00  1.2412030349717E+00  9.2461290127653E-01  5.5079931465407E+00  5.7484800000000E+10
 28  3.1022075614972E+00  1.2169194560867E+00  9.1072136792717E-01  5.2436086730823E+00  5.7484800000000E+10
 29  3.0271594184062E+00  1.1845307849716E+00  9.0892302636918E-01  5.2436086730823E+00  5.7484800000000E+10
 30  2.8330629954045E+00  1.1074339298609E+00  8.6405818326218E-01  5.0554508630996E+00  5.7484800000000E+10
 31  2.4429886689414E+00  9.4842425245374E-01  7.7421095977930E-01  4.1630686303964E+00  5.7484800000000E+10
 32  2.1368143308072E+00  8.3377656669172E-01  6.9298911469077E-01  3.3647200198725E+00  5.7484800000000E+10
 33  1.9219840437868E+00  7.5398267099942E-01  6.2382001728659E-01  2.9553159151456E+00  5.7484800000000E+10
 34  1.7226588666384E+00  6.7762015662439E-01  5.5717783849763E-01  2.6398787618159E+00  5.7484800000000E+10
 35  1.5246510007667E+00  6.0064005551447E-01  4.9214965496286E-01  2.3310938842396E+00  5.7484800000000E+10
 36  1.3346078479752E+00  5.2588207918881E-01  4.3030412772549E-01  2.0406527799997E+00  5.7484800000000E+10
 37  1.1575952095991E+00  4.5608676171951E-01  3.7327465586383E-01  1.7688301829830E+00  5.7484800000000E+10
 38  9.9524484417737E-01  3.9210847835553E-01  3.1943407244130E-01  1.5206469144832E+00  5.7484800000000E+10
 39  8.4809635738427E-01  3.3413005954744E-01  2.7206187124738E-01  1.2954499684389E+00  5.7484800000000E+10
 40  7.1630846351891E-01  2.8220546122164E-01  2.3119702858761E-01  1.0936476436762E+00  5.7484800000000E+10
 41  5.9964282687109E-01  2.3624239706270E-01  1.9349256007056E-01  9.1556268114436E-01  5.7484800000000E+10
 42  4.9753511617146E-01  1.9601525313811E-01  1.6004934419139E-01  7.6068884733119E-01  5.7484800000000E+10
 43  4.0916268730808E-01  1.6119847016722E-01  1.3158097538950E-01  6.2612583927937E-01  5.7484800000000E+10
 44  3.3350744686887E-01  1.3139380346863E-01  1.0742222854284E-01  5.0931768533724E-01  5.7484800000000E+10
 45  2.6943336879543E-01  1.0615042999935E-01  8.6739583980104E-02  4.1188107495069E-01  5.7484800000000E+10
 46  2.1574292143658E-01  8.4997998197751E-02  6.9065271932059E-02  3.2992051811022E-01  5.7484800000000E+10
 47  1.7122120530419E-01  6.7458432781375E-02  5.4743084557478E-02  2.6194276681906E-01  5.7484800000000E+10
 48  1.3468490020393E-01  5.3064441300594E-02  4.3127262057431E-02  2.0619689505691E-01  5.7484800000000E+10
 49  1.0500701348029E-01  4.1371969679967E-02  3.3562444728472E-02  1.6046455571700E-01  5.7484800000000E+10
 50  8.1143051435607E-02  3.1969978240803E-02  2.5883517452327E-02  1.2407200726929E-01  5.7484800000000E+10
 51  6.2147363090573E-02  2.4486345826235E-02  1.9860956554366E-02  9.5169624643916E-02  5.7484800000000E+10
 52  4.7177183661584E-02  1.8588272375474E-02  1.5096571897552E-02  7.2352756082871E-02  5.7484800000000E+10
 53  3.5495920061594E-02  1.3985784226908E-02  1.1364155620559E-02  5.4345939051854E-02  5.7484800000000E+10
 54  2.6470274116724E-02  1.0429938278553E-02  8.5235566939122E-03  4.0591517281869E-02  5.7484800000000E+10
 55  1.9564832891541E-02  7.7091108103231E-03  6.2478181230059E-03  3.0011771731905E-02  5.7484800000000E+10
 56  1.4332779248748E-02  5.6475347077326E-03  4.5799619810288E-03  2.2013352576880E-02  5.7484800000000E+10
 57  1.0406896851878E-02  4.1006388894706E-03  3.3426543414685E-03  1.5942169963296E-02  5.7484800000000E+10
 58  7.4893141685339E-03  2.9510870569859E-03  2.4095100374285E-03  1.1459623127478E-02  5.7484800000000E+10
 59  5.3419620207331E-03  2.1050478791868E-03  1.7217907345393E-03  8.1857524848995E-03  5.7484800000000E+10
 60  3.7766117673966E-03  1.4882391343373E-03  1.2148568285869E-03  5.7941274719310E-03  5.7484800000000E+10
 61  2.6462318233717E-03  1.0427987372711E-03  8.4554919711180E-04  4.0600401391554E-03  5.7484800000000E+10
 62  1.8377747828124E-03  7.2422395163668E-04  5.8326398758134E-04  2.8239667044729E-03  5.7484800000000E+10
 63  1.2649927074861E-03  4.9852512301163E-04  4.0374117697566E-04  1.9527877963466E-03  5.7484800000000E+10
 64  8.6303349288440E-04  3.4011490535996E-04  2.7763109317275E-04  1.3266420664612E-03  5.7484800000000E+10
 65  5.8357037173510E-04  2.2998290678844E-04  1.8739808543020E-04  8.9897204240386E-04  5.7484800000000E+10
 66  3.9110176391145E-04  1.5413941945378E-04  1.2488847014289E-04  6.0121994508917E-04  5.7484800000000E+10
 67  2.5979384587568E-04  1.0238969573246E-04  8.2761735196001E-05  4.0023285778284E-04  5.7484800000000E+10
 68  1.7103695617483E-04  6.7408872917734E-05  5.4246608044578E-05  2.6307629404916E-04  5.7484800000000E+10
 69  1.1160838197520E-04  4.3989252529680E-05  3.5511076554978E-05  1.7214416307035E-04  5.7484800000000E+10
 70  7.2182735359967E-05  2.8450520292189E-05  2.3067074464479E-05  1.1124597913806E-04  5.7484800000000E+10
 71  4.6269403762015E-05  1.8237387558778E-05  1.4781169723367E-05  7.1403790336199E-05  5.7484800000000E+10
 72  2.9395921644894E-05  1.1586491061580E-05  9.3874704091239E-06  4.5396076827522E-05  5.7484800000000E+10
 73  1.8510672483546E-05  7.2960503605973E-06  5.9122203034470E-06  2.8635201264663E-05  5.7484800000000E+10
 74  1.1552727829054E-05  4.5537441086174E-06  3.7097633472241E-06  1.7899787039078E-05  5.7484800000000E+10
 75  7.1463077722757E-06  2.8168782675633E-06  2.2831405690082E-06  1.1063690377917E-05  5.7484800000000E+10
 76  4.3812630835567E-06  1.7270183636752E-06  1.4006294018487E-06  6.7739756483039E-06  5.7484800000000E+10
 77  2.6623689192745E-06  1.0494391889101E-06  8.4767756562082E-07  4.1110048701919E-06  5.7484800000000E+10
 78  1.6034644926587E-06  6.3202524964587E-07  5.1368114969003E-07  2.4806363970190E-06  5.7484800000000E+10
 79  9.5717391573508E-07  3.7730474256581E-07  3.0692874533480E-07  1.4893839628937E-06  5.7484800000000E+10
 80  5.6630972825570E-07  2.2323010483881E-07  1.8081502329484E-07  8.7872425022648E-07  5.7484800000000E+10
 81  3.3208578472172E-07  1.3090248662669E-07  1.0515623715151E-07  5.1523344586237E-07  5.7484800000000E+10
 82  1.9301102625258E-07  7.6082016720759E-08  6.0894823501525E-08  3.0134469666631E-07  5.7484800000000E+10
 83  1.1118138282265E-07  4.3825768189100E-08  3.5413739359513E-08  1.7387792477551E-07  5.7484800000000E+10
 84  6.3480065568306E-08  2.5023450475133E-08  2.0293934328654E-08  9.9492122565582E-08  5.7484800000000E+10
 85  3.5920919320630E-08  1.4160128133053E-08  1.1467914320156E-08  5.5936477326164E-08  5.7484800000000E+10
 86  2.0147028714916E-08  7.9420952001313E-09  6.4419463009892E-09  3.1560071685497E-08  5.7484800000000E+10
 87  1.1199257764630E-08  4.4148006366533E-09  3.5311723529724E-09  1.7479189651382E-08  5.7484800000000E+10
 88  6.1704081958476E-09  2.4325552084192E-09  1.9404844993755E-09  9.6324407581324E-09  5.7484800000000E+10
 89  3.3692704712858E-09  1.3283628652875E-09  1.0577570237966E-09  5.2514320622066E-09  5.7484800000000E+10
 90  1.8234436906861E-09  7.1903903750138E-10  5.7196184353239E-10  2.8457872326256E-09  5.7484800000000E+10
 91  9.7790706206021E-10  3.8577213415860E-10  3.0979697674714E-10  1.5452413532918E-09  5.7484800000000E+10
 92  5.1966430721672E-10  2.0513733169690E-10  1.6439761557240E-10  8.1456705711815E-10  5.7484800000000E+10
 93  2.7354992884404E-10  1.0811929457027E-10  8.6352582286325E-11  4.3139993046371E-10  5.7484800000000E+10
 94  1.4254133484816E-10  5.6487100639059E-11  4.4961172906428E-11  2.2378057893096E-10  5.7484800000000E+10
 95  7.3438195658160E-11  2.9250704384458E-11  2.2787485544394E-11  1.1673762321205E-10  5.7484800000000E+10
 96  3.7315942705238E-11  1.5016850339812E-11  1.1418413618951E-11  5.9461475212221E-11  5.7484800000000E+10
 97  1.8605690277941E-11  7.6429793121132E-12  5.3906292472932E-12  2.9949202190321E-11  5.7484800000000E+10
 98  8.9923784269256E-12  3.8548301852466E-12  2.3122610334565E-12  1.4705281284112E-11  5.7484800000000E+10
 99  4.0324707581233E-12  1.8992064857349E-12  7.4398666047463E-13  6.7658511005271E-12  5.7484800000000E+10
100  1.7375737350759E-12  9.9443176249332E-13  1.9549975556750E-14  3.1527175806269E-12  5.7484800000000E+10
 
 field : TRAC01   ; Iter =      7200 ; region #   0 ; nb.Lev = 100
 k | --   Average    -- | --   Std.Dev    -- | --     min      -- | --     max      -- | --    Vol
  0  9.9999999668026E-01  5.7923091985371E-01  3.1676224775496E-04  1.9925308941977E+00  5.7484800000000E+12
  1  1.9406482639637E+00  3.7906104760919E-02  1.7530742976432E+00  1.9925308941977E+00  5.7484800000000E+10
  2  1.9161715383338E+00  4.1678379422401E-02  1.7090385234061E+00  1.9823273531536E+00  5.7484800000000E+10
  3  1.8897955910794E+00  4.5611963756735E-02  1.6673453771240E+00  1.9689057385738E+00  5.7484800000000E+10
  4  1.8671096297232E+00  4.7471507423243E-02  1.6323052255098E+00  1.9572018968619E+00  5.7484800000000E+10
  5  1.8467972848953E+00  4.7940658233478E-02  1.6325370894790E+00  1.9558090470577E+00  5.7484800000000E+10
  6  1.8275739110050E+00  4.8006766890092E-02  1.6115702705535E+00  1.9506046554461E+00  5.7484800000000E+10
  7  1.8092489548860E+00  4.7176900546950E-02  1.6064644213032E+00  1.9281339273949E+00  5.7484800000000E+10
  8  1.7920939189311E+00  4.6832582612137E-02  1.6133213343140E+00  1.9133416534840E+00  5.7484800000000E+10
  9  1.7761201642583E+00  4.7786366629626E-02  1.6075528477136E+00  1.9048828898431E+00  5.7484800000000E+10
 10  1.7614830610984E+00  4.9413527377218E-02  1.6005352541323E+00  1.8878364963042E+00  5.7484800000000E+10
 11  1.7475290398980E+00  5.0349119472685E-02  1.5838698531398E+00  1.8908498544754E+00  5.7484800000000E+10
 12  1.7335719146057E+00  5.1020390316917E-02  1.5742068961683E+00  1.8907128745670E+00  5.7484800000000E+10
 13  1.7203247110462E+00  5.1019881682398E-02  1.5705689033585E+00  1.8754096836528E+00  5.7484800000000E+10
 14  1.7077165600105E+00  5.0998761066967E-02  1.5613095196353E+00  1.8751144013972E+00  5.7484800000000E+10
 15  1.6961032987351E+00  5.0607418885348E-02  1.5367958665404E+00  1.8697682342194E+00  5.7484800000000E+10
 16  1.6857030002117E+00  4.9226355525016E-02  1.5309120568176E+00  1.8483287815641E+00  5.7484800000000E+10
 17  1.6764301259221E+00  4.7162982494709E-02  1.5386285642762E+00  1.8509018281770E+00  5.7484800000000E+10
 18  1.6675515925355E+00  4.5095078731370E-02  1.5347167458820E+00  1.8519661865084E+00  5.7484800000000E+10
 19  1.6587059331630E+00  4.4178690763351E-02  1.5235848791519E+00  1.8447489840076E+00  5.7484800000000E+10
 20  1.6499126549232E+00  4.4509061774864E-02  1.5026193512116E+00  1.8447512606596E+00  5.7484800000000E+10
 21  1.6411525423042E+00  4.5449621802484E-02  1.4766391715645E+00  1.8435654512066E+00  5.7484800000000E+10
 22  1.6317508599626E+00  4.6106724559840E-02  1.4694077423275E+00  1.8296781528364E+00  5.7484800000000E+10
 23  1.6211669636513E+00  4.6980890996843E-02  1.4669996443143E+00  1.7867923356663E+00  5.7484800000000E+10
 24  1.6096010701519E+00  4.8495989256282E-02  1.4297435543672E+00  1.7779219386413E+00  5.7484800000000E+10
 25  1.5971647302053E+00  4.9919374580460E-02  1.4205125005969E+00  1.7770699911256E+00  5.7484800000000E+10
 26  1.5837137673032E+00  5.0012992498942E-02  1.3966712904604E+00  1.7757691415663E+00  5.7484800000000E+10
 27  1.5685842675538E+00  4.9237708690866E-02  1.3800640108227E+00  1.7634205953961E+00  5.7484800000000E+10
 28  1.5501282204724E+00  5.0314453312742E-02  1.3650035579571E+00  1.7248304745124E+00  5.7484800000000E+10
 29  1.5310060231812E+00  5.1787789448787E-02  1.3594633056339E+00  1.7029195873266E+00  5.7484800000000E+10
 30  1.4793360310701E+00  4.5589186761300E-02  1.3523609097641E+00  1.6514737540238E+00  5.7484800000000E+10
 31  1.4171597267906E+00  3.3519208240885E-02  1.3466281752434E+00  1.5667748073650E+00  5.7484800000000E+10
 32  1.3775016184153E+00  1.9345136030215E-02  1.3392998786919E+00  1.4869349819034E+00  5.7484800000000E+10
 33  1.3538998098830E+00  8.6898591099786E-03  1.3299865603322E+00  1.4036858896202E+00  5.7484800000000E+10
 34  1.3335672556470E+00  4.2286674324585E-03  1.3163387493483E+00  1.3653835843585E+00  5.7484800000000E+10
 35  1.3132675893859E+00  2.8140537308530E-03  1.2999374457120E+00  1.3381184124611E+00  5.7484800000000E+10
 36  1.2929904691183E+00  2.5672335368368E-03  1.2835510250500E+00  1.3251320049292E+00  5.7484800000000E+10
 37  1.2727580970753E+00  2.3269730520242E-03  1.2652200780857E+00  1.3024920462620E+00  5.7484800000000E+10
 38  1.2525411460781E+00  2.0731471213906E-03  1.2462115166801E+00  1.2740032680659E+00  5.7484800000000E+10
 39  1.2323335203938E+00  1.9199857989033E-03  1.2266433817298E+00  1.2482411582094E+00  5.7484800000000E+10
 40  1.2121295145857E+00  1.8147037564860E-03  1.2066303738578E+00  1.2267913318621E+00  5.7484800000000E+10
 41  1.1919259626921E+00  1.7270615180514E-03  1.1867875203823E+00  1.2047314130298E+00  5.7484800000000E+10
 42  1.1717226648225E+00  1.6501991111611E-03  1.1669520260046E+00  1.1835757849408E+00  5.7484800000000E+10
 43  1.1515202171258E+00  1.5808875127666E-03  1.1471965342520E+00  1.1625231183006E+00  5.7484800000000E+10
 44  1.1313176704481E+00  1.5203543026680E-03  1.1271072598490E+00  1.1414934486069E+00  5.7484800000000E+10
 45  1.1111149868329E+00  1.4637602353678E-03  1.1070405302526E+00  1.1199970078889E+00  5.7484800000000E+10
 46  1.0909126460584E+00  1.4123341135821E-03  1.0870855158143E+00  1.0995548284957E+00  5.7484800000000E+10
 47  1.0707099102191E+00  1.3658276245376E-03  1.0670515153790E+00  1.0788881106824E+00  5.7484800000000E+10
 48  1.0505076391584E+00  1.3230683178889E-03  1.0470330780091E+00  1.0582965486707E+00  5.7484800000000E+10
 49  1.0303056349789E+00  1.2799952680573E-03  1.0269879128829E+00  1.0374493166774E+00  5.7484800000000E+10
 50  1.0101034264488E+00  1.2416188761891E-03  1.0070052442207E+00  1.0168957865820E+00  5.7484800000000E+10
 51  9.8990091378135E-01  1.2058999941133E-03  9.8694110097322E-01  9.9650421181396E-01  5.7484800000000E+10
 52  9.6969887516825E-01  1.1716856468776E-03  9.6679103376036E-01  9.7598502734681E-01  5.7484800000000E+10
 53  9.4949702865709E-01  1.1366578571536E-03  9.4667348368402E-01  9.5552129319457E-01  5.7484800000000E+10
 54  9.2929446392586E-01  1.1046434908176E-03  9.2637604285366E-01  9.3526707303163E-01  5.7484800000000E+10
 55  9.0909227624995E-01  1.0745057613466E-03  9.0617538993442E-01  9.1495318664910E-01  5.7484800000000E+10
 56  8.8889045729683E-01  1.0450538426151E-03  8.8604757063933E-01  8.9467009540802E-01  5.7484800000000E+10
 57  8.6868874902678E-01  1.0154945557786E-03  8.6605404198700E-01  8.7429897803841E-01  5.7484800000000E+10
 58  8.4848614931939E-01  9.8400833151165E-04  8.4554068026856E-01  8.5378612692074E-01  5.7484800000000E+10
 59  8.2828357326801E-01  9.5991736669744E-04  8.2524091503713E-01  8.3334597065370E-01  5.7484800000000E+10
 60  8.0808229607192E-01  9.3577664977941E-04  8.0516919037275E-01  8.1272509476847E-01  5.7484800000000E+10
 61  7.8787979631598E-01  9.1037899728316E-04  7.8534458033660E-01  7.9226076782761E-01  5.7484800000000E+10
 62  7.6767776994173E-01  8.8657540751681E-04  7.6532347259743E-01  7.7190731503664E-01  5.7484800000000E+10
 63  7.4747513009732E-01  8.6594840089331E-04  7.4494196002760E-01  7.5165821123840E-01  5.7484800000000E+10
 64  7.2727388066479E-01  8.4415780908453E-04  7.2455272139747E-01  7.3153487242629E-01  5.7484800000000E+10
 65  7.0707164183313E-01  8.2178810875979E-04  7.0430756436672E-01  7.1144947280896E-01  5.7484800000000E+10
 66  6.8686893388954E-01  8.0638499634142E-04  6.8427580702028E-01  6.9110644200080E-01  5.7484800000000E+10
 67  6.6666758759184E-01  7.8833248071368E-04  6.6431277492927E-01  6.7075983217910E-01  5.7484800000000E+10
 68  6.4646501436700E-01  7.7084530851305E-04  6.4427276460447E-01  6.5088902140779E-01  5.7484800000000E+10
 69  6.2626320550016E-01  7.5021957187585E-04  6.2406971696937E-01  6.3065129750596E-01  5.7484800000000E+10
 70  6.0606154971224E-01  7.3238884254441E-04  6.0395030741070E-01  6.1010543868382E-01  5.7484800000000E+10
 71  5.8585916066619E-01  7.1994217748218E-04  5.8383143184697E-01  5.8965185321841E-01  5.7484800000000E+10
 72  5.6565666269432E-01  7.0007886724224E-04  5.6360282708567E-01  5.6948992992427E-01  5.7484800000000E+10
 73  5.4545525354977E-01  6.8674596971557E-04  5.4329297788202E-01  5.4937526963894E-01  5.7484800000000E+10
 74  5.2525296278991E-01  6.7453678624549E-04  5.2281002901152E-01  5.2874941520283E-01  5.7484800000000E+10
 75  5.0505132102715E-01  6.5616653296400E-04  5.0264880364745E-01  5.0861397201217E-01  5.7484800000000E+10
 76  4.8484857408216E-01  6.4325050687648E-04  4.8241381217111E-01  4.8839082795055E-01  5.7484800000000E+10
 77  4.6464712005824E-01  6.2704291404598E-04  4.6218968830212E-01  4.6806188298619E-01  5.7484800000000E+10
 78  4.4444502961014E-01  6.1152015330013E-04  4.4191864663618E-01  4.4773049350578E-01  5.7484800000000E+10
 79  4.2424281151968E-01  5.9831483369068E-04  4.2159436095614E-01  4.2780457548267E-01  5.7484800000000E+10
 80  4.0404044977027E-01  5.8719237346041E-04  4.0148190442129E-01  4.0763402730080E-01  5.7484800000000E+10
 81  3.8383832778437E-01  5.8271671685306E-04  3.8149204405315E-01  3.8725140963179E-01  5.7484800000000E+10
 82  3.6363679551357E-01  5.7350733532993E-04  3.6144965320574E-01  3.6704958733532E-01  5.7484800000000E+10
 83  3.4343395032900E-01  5.6781246982005E-04  3.4127580024569E-01  3.4693747380040E-01  5.7484800000000E+10
 84  3.2323319621739E-01  5.5791334212940E-04  3.2122607330032E-01  3.2679408936094E-01  5.7484800000000E+10
 85  3.0303047404323E-01  5.4481831279453E-04  3.0081688807987E-01  3.0657419014678E-01  5.7484800000000E+10
 86  2.8282866157612E-01  5.2687977418174E-04  2.8067086484456E-01  2.8627708192675E-01  5.7484800000000E+10
 87  2.6262602433531E-01  5.2653691523061E-04  2.6042582231781E-01  2.6565799754215E-01  5.7484800000000E+10
 88  2.4242443257426E-01  5.2433219306660E-04  2.4030827456261E-01  2.4559858160351E-01  5.7484800000000E+10
 89  2.2222181634442E-01  5.2413753135984E-04  2.2010098275578E-01  2.2533851253881E-01  5.7484800000000E+10
 90  2.0202128920986E-01  5.1512374799583E-04  1.9978440930132E-01  2.0498765878772E-01  5.7484800000000E+10
 91  1.8181757081538E-01  5.0764618775725E-04  1.7953902933307E-01  1.8467229648153E-01  5.7484800000000E+10
 92  1.6161593780774E-01  5.1682012678876E-04  1.5940011797499E-01  1.6449209916180E-01  5.7484800000000E+10
 93  1.4141484028858E-01  5.1286350584179E-04  1.3916916790553E-01  1.4438102170238E-01  5.7484800000000E+10
 94  1.2121192920012E-01  5.0443993682247E-04  1.1893323513146E-01  1.2414562127647E-01  5.7484800000000E+10
 95  1.0101062581478E-01  4.9121931839663E-04  9.8827880117768E-02  1.0385307952137E-01  5.7484800000000E+10
 96  8.0813098954094E-02  4.8102147928905E-04  7.8820654369485E-02  8.3477214724005E-02  5.7484800000000E+10
 97  6.0625130547676E-02  4.5385508182328E-04  5.8482668281595E-02  6.3096724261692E-02  5.7484800000000E+10
 98  4.0298708609863E-02  4.3772839318084E-04  3.8231354876205E-02  4.2126608265495E-02  5.7484800000000E+10
 99  1.9245617615673E-02  4.7981755084741E-04  1.7151253340526E-02  2.0607377410211E-02  5.7484800000000E+10
100  1.0474707577713E-03  3.6759737141521E-04  3.1676224775496E-04  2.7619133357992E-03  5.7484800000000E+10
 
 field : TRAC02   ; Iter =      7200 ; region #   0 ; nb.Lev = 100
 k | --   Average    -- | --   Std.Dev    -- | --     min      -- | --     max      -- | --    Vol
  0  1.0000000026777E+00  4.6896421267268E-01  5.3811985857914E-03  1.4304178066243E+00  5.7484800000000E+12
  1  5.4216364334093E-02  4.0685359456481E-02  5.3811985857914E-03  2.7133044003699E-01  5.7484800000000E+10
  2  7.7870368002667E-02  4.6414918512880E-02  1.3393935893389E-02  3.2879216040852E-01  5.7484800000000E+10
  3  1.0459610576020E-01  5.2503677548996E-02  2.1877663832005E-02  3.7893677762088E-01  5.7484800000000E+10
  4  1.2854812680079E-01  5.6088484174292E-02  3.3396835461141E-02  4.2452530097092E-01  5.7484800000000E+10
  5  1.5075862501132E-01  5.7875017115521E-02  3.4194682264111E-02  4.2245486089984E-01  5.7484800000000E+10
  6  1.7250654974856E-01  5.9001437719235E-02  3.9142846023690E-02  4.5616255019031E-01  5.7484800000000E+10
  7  1.9398544337931E-01  5.8975709389471E-02  5.8865537805103E-02  4.6274170402750E-01  5.7484800000000E+10
  8  2.1474299733280E-01  5.9555900659706E-02  8.2111579133536E-02  4.5402129522258E-01  5.7484800000000E+10
  9  2.3458193459761E-01  6.1598263050747E-02  9.4998954777086E-02  4.6147614625917E-01  5.7484800000000E+10
 10  2.5314262121193E-01  6.4345232447439E-02  9.9538793762179E-02  4.7060823561224E-01  5.7484800000000E+10
 11  2.7115412235227E-01  6.6003325429769E-02  9.6440573088172E-02  4.9326695793821E-01  5.7484800000000E+10
 12  2.8942325050141E-01  6.7335540816101E-02  9.6584259474521E-02  5.1303840585361E-01  5.7484800000000E+10
 13  3.0696600109327E-01  6.7882502610820E-02  1.1909373080114E-01  5.1858777514231E-01  5.7484800000000E+10
 14  3.2380900183436E-01  6.8375921714158E-02  1.1366027282222E-01  5.3411886549458E-01  5.7484800000000E+10
 15  3.3946348853098E-01  6.8306749197181E-02  1.1966488539024E-01  5.6834725789568E-01  5.7484800000000E+10
 16  3.5359762641494E-01  6.6818790011327E-02  1.4178286712879E-01  5.7620433355895E-01  5.7484800000000E+10
 17  3.6637336899238E-01  6.4331602492144E-02  1.3876150911571E-01  5.6416108375300E-01  5.7484800000000E+10
 18  3.7870446737981E-01  6.1886441004437E-02  1.3789505228348E-01  5.7172780314582E-01  5.7484800000000E+10
 19  3.9118296817868E-01  6.1016037409811E-02  1.4768613893861E-01  5.8785405571768E-01  5.7484800000000E+10
 20  4.0375095091999E-01  6.1913261402664E-02  1.4730470977967E-01  6.2208254402606E-01  5.7484800000000E+10
 21  4.1638469220353E-01  6.3690919914537E-02  1.4854100236236E-01  6.6313373009648E-01  5.7484800000000E+10
 22  4.3005952467957E-01  6.5151945870337E-02  1.6637165075419E-01  6.7432407342336E-01  5.7484800000000E+10
 23  4.4549767933283E-01  6.7105210424749E-02  2.3111706954615E-01  6.7810466273877E-01  5.7484800000000E+10
 24  4.6250397681012E-01  6.9941982601965E-02  2.3514895252499E-01  7.3808526872621E-01  5.7484800000000E+10
 25  4.8093054641705E-01  7.2630852676844E-02  2.3659089332864E-01  7.5182560817930E-01  5.7484800000000E+10
 26  5.0102639107396E-01  7.3343980092435E-02  2.3985943491347E-01  7.8836038667374E-01  5.7484800000000E+10
 27  5.2381997352154E-01  7.2800525313428E-02  2.4855731606422E-01  8.1471156345554E-01  5.7484800000000E+10
 28  5.5187172013666E-01  7.5034695897302E-02  2.9031368617246E-01  8.3805542201420E-01  5.7484800000000E+10
 29  5.8115149734313E-01  7.7786565866068E-02  3.3913695006951E-01  8.4639670196713E-01  5.7484800000000E+10
 30  6.6046713785643E-01  7.0130773800693E-02  4.1184788755563E-01  8.5672358698362E-01  5.7484800000000E+10
 31  7.5705779910702E-01  5.2075314580132E-02  5.2771816595459E-01  8.6535505381628E-01  5.7484800000000E+10
 32  8.1844969477245E-01  2.9929429971471E-02  6.5201919851605E-01  8.7606922454480E-01  5.7484800000000E+10
 33  8.5412854206221E-01  1.3140902847183E-02  7.7784750504122E-01  8.8933956321305E-01  5.7484800000000E+10
 34  8.8393343393243E-01  6.1436132444770E-03  8.3663953092493E-01  9.0857618904626E-01  5.7484800000000E+10
 35  9.1289758367366E-01  3.9736438248616E-03  8.7736447278022E-01  9.3149728763896E-01  5.7484800000000E+10
 36  9.4101315200128E-01  3.5410770243000E-03  8.9597900461614E-01  9.5382017364307E-01  5.7484800000000E+10
 37  9.6819110102290E-01  3.1009770784527E-03  9.2770492718283E-01  9.7810377629204E-01  5.7484800000000E+10
 38  9.9442791154578E-01  2.6557421598839E-03  9.6641911072212E-01  1.0024463234259E+00  5.7484800000000E+10
 39  1.0196996145254E+00  2.3644613615011E-03  9.9989969153498E-01  1.0266471388660E+00  5.7484800000000E+10
 40  1.0439896166285E+00  2.1455794813050E-03  1.0264796485195E+00  1.0504285949915E+00  5.7484800000000E+10
 41  1.0672847103872E+00  1.9558781798831E-03  1.0526302344449E+00  1.0730544342849E+00  5.7484800000000E+10
 42  1.0895750809039E+00  1.7860008990574E-03  1.0766215518873E+00  1.0946940388159E+00  5.7484800000000E+10
 43  1.1108570277729E+00  1.6317546394153E-03  1.0993959463081E+00  1.1152888999865E+00  5.7484800000000E+10
 44  1.1311349001873E+00  1.4935739327841E-03  1.1210425367589E+00  1.1352361551483E+00  5.7484800000000E+10
 45  1.1504178346665E+00  1.3660538422125E-03  1.1420494757881E+00  1.1541894584652E+00  5.7484800000000E+10
 46  1.1687196855205E+00  1.2497496135229E-03  1.1610110347907E+00  1.1720843545301E+00  5.7484800000000E+10
 47  1.1860599441028E+00  1.1440111112088E-03  1.1791458556538E+00  1.1890996390609E+00  5.7484800000000E+10
 48  1.2024605793163E+00  1.0472464361701E-03  1.1962438355387E+00  1.2051877503037E+00  5.7484800000000E+10
 49  1.2179478339454E+00  9.5596102572740E-04  1.2125698133104E+00  1.2204070613259E+00  5.7484800000000E+10
 50  1.2325508070743E+00  8.7366386793764E-04  1.2277330632409E+00  1.2347155438613E+00  5.7484800000000E+10
 51  1.2463003687765E+00  7.9823853373253E-04  1.2418937342002E+00  1.2482391160985E+00  5.7484800000000E+10
 52  1.2592285177584E+00  7.2886329960533E-04  1.2552934517857E+00  1.2610265020241E+00  5.7484800000000E+10
 53  1.2713691397604E+00  6.6349674427655E-04  1.2678276807405E+00  1.2730056423434E+00  5.7484800000000E+10
 54  1.2827571839807E+00  6.0446097128156E-04  1.2794680059668E+00  1.2843346251716E+00  5.7484800000000E+10
 55  1.2934268181415E+00  5.5051786573472E-04  1.2904058214901E+00  1.2949125784506E+00  5.7484800000000E+10
 56  1.3034129608734E+00  5.0088554153066E-04  1.3006247539487E+00  1.3047666859079E+00  5.7484800000000E+10
 57  1.3127504045001E+00  4.5490387189516E-04  1.3102231717141E+00  1.3139178427403E+00  5.7484800000000E+10
 58  1.3214737256260E+00  4.1155405392333E-04  1.3192453770799E+00  1.3226944762882E+00  5.7484800000000E+10
 59  1.3296159920247E+00  3.7446380983117E-04  1.3276263991971E+00  1.3307959027473E+00  5.7484800000000E+10
 60  1.3372093841827E+00  3.4038210302183E-04  1.3355136492999E+00  1.3382631826292E+00  5.7484800000000E+10
 61  1.3442865292733E+00  3.0845387978250E-04  1.3427959695858E+00  1.3451407067595E+00  5.7484800000000E+10
 62  1.3508774053979E+00  2.7966033306158E-04  1.3495396059936E+00  1.3516174900881E+00  5.7484800000000E+10
 63  1.3570117890995E+00  2.5407808451228E-04  1.3557797542987E+00  1.3577474980264E+00  5.7484800000000E+10
 64  1.3627173168929E+00  2.3036543342953E-04  1.3615507905215E+00  1.3634542891270E+00  5.7484800000000E+10
 65  1.3680216398412E+00  2.0838092138641E-04  1.3669063288131E+00  1.3687176018545E+00  5.7484800000000E+10
 66  1.3729502751691E+00  1.8987944906424E-04  1.3719458725259E+00  1.3735553414919E+00  5.7484800000000E+10
 67  1.3775272040107E+00  1.7239762288226E-04  1.3766299467892E+00  1.3780388693299E+00  5.7484800000000E+10
 68  1.3817761757708E+00  1.5640463721277E-04  1.3808740554905E+00  1.3822208781353E+00  5.7484800000000E+10
 69  1.3857186567821E+00  1.4126135216142E-04  1.3848843073459E+00  1.3861289859980E+00  5.7484800000000E+10
 70  1.3893754642536E+00  1.2783732242193E-04  1.3886623090620E+00  1.3897410076657E+00  5.7484800000000E+10
 71  1.3927662324540E+00  1.1652639835797E-04  1.3921506183429E+00  1.3930909963284E+00  5.7484800000000E+10
 72  1.3959091579948E+00  1.0499400050929E-04  1.3953335737812E+00  1.3962165319996E+00  5.7484800000000E+10
 73  1.3988213048423E+00  9.5401840130786E-05  1.3982742552193E+00  1.3991188892656E+00  5.7484800000000E+10
 74  1.4015191151528E+00  8.6794331721535E-05  1.4010662832090E+00  1.4018324386323E+00  5.7484800000000E+10
 75  1.4040175077590E+00  7.8206782309233E-05  1.4035917113542E+00  1.4043045061979E+00  5.7484800000000E+10
 76  1.4063308604380E+00  7.0925615620040E-05  1.4059368936416E+00  1.4065971775797E+00  5.7484800000000E+10
 77  1.4084721375807E+00  6.4030039967464E-05  1.4081208739718E+00  1.4087224417352E+00  5.7484800000000E+10
 78  1.4104539167750E+00  5.7766130619534E-05  1.4101430617713E+00  1.4106900808327E+00  5.7484800000000E+10
 79  1.4122876724794E+00  5.2293416738481E-05  1.4119753371328E+00  1.4125178977892E+00  5.7484800000000E+10
 80  1.4139841553714E+00  4.7456541979775E-05  1.4136917675081E+00  1.4141903057916E+00  5.7484800000000E+10
 81  1.4155533557029E+00  4.3537363006964E-05  1.4152977822362E+00  1.4157283394914E+00  5.7484800000000E+10
 82  1.4170045737918E+00  3.9678644592817E-05  1.4167673215015E+00  1.4171551643656E+00  5.7484800000000E+10
 83  1.4183466178456E+00  3.6272242396794E-05  1.4181207919289E+00  1.4184850080551E+00  5.7484800000000E+10
 84  1.4195873308785E+00  3.3005651580035E-05  1.4193758492395E+00  1.4197050715266E+00  5.7484800000000E+10
 85  1.4207344542136E+00  2.9769864885156E-05  1.4205402113788E+00  1.4208551351959E+00  5.7484800000000E+10
 86  1.4217947733380E+00  2.6625794117254E-05  1.4216202048305E+00  1.4219033313547E+00  5.7484800000000E+10
 87  1.4227748415420E+00  2.4556055714564E-05  1.4226326734501E+00  1.4228771078729E+00  5.7484800000000E+10
 88  1.4236805605933E+00  2.2625096040813E-05  1.4235428278026E+00  1.4237711733418E+00  5.7484800000000E+10
 89  1.4245175853471E+00  2.0873436819939E-05  1.4243935349577E+00  1.4246020777682E+00  5.7484800000000E+10
 90  1.4252909439076E+00  1.8988780715087E-05  1.4251810958876E+00  1.4253726199180E+00  5.7484800000000E+10
 91  1.4260056073802E+00  1.7259932097759E-05  1.4259082070423E+00  1.4260829480344E+00  5.7484800000000E+10
 92  1.4266658133801E+00  1.6237152020812E-05  1.4265749131348E+00  1.4267355517076E+00  5.7484800000000E+10
 93  1.4272757215827E+00  1.4893768384024E-05  1.4271896493476E+00  1.4273407327004E+00  5.7484800000000E+10
 94  1.4278391948248E+00  1.3525379427565E-05  1.4277600976743E+00  1.4278997779126E+00  5.7484800000000E+10
 95  1.4283596540637E+00  1.2173582958219E-05  1.4282886372366E+00  1.4284134429911E+00  5.7484800000000E+10
 96  1.4288403393686E+00  1.0996956004220E-05  1.4287793393339E+00  1.4288856314587E+00  5.7484800000000E+10
 97  1.4292841462434E+00  9.5784914515488E-06  1.4292320438452E+00  1.4293290370760E+00  5.7484800000000E+10
 98  1.4296963718078E+00  8.5124635900093E-06  1.4296601910463E+00  1.4297361411138E+00  5.7484800000000E+10
 99  1.4300894998439E+00  8.4097749846884E-06  1.4300656793485E+00  1.4301253197275E+00  5.7484800000000E+10
100  1.4304054942513E+00  6.1949415926886E-06  1.4303765938528E+00  1.4304178066243E+00  5.7484800000000E+10
 
 field : TRAC03   ; Iter =      7200 ; region #   0 ; nb.Lev = 100
 k | --   Average    -- | --   Std.Dev    -- | --     min      -- | --     max      -- | --    Vol
  0  1.0000000142739E+00  1.0256844732585E+00  1.6404549177464E-08  2.8965336135082E+00  5.7484800000000E+12
  1  9.4757949788501E-01  1.9850246117232E-01  6.8545372634491E-01  1.9151724215174E+00  5.7484800000000E+10
  2  1.0719454673825E+00  2.1946058381692E-01  7.3220816305164E-01  2.0824962849365E+00  5.7484800000000E+10
  3  1.2094074533858E+00  2.4114076167139E-01  7.9921302374026E-01  2.3481828118418E+00  5.7484800000000E+10
  4  1.3297375886848E+00  2.5039298033375E-01  8.5363291584766E-01  2.5312714904036E+00  5.7484800000000E+10
  5  1.4385948844448E+00  2.5151753051538E-01  8.5273629355171E-01  2.5282513709788E+00  5.7484800000000E+10
  6  1.5411426213468E+00  2.4975458207809E-01  8.8243211538486E-01  2.5623928466585E+00  5.7484800000000E+10
  7  1.6378591778295E+00  2.4246093957874E-01  9.9247563783571E-01  2.5851466557143E+00  5.7484800000000E+10
  8  1.7272187897901E+00  2.3718771147330E-01  1.0730601114244E+00  2.5490280335770E+00  5.7484800000000E+10
  9  1.8092400859412E+00  2.3836025254777E-01  1.1216339170674E+00  2.5761164902084E+00  5.7484800000000E+10
 10  1.8833178145583E+00  2.4274352077092E-01  1.2220093257555E+00  2.6835932161072E+00  5.7484800000000E+10
 11  1.9527010517759E+00  2.4425206759652E-01  1.2041909533681E+00  2.7115588503014E+00  5.7484800000000E+10
 12  2.0207683483298E+00  2.4430782943775E-01  1.2050879608688E+00  2.7167780540121E+00  5.7484800000000E+10
 13  2.0840709338891E+00  2.4084242632412E-01  1.2981243398862E+00  2.7255801060347E+00  5.7484800000000E+10
 14  2.1428785295319E+00  2.3689255431383E-01  1.2997692949656E+00  2.7287066264470E+00  5.7484800000000E+10
 15  2.1959718970029E+00  2.3183828995631E-01  1.3308446921172E+00  2.7832691435123E+00  5.7484800000000E+10
 16  2.2426804143104E+00  2.2254822442207E-01  1.4520851204366E+00  2.8140417158232E+00  5.7484800000000E+10
 17  2.2832690673538E+00  2.1078606203837E-01  1.4399755852923E+00  2.7997664318524E+00  5.7484800000000E+10
 18  2.3206434548176E+00  1.9896746311576E-01  1.4322596831862E+00  2.8113282644173E+00  5.7484800000000E+10
 19  2.3564454691958E+00  1.9141817978188E-01  1.4697884843191E+00  2.8484553780070E+00  5.7484800000000E+10
 20  2.3903160971931E+00  1.8864762328624E-01  1.4754845249176E+00  2.8506478601642E+00  5.7484800000000E+10
 21  2.4219707995436E+00  1.8754637186125E-01  1.4818378165180E+00  2.8877273347528E+00  5.7484800000000E+10
 22  2.4541353322125E+00  1.8332134059704E-01  1.5523251375929E+00  2.8948375768841E+00  5.7484800000000E+10
 23  2.4885715809611E+00  1.7734938012175E-01  1.7115279255772E+00  2.8894348387760E+00  5.7484800000000E+10
 24  2.5234280857863E+00  1.7298154756566E-01  1.7549842924583E+00  2.8891631632985E+00  5.7484800000000E+10
 25  2.5582437034009E+00  1.6775608781359E-01  1.7613071268859E+00  2.8914382554718E+00  5.7484800000000E+10
 26  2.5931607796104E+00  1.5774749178711E-01  1.7662890158284E+00  2.8914382554657E+00  5.7484800000000E+10
 27  2.6289501741252E+00  1.4537015014516E-01  1.8455268206039E+00  2.8914382554655E+00  5.7484800000000E+10
 28  2.6651157417081E+00  1.3525783895705E-01  2.0569252422281E+00  2.8914382554655E+00  5.7484800000000E+10
 29  2.6927864343532E+00  1.2440252715801E-01  2.1154232939870E+00  2.8965336135082E+00  5.7484800000000E+10
 30  2.7391055574988E+00  7.3564868904160E-02  2.2428021957618E+00  2.8684025053448E+00  5.7484800000000E+10
 31  2.7196079092812E+00  3.9375489142564E-02  2.5307074758951E+00  2.8319396972424E+00  5.7484800000000E+10
 32  2.6492717131522E+00  3.9577174603346E-02  2.4977874916427E+00  2.7936996006133E+00  5.7484800000000E+10
 33  2.5546681997977E+00  3.3951050924256E-02  2.4370857267205E+00  2.7047099985403E+00  5.7484800000000E+10
 34  2.4513339670302E+00  2.3315354228250E-02  2.3575699452642E+00  2.5902018952354E+00  5.7484800000000E+10
 35  2.3419685950563E+00  1.5864861295009E-02  2.2672086754278E+00  2.4745196069318E+00  5.7484800000000E+10
 36  2.2274019679497E+00  1.4568705976607E-02  2.1724820113957E+00  2.4054178078018E+00  5.7484800000000E+10
 37  2.1081373947775E+00  1.3797500799299E-02  2.0627966289701E+00  2.2795420222124E+00  5.7484800000000E+10
 38  1.9853167774425E+00  1.2698836467269E-02  1.9463748709702E+00  2.1147133727654E+00  5.7484800000000E+10
 39  1.8603570347805E+00  1.1930770571595E-02  1.8249780204598E+00  1.9590642171357E+00  5.7484800000000E+10
 40  1.7345847352954E+00  1.1301386501350E-02  1.7003932493463E+00  1.8260315334368E+00  5.7484800000000E+10
 41  1.6092503871059E+00  1.0674293661763E-02  1.5775868833275E+00  1.6886337518759E+00  5.7484800000000E+10
 42  1.4855260215627E+00  1.0028861274629E-02  1.4566613228858E+00  1.5579014629691E+00  5.7484800000000E+10
 43  1.3644782320937E+00  9.3644308191439E-03  1.3389994811616E+00  1.4300395782289E+00  5.7484800000000E+10
 44  1.2470419475471E+00  8.7046696569880E-03  1.2231066679791E+00  1.3057376725518E+00  5.7484800000000E+10
 45  1.1340273404150E+00  8.0362417326010E-03  1.1118280565459E+00  1.1832089651587E+00  5.7484800000000E+10
 46  1.0261125171910E+00  7.3779539829727E-03  1.0062578186112E+00  1.0716292926146E+00  5.7484800000000E+10
 47  9.2383373881670E-01  6.7391130118327E-03  9.0594887899946E-01  9.6460751540129E-01  5.7484800000000E+10
 48  8.2760296063705E-01  6.1216906858800E-03  8.1169478472749E-01  8.6400687861982E-01  5.7484800000000E+10
 49  7.3769906259777E-01  5.5150224877301E-03  7.2354677558509E-01  7.6880058484623E-01  5.7484800000000E+10
 50  6.5428072947543E-01  4.9477339623327E-03  6.4205755280944E-01  6.8164426701043E-01  5.7484800000000E+10
 51  5.7739961879336E-01  4.4138500555956E-03  5.6673219334971E-01  6.0185372599712E-01  5.7484800000000E+10
 52  5.0701209500022E-01  3.9149273277314E-03  4.9738981716326E-01  5.2821894039378E-01  5.7484800000000E+10
 53  4.4298493289893E-01  3.4434395243070E-03  4.3453050350284E-01  4.6144429656913E-01  5.7484800000000E+10
 54  3.8511073255456E-01  3.0156225623302E-03  3.7730680610455E-01  4.0159165225341E-01  5.7484800000000E+10
 55  3.3312835794324E-01  2.6263519844584E-03  3.2607202012371E-01  3.4760554463764E-01  5.7484800000000E+10
 56  2.8672585813665E-01  2.2735162050603E-03  2.8061438351969E-01  2.9944616478960E-01  5.7484800000000E+10
 57  2.4555596580946E-01  1.9544912238971E-03  2.4058994872656E-01  2.5646573444831E-01  5.7484800000000E+10
 58  2.0924695329183E-01  1.6649716765307E-03  2.0435020080481E-01  2.1830509926483E-01  5.7484800000000E+10
 59  1.7741716516719E-01  1.4188572068381E-03  1.7297175845890E-01  1.8500926847902E-01  5.7484800000000E+10
 60  1.4968035904360E-01  1.2023099194457E-03  1.4597837421409E-01  1.5569494352276E-01  5.7484800000000E+10
 61  1.2564852241991E-01  1.0101718037361E-03  1.2286703730915E-01  1.3057377979003E-01  5.7484800000000E+10
 62  1.0494924794173E-01  8.4492383251527E-04  1.0271971086150E-01  1.0899990917886E-01  5.7484800000000E+10
 63  8.7222106440582E-02  7.0433048914535E-04  8.5207022410258E-02  9.0650524966389E-02  5.7484800000000E+10
 64  7.2128511284689E-02  5.8326830367655E-04  7.0279916650767E-02  7.5092687408063E-02  5.7484800000000E+10
 65  5.9348610572956E-02  4.7916744165873E-04  5.7761195695143E-02  6.1927858710951E-02  5.7484800000000E+10
 66  4.8589103510603E-02  3.9444128497338E-04  4.7347543110663E-02  5.0694205563020E-02  5.7484800000000E+10
 67  3.9582237263168E-02  3.2210892081814E-04  3.8633681096555E-02  4.1264399517422E-02  5.7484800000000E+10
 68  3.2083578640058E-02  2.6125759680595E-04  3.1340031775546E-02  3.3600787853171E-02  5.7484800000000E+10
 69  2.5875861604067E-02  2.1009274452678E-04  2.5270863543458E-02  2.7134119835911E-02  5.7484800000000E+10
 70  2.0765046261946E-02  1.6821441899418E-04  2.0284688029075E-02  2.1717613624769E-02  5.7484800000000E+10
 71  1.6580269092949E-02  1.3510480820064E-04  1.6210241688148E-02  1.7295164841868E-02  5.7484800000000E+10
 72  1.3172677447180E-02  1.0663945102364E-04  1.2861092920157E-02  1.3757256894490E-02  5.7484800000000E+10
 73  1.0413198845268E-02  8.4433893574803E-05  1.0153578718426E-02  1.0900777516651E-02  5.7484800000000E+10
 74  8.1904907534481E-03  6.6612557392389E-05  7.9500217195194E-03  8.5444060455094E-03  5.7484800000000E+10
 75  6.4099930441202E-03  5.1811911402604E-05  6.2179257571765E-03  6.6929034828753E-03  5.7484800000000E+10
 76  4.9913079003368E-03  4.0268836536718E-05  4.8417986613263E-03  5.2183291838592E-03  5.7484800000000E+10
 77  3.8671367350836E-03  3.1074321059578E-05  3.7459035255271E-03  4.0395872091689E-03  5.7484800000000E+10
 78  2.9810331611986E-03  2.3793896238138E-05  2.8854302145065E-03  3.1089422255462E-03  5.7484800000000E+10
 79  2.2863421106805E-03  1.8202458567428E-05  2.2066370902919E-03  2.3950710875425E-03  5.7484800000000E+10
 80  1.7446275319343E-03  1.3876108753933E-05  1.6843534453850E-03  1.8307820798160E-03  5.7484800000000E+10
 81  1.3244573170803E-03  1.0635914543193E-05  1.2816500586825E-03  1.3871778764045E-03  5.7484800000000E+10
 82  1.0002987253957E-03  8.0911040090107E-06  9.6977293902492E-04  1.0490079691453E-03  5.7484800000000E+10
 83  7.5151528914084E-04  6.1018715580253E-06  7.2788514910855E-04  7.9023416527224E-04  5.7484800000000E+10
 84  5.6162201775538E-04  4.5920726729868E-06  5.4552596696148E-04  5.9120106002209E-04  5.7484800000000E+10
 85  4.1741630625152E-04  3.3846901614269E-06  4.0358982623580E-04  4.3960309381705E-04  5.7484800000000E+10
 86  3.0850056874581E-04  2.4699818689183E-06  2.9839803514928E-04  3.2472372364611E-04  5.7484800000000E+10
 87  2.2666394928050E-04  1.8396075564177E-06  2.1899284241480E-04  2.3734680795219E-04  5.7484800000000E+10
 88  1.6550273640055E-04  1.3719499879906E-06  1.6010004456985E-04  1.7388067651721E-04  5.7484800000000E+10
 89  1.2002814090883E-04  1.0119731329252E-06  1.1589865326463E-04  1.2598547869908E-04  5.7484800000000E+10
 90  8.6399041333784E-05  7.3846708628060E-07  8.3291305447887E-05  9.0642375670886E-05  5.7484800000000E+10
 91  6.1654091245894E-05  5.3049213070771E-07  5.9263704540904E-05  6.4637372527230E-05  5.7484800000000E+10
 92  4.3545881484770E-05  3.9468203042141E-07  4.1819512883666E-05  4.5761360335032E-05  5.7484800000000E+10
 93  3.0362268598700E-05  2.8516273813830E-07  2.9060469344597E-05  3.1982714147038E-05  5.7484800000000E+10
 94  2.0812871388264E-05  2.0223796136207E-07  1.9894520406347E-05  2.1990653570719E-05  5.7484800000000E+10
 95  1.3933007686199E-05  1.4188611109233E-07  1.3282445144823E-05  1.4767261037381E-05  5.7484800000000E+10
 96  9.0018217392119E-06  9.8764120383690E-08  8.5874253159781E-06  9.5387434112899E-06  5.7484800000000E+10
 97  5.4865371553085E-06  6.6174344312390E-08  5.1711829086507E-06  5.8352316890546E-06  5.7484800000000E+10
 98  2.9856408225093E-06  4.5095833911779E-08  2.7725173836788E-06  3.1806620101735E-06  5.7484800000000E+10
 99  1.1793109234938E-06  3.2192482289386E-08  1.0488043687763E-06  1.2688971960392E-06  5.7484800000000E+10
100  5.4815000417025E-08  1.9281188322199E-08  1.6404549177464E-08  1.4441601080651E-07  5.7484800000000E+10
 
 field : TRAC04   ; Iter =      7200 ; region #   0 ; nb.Lev = 100
 k | --   Average    -- | --   Std.Dev    -- | --     min      -- | --     max      -- | --    Vol
  0  1.0019836032016E+00  9.2401114681344E-01  1.0285968171296E-03  4.3828106266829E+00  5.7484800000000E+12
  1  2.7838341273736E+00  1.3156106751404E+00  1.4562762605324E-02  4.3828106266829E+00  5.7484800000000E+10
  2  2.6861105203312E+00  1.2651751587539E+00  1.3993525984094E-02  4.3300695335100E+00  5.7484800000000E+10
  3  2.5828700921143E+00  1.2156235576597E+00  1.3221258734978E-02  4.2293760101408E+00  5.7484800000000E+10
  4  2.4967258100007E+00  1.1751594927154E+00  1.2297885120732E-02  4.1494804091645E+00  5.7484800000000E+10
  5  2.4208803527501E+00  1.1394017146210E+00  1.1280560611745E-02  4.0324548006614E+00  5.7484800000000E+10
  6  2.3509863943398E+00  1.1061463268703E+00  9.9324380289664E-03  3.9158703537940E+00  5.7484800000000E+10
  7  2.2861139024396E+00  1.0742527086602E+00  9.3072985593516E-03  3.8595303821776E+00  5.7484800000000E+10
  8  2.2260868988777E+00  1.0440686181386E+00  9.3051150950905E-03  3.8199088322759E+00  5.7484800000000E+10
  9  2.1712233576691E+00  1.0167971409194E+00  9.3305523167442E-03  3.7741779403294E+00  5.7484800000000E+10
 10  2.1218791616841E+00  9.9322935749551E-01  9.3991766236926E-03  3.7209331569643E+00  5.7484800000000E+10
 11  2.0762217482280E+00  9.7198981675115E-01  9.5050896246055E-03  3.6709468572468E+00  5.7484800000000E+10
 12  2.0314821920905E+00  9.5094746253204E-01  9.6301137086509E-03  3.6860165985925E+00  5.7484800000000E+10
 13  1.9901715411338E+00  9.3276809345259E-01  9.7403929429722E-03  3.6861592646927E+00  5.7484800000000E+10
 14  1.9520302181563E+00  9.1734269280959E-01  9.8203089296340E-03  3.6699484651620E+00  5.7484800000000E+10
 15  1.9182685987946E+00  9.0466707114688E-01  9.9008715145620E-03  3.6615410232808E+00  5.7484800000000E+10
 16  1.8883447323882E+00  8.9297212147361E-01  1.0017023131582E-02  3.6634919147836E+00  5.7484800000000E+10
 17  1.8616492906585E+00  8.8201926485082E-01  1.0154725492286E-02  3.6748185091167E+00  5.7484800000000E+10
 18  1.8360707339212E+00  8.7146467586150E-01  1.0303198310367E-02  3.6801930417216E+00  5.7484800000000E+10
 19  1.8101506437368E+00  8.6002593826472E-01  1.0421296904273E-02  3.6492807597426E+00  5.7484800000000E+10
 20  1.7834402700491E+00  8.4680767516191E-01  1.0478258560827E-02  3.2809935198794E+00  5.7484800000000E+10
 21  1.7572439308267E+00  8.3403124942225E-01  1.0494776633387E-02  3.2403592574082E+00  5.7484800000000E+10
 22  1.7306263838040E+00  8.2223921759218E-01  1.0515992093290E-02  3.2034159550017E+00  5.7484800000000E+10
 23  1.7020750170216E+00  8.0951927256528E-01  1.0648306681853E-02  3.1929601118838E+00  5.7484800000000E+10
 24  1.6709150683830E+00  7.9511701789160E-01  1.0849961423295E-02  3.1793836209131E+00  5.7484800000000E+10
 25  1.6378780497264E+00  7.8099028235101E-01  1.0934820323966E-02  3.1728692187776E+00  5.7484800000000E+10
 26  1.6036376791746E+00  7.6716285981676E-01  9.9894922002718E-03  3.0850898588125E+00  5.7484800000000E+10
 27  1.5676766757297E+00  7.5290900638323E-01  8.8898841989102E-03  3.0530713575379E+00  5.7484800000000E+10
 28  1.5256815077586E+00  7.3529833784623E-01  8.2671059773759E-03  3.0531220841328E+00  5.7484800000000E+10
 29  1.4792459471132E+00  7.1562231660736E-01  8.2636761390063E-03  3.0523288683447E+00  5.7484800000000E+10
 30  1.3841188101188E+00  6.6615687134943E-01  8.0042504752006E-03  2.7715161681506E+00  5.7484800000000E+10
 31  1.2812357353369E+00  6.1296509649033E-01  7.0540342657202E-03  2.1654113249279E+00  5.7484800000000E+10
 32  1.2215277851591E+00  5.8510701133453E-01  6.5185837326920E-03  1.9422105413907E+00  5.7484800000000E+10
 33  1.1914667570965E+00  5.7151047821903E-01  6.3778835370047E-03  1.8921411564136E+00  5.7484800000000E+10
 34  1.1665779642668E+00  5.5992388623706E-01  6.1279915589367E-03  1.8430047608606E+00  5.7484800000000E+10
 35  1.1405518509504E+00  5.4785698324611E-01  5.9130831227263E-03  1.7943040232255E+00  5.7484800000000E+10
 36  1.1133282214858E+00  5.3520361327062E-01  5.8016904136039E-03  1.7470692632972E+00  5.7484800000000E+10
 37  1.0849834709942E+00  5.2173426417404E-01  5.5723755193937E-03  1.7007437676499E+00  5.7484800000000E+10
 38  1.0564851456258E+00  5.0802987354051E-01  5.3945709402482E-03  1.6560196329618E+00  5.7484800000000E+10
 39  1.0286633941721E+00  4.9464201612519E-01  5.3549645689758E-03  1.6126054328795E+00  5.7484800000000E+10
 40  1.0015903278862E+00  4.8162238227677E-01  5.1931862357611E-03  1.5699909340310E+00  5.7484800000000E+10
 41  9.7523109216467E-01  4.6894808794354E-01  5.0044158445585E-03  1.5288119470521E+00  5.7484800000000E+10
 42  9.4956677925274E-01  4.5660646852897E-01  4.8440275708544E-03  1.4885452111856E+00  5.7484800000000E+10
 43  9.2457952519806E-01  4.4458981009909E-01  4.7316846009583E-03  1.4494669623381E+00  5.7484800000000E+10
 44  9.0024919218779E-01  4.3289060920148E-01  4.6291978395660E-03  1.4111961968364E+00  5.7484800000000E+10
 45  8.7655851198324E-01  4.2149997690149E-01  4.4534074782583E-03  1.3741732313496E+00  5.7484800000000E+10
 46  8.5349224659810E-01  4.1040835385954E-01  4.3461738069152E-03  1.3379130317695E+00  5.7484800000000E+10
 47  8.3103262912321E-01  3.9960860243607E-01  4.2576030898455E-03  1.3026758075609E+00  5.7484800000000E+10
 48  8.0916495186669E-01  3.8909315621240E-01  4.1293012849246E-03  1.2684196088964E+00  5.7484800000000E+10
 49  7.8787261003653E-01  3.7885481501660E-01  3.9944204800465E-03  1.2350132596313E+00  5.7484800000000E+10
 50  7.6713976257734E-01  3.6888584385251E-01  3.9280596992469E-03  1.2025783989041E+00  5.7484800000000E+10
 51  7.4695299506605E-01  3.5917903559476E-01  3.8543019355413E-03  1.1710832646916E+00  5.7484800000000E+10
 52  7.2729772653622E-01  3.4972738243383E-01  3.7527896054687E-03  1.1403982074200E+00  5.7484800000000E+10
 53  7.0815936022103E-01  3.4052537896038E-01  3.6676015317793E-03  1.1102674605454E+00  5.7484800000000E+10
 54  6.8952403402409E-01  3.3156583821965E-01  3.4910428771350E-03  1.0810269484218E+00  5.7484800000000E+10
 55  6.7138014287035E-01  3.2284049634716E-01  3.4044649092289E-03  1.0525937572394E+00  5.7484800000000E+10
 56  6.5371355810935E-01  3.1434471172340E-01  3.3927765730768E-03  1.0249519715531E+00  5.7484800000000E+10
 57  6.3651206811975E-01  3.0607275188493E-01  3.2607866025164E-03  9.9785499505867E-01  5.7484800000000E+10
 58  6.1976189073155E-01  2.9801926597556E-01  3.1386710117107E-03  9.7151980121562E-01  5.7484800000000E+10
 59  6.0345330374582E-01  2.9017781142992E-01  3.0781469304021E-03  9.4625355546049E-01  5.7484800000000E+10
 60  5.8757446830206E-01  2.8254229998768E-01  3.0069994559250E-03  9.2138642100625E-01  5.7484800000000E+10
 61  5.7211223013423E-01  2.7510745430166E-01  2.8882987654838E-03  8.9693736739159E-01  5.7484800000000E+10
 62  5.5705801900868E-01  2.6786762951953E-01  2.8193069084518E-03  8.7352504976842E-01  5.7484800000000E+10
 63  5.4239939765530E-01  2.6081848405072E-01  2.7901835761932E-03  8.5036985154861E-01  5.7484800000000E+10
 64  5.2812681728351E-01  2.5395547904031E-01  2.7006601275228E-03  8.2811632779484E-01  5.7484800000000E+10
 65  5.1422916369053E-01  2.4727339677424E-01  2.6116452596411E-03  8.0641380466201E-01  5.7484800000000E+10
 66  5.0069745044720E-01  2.4076650025035E-01  2.5466139736366E-03  7.8514683668295E-01  5.7484800000000E+10
 67  4.8752236828914E-01  2.3443048254123E-01  2.4848942525909E-03  7.6443702137668E-01  5.7484800000000E+10
 68  4.7469295393562E-01  2.2826135672107E-01  2.4114109528339E-03  7.4438980620290E-01  5.7484800000000E+10
 69  4.6220220026538E-01  2.2225483501780E-01  2.3887504978854E-03  7.2487910298118E-01  5.7484800000000E+10
 70  4.5003962529764E-01  2.1640667595812E-01  2.3178986760547E-03  7.0577561069750E-01  5.7484800000000E+10
 71  4.3819680153658E-01  2.1071235154087E-01  2.2215158887063E-03  6.8718346985720E-01  5.7484800000000E+10
 72  4.2666598270083E-01  2.0516676850486E-01  2.1728195032331E-03  6.6916184340767E-01  5.7484800000000E+10
 73  4.1543865272499E-01  1.9976793251896E-01  2.0985102684124E-03  6.5153266486819E-01  5.7484800000000E+10
 74  4.0450635759304E-01  1.9451155992129E-01  2.0657843639690E-03  6.3436678029546E-01  5.7484800000000E+10
 75  3.9386216828387E-01  1.8939321604026E-01  2.0025436589796E-03  6.1772795198096E-01  5.7484800000000E+10
 76  3.8349762864229E-01  1.8440928570716E-01  1.9393828502257E-03  6.0147720100962E-01  5.7484800000000E+10
 77  3.7340643511683E-01  1.7955623902848E-01  1.8989759473612E-03  5.8563591680430E-01  5.7484800000000E+10
 78  3.6358024501852E-01  1.7483108191066E-01  1.8503259058646E-03  5.7017700131297E-01  5.7484800000000E+10
 79  3.5401282061926E-01  1.7023054266123E-01  1.8047357958715E-03  5.5531977356944E-01  5.7484800000000E+10
 80  3.4469683368427E-01  1.6575120043008E-01  1.7438409451361E-03  5.4077852912415E-01  5.7484800000000E+10
 81  3.3562603399787E-01  1.6138951583950E-01  1.6977304546399E-03  5.2638786846071E-01  5.7484800000000E+10
 82  3.2679455806317E-01  1.5714251889524E-01  1.6786425085613E-03  5.1273381543727E-01  5.7484800000000E+10
 83  3.1819492263102E-01  1.5300686471275E-01  1.6258111570037E-03  4.9926782578041E-01  5.7484800000000E+10
 84  3.0982221354716E-01  1.4898039355321E-01  1.5760118201953E-03  4.8610437956631E-01  5.7484800000000E+10
 85  3.0166894640965E-01  1.4506016190242E-01  1.5407919641279E-03  4.7325771995885E-01  5.7484800000000E+10
 86  2.9373077565056E-01  1.4124318369945E-01  1.4878400640474E-03  4.6077919057889E-01  5.7484800000000E+10
 87  2.8600117128330E-01  1.3752608977129E-01  1.4474614273127E-03  4.4869267120555E-01  5.7484800000000E+10
 88  2.7847516594772E-01  1.3390712181342E-01  1.4178005134897E-03  4.3705511521744E-01  5.7484800000000E+10
 89  2.7114697565730E-01  1.3038302316137E-01  1.3708360030955E-03  4.2536535850824E-01  5.7484800000000E+10
 90  2.6401228323794E-01  1.2695210612980E-01  1.3503571288329E-03  4.1422257582467E-01  5.7484800000000E+10
 91  2.5706451548158E-01  1.2361151540410E-01  1.3107006829627E-03  4.0335532039605E-01  5.7484800000000E+10
 92  2.5029998338901E-01  1.2035839267529E-01  1.2706880501797E-03  3.9271062228510E-01  5.7484800000000E+10
 93  2.4371354523013E-01  1.1719118616693E-01  1.2496081582552E-03  3.8234601540464E-01  5.7484800000000E+10
 94  2.3730020028042E-01  1.1410735286370E-01  1.2066746569744E-03  3.7235173088211E-01  5.7484800000000E+10
 95  2.3105571133496E-01  1.1110447909989E-01  1.1760301684446E-03  3.6263868045578E-01  5.7484800000000E+10
 96  2.2497714170707E-01  1.0818192334695E-01  1.1494724547122E-03  3.5291920217300E-01  5.7484800000000E+10
 97  2.1906065295417E-01  1.0533698557419E-01  1.1071696882710E-03  3.4385631195443E-01  5.7484800000000E+10
 98  2.1325966169916E-01  1.0254356325746E-01  1.0732792960847E-03  3.3475671101934E-01  5.7484800000000E+10
 99  2.0741832647689E-01  9.9715627936629E-02  1.0849130535785E-03  3.2544245656977E-01  5.7484800000000E+10
100  2.0252622517571E-01  9.7375092655210E-02  1.0285968171296E-03  3.1750040393895E-01  5.7484800000000E+10
 
 field : TRAC05   ; Iter =      7200 ; region #   0 ; nb.Lev = 100
 k | --   Average    -- | --   Std.Dev    -- | --     min      -- | --     max      -- | --    Vol
  0  1.0013564347216E+00  1.4336037468076E+00  2.2294490163104E-14  5.6061686420407E+00  5.7484800000000E+12
  1  1.2398703959260E+00  5.7469373670180E-01  2.5069904167263E-01  3.9429105519048E+00  5.7484800000000E+10
  2  1.4518552800554E+00  6.7733692228699E-01  2.9560270542605E-01  4.0620976370113E+00  5.7484800000000E+10
  3  1.6842487725063E+00  7.8970549271179E-01  3.2268624686833E-01  4.0638565202683E+00  5.7484800000000E+10
  4  1.8834779422286E+00  8.7362128491361E-01  3.4488723645023E-01  4.4722134715928E+00  5.7484800000000E+10
  5  2.0612634878737E+00  9.4398263730871E-01  3.7347942849799E-01  5.0414277091941E+00  5.7484800000000E+10
  6  2.2234030788049E+00  1.0056677909206E+00  3.9932244620349E-01  5.1476727599468E+00  5.7484800000000E+10
  7  2.3700864233244E+00  1.0591065040950E+00  4.2746790765372E-01  5.2110163646092E+00  5.7484800000000E+10
  8  2.5004116176126E+00  1.1097271701338E+00  4.7719763360966E-01  5.2110445906443E+00  5.7484800000000E+10
  9  2.6145439299655E+00  1.1568919689526E+00  5.7057144832196E-01  5.4240469225777E+00  5.7484800000000E+10
 10  2.7124558716774E+00  1.1952009614095E+00  6.1672985460058E-01  5.4828927028830E+00  5.7484800000000E+10
 11  2.7994044373377E+00  1.2262452299217E+00  6.0517175275690E-01  5.4767902466832E+00  5.7484800000000E+10
 12  2.8800715441333E+00  1.2543240349112E+00  6.0583588719322E-01  5.3925595501906E+00  5.7484800000000E+10
 13  2.9496942302828E+00  1.2730771831189E+00  6.7208762532250E-01  5.3967040388745E+00  5.7484800000000E+10
 14  3.0090026276515E+00  1.2853855967506E+00  6.7308818971646E-01  5.4322489499947E+00  5.7484800000000E+10
 15  3.0579023244801E+00  1.2915584348437E+00  7.1328460979714E-01  5.4907328812369E+00  5.7484800000000E+10
 16  3.0976734104181E+00  1.2947744848030E+00  8.2030577931817E-01  5.4838737942331E+00  5.7484800000000E+10
 17  3.1288447078386E+00  1.2969118356436E+00  8.6155086206558E-01  5.4119141489167E+00  5.7484800000000E+10
 18  3.1528969603292E+00  1.2969480467341E+00  8.1790839933634E-01  5.3037737388736E+00  5.7484800000000E+10
 19  3.1725425605340E+00  1.2979082234563E+00  8.1788998396318E-01  5.2885512156565E+00  5.7484800000000E+10
 20  3.1879246636231E+00  1.3002597351186E+00  8.1788998396318E-01  5.3321873021891E+00  5.7484800000000E+10
 21  3.1973635628574E+00  1.3013838741124E+00  8.0311560323565E-01  5.5317840478218E+00  5.7484800000000E+10
 22  3.2003889085882E+00  1.2967342938152E+00  8.2447643527800E-01  5.6061686420407E+00  5.7484800000000E+10
 23  3.1979336315802E+00  1.2871672441604E+00  8.8401725570275E-01  5.6009439835072E+00  5.7484800000000E+10
 24  3.1892191849444E+00  1.2734683136980E+00  8.8436731499331E-01  5.6050586533737E+00  5.7484800000000E+10
 25  3.1737763095415E+00  1.2575565165683E+00  8.8436731499331E-01  5.5505868382498E+00  5.7484800000000E+10
 26  3.1508578635709E+00  1.2407976316171E+00  8.8491169138859E-01  5.5251928533161E+00  5.7484800000000E+10
 27  3.1191293630325E+00  1.2245962130646E+00  9.1132663206248E-01  5.4670004111611E+00  5.7484800000000E+10
 28  3.0686908687171E+00  1.2039154351578E+00  9.1231788645850E-01  5.2427372913999E+00  5.7484800000000E+10
 29  2.9958360577110E+00  1.1737189962836E+00  9.1118498299925E-01  5.2430182581443E+00  5.7484800000000E+10
 30  2.8043655412645E+00  1.0941607203088E+00  8.6459719832259E-01  5.0351980368835E+00  5.7484800000000E+10
 31  2.4509364567869E+00  9.5248124722988E-01  7.7587232126138E-01  4.0728248755760E+00  5.7484800000000E+10
 32  2.1445001718783E+00  8.3512435404184E-01  6.9372664879213E-01  3.5069653253084E+00  5.7484800000000E+10
 33  1.9184866015324E+00  7.4856463148804E-01  6.2398507099029E-01  3.0966477623032E+00  5.7484800000000E+10
 34  1.7160230169485E+00  6.7166029950683E-01  5.5725350826268E-01  2.7870750183749E+00  5.7484800000000E+10
 35  1.5203676631155E+00  5.9728715904601E-01  4.9222672410274E-01  2.3415410759560E+00  5.7484800000000E+10
 36  1.3338376215766E+00  5.2581621265170E-01  4.3030242390140E-01  2.1851990525085E+00  5.7484800000000E+10
 37  1.1579858697129E+00  4.5687860768327E-01  3.7320772353719E-01  1.8992530903270E+00  5.7484800000000E+10
 38  9.9552169526850E-01  3.9264787772763E-01  3.1933838091247E-01  1.5590697973343E+00  5.7484800000000E+10
 39  8.4827444977594E-01  3.3451002779784E-01  2.7196937643000E-01  1.2950569056143E+00  5.7484800000000E+10
 40  7.1644927365532E-01  2.8250962710809E-01  2.3112968291374E-01  1.0930134171980E+00  5.7484800000000E+10
 41  5.9975669096987E-01  2.3648914170244E-01  1.9351926417085E-01  9.1549145998130E-01  5.7484800000000E+10
 42  4.9762694411754E-01  1.9621466026353E-01  1.6006646230038E-01  7.5984672873345E-01  5.7484800000000E+10
 43  4.0923659419899E-01  1.6136015997851E-01  1.3174728328027E-01  6.2505470931204E-01  5.7484800000000E+10
 44  3.3356629993512E-01  1.3152372522981E-01  1.0759726279434E-01  5.0903612154595E-01  5.7484800000000E+10
 45  2.6947974038494E-01  1.0625447735011E-01  8.6809534058561E-02  4.1150185246854E-01  5.7484800000000E+10
 46  2.1577904570079E-01  8.5080553894654E-02  6.9211001272637E-02  3.2972684154962E-01  5.7484800000000E+10
 47  1.7124886007628E-01  6.7523217238667E-02  5.4843346493893E-02  2.6173327222106E-01  5.7484800000000E+10
 48  1.3470586826629E-01  5.3114923655138E-02  4.3181338571108E-02  2.0591135325041E-01  5.7484800000000E+10
 49  1.0502264760324E-01  4.1410899403095E-02  3.3582165751620E-02  1.6039647587522E-01  5.7484800000000E+10
 50  8.1154463526482E-02  3.1999629229570E-02  2.5868425299549E-02  1.2395162630356E-01  5.7484800000000E+10
 51  6.2155417907599E-02  2.4508596275999E-02  1.9838819321949E-02  9.5008110890205E-02  5.7484800000000E+10
 52  4.7182729441145E-02  1.8604758726404E-02  1.5089080052130E-02  7.2229412104672E-02  5.7484800000000E+10
 53  3.5499609169922E-02  1.3997917747430E-02  1.1360737192684E-02  5.4278553667395E-02  5.7484800000000E+10
 54  2.6472586600476E-02  1.0438663497114E-02  8.5191832336887E-03  4.0558952766316E-02  5.7484800000000E+10
 55  1.9566193807948E-02  7.7153073125805E-03  6.2423823206227E-03  2.9991680070914E-02  5.7484800000000E+10
 56  1.4333459093237E-02  5.6518310730473E-03  4.5756246706588E-03  2.1989758804593E-02  5.7484800000000E+10
 57  1.0407148106302E-02  4.1035727737324E-03  3.3403189204676E-03  1.5918254496846E-02  5.7484800000000E+10
 58  7.4892724110350E-03  2.9530197939518E-03  2.4071750269895E-03  1.1447433424054E-02  5.7484800000000E+10
 59  5.3417687140697E-03  2.1062942248362E-03  1.7190639192739E-03  8.1790868845307E-03  5.7484800000000E+10
 60  3.7763403156547E-03  1.4890117150106E-03  1.2121909374889E-03  5.7933904275758E-03  5.7484800000000E+10
 61  2.6459370122604E-03  1.0432565608257E-03  8.4376811532233E-04  4.0526827581739E-03  5.7484800000000E+10
 62  1.8374969019908E-03  7.2448228366384E-04  5.8242549503030E-04  2.8192930428972E-03  5.7484800000000E+10
 63  1.2647477655452E-03  4.9865814705435E-04  4.0305689740390E-04  1.9488580854921E-03  5.7484800000000E+10
 64  8.6282333453700E-04  3.4017318637334E-04  2.7717996396040E-04  1.3246039259431E-03  5.7484800000000E+10
 65  5.8339827915096E-04  2.2999919048813E-04  1.8716802218028E-04  8.9821376861338E-04  5.7484800000000E+10
 66  3.9096447309290E-04  1.5413308434268E-04  1.2469977644244E-04  6.0169584246658E-04  5.7484800000000E+10
 67  2.5968676117219E-04  1.0237319963723E-04  8.2711918419899E-05  3.9907126137616E-04  5.7484800000000E+10
 68  1.7095539581912E-04  6.7388961330422E-05  5.4297539672907E-05  2.6325732652595E-04  5.7484800000000E+10
 69  1.1154720466036E-04  4.3969743906295E-05  3.5550341171300E-05  1.7201881633328E-04  5.7484800000000E+10
 70  7.2137791638922E-05  2.8433584648746E-05  2.3042759328390E-05  1.1133392024020E-04  5.7484800000000E+10
 71  4.6236694096448E-05  1.8223436008468E-05  1.4757085137527E-05  7.1241050173489E-05  5.7484800000000E+10
 72  2.9372522613808E-05  1.1575529085231E-05  9.3926326556624E-06  4.5339674357552E-05  5.7484800000000E+10
 73  1.8494129149161E-05  7.2877087525161E-06  5.9078547096697E-06  2.8648092772671E-05  5.7484800000000E+10
 74  1.1541128671453E-05  4.5475156998774E-06  3.7111596600202E-06  1.7931531827540E-05  5.7484800000000E+10
 75  7.1383354941561E-06  2.8124077271708E-06  2.2818217644092E-06  1.1081366240448E-05  5.7484800000000E+10
 76  4.3758799219066E-06  1.7238664401732E-06  1.3981433883377E-06  6.7567882489468E-06  5.7484800000000E+10
 77  2.6587540464908E-06  1.0472520573519E-06  8.4666534732826E-07  4.1327221118624E-06  5.7484800000000E+10
 78  1.6010861258351E-06  6.3055421760163E-07  5.1369761869503E-07  2.4841112297781E-06  5.7484800000000E+10
 79  9.5561862773346E-07  3.7631959181243E-07  3.0703988530673E-07  1.4855254050696E-06  5.7484800000000E+10
 80  5.6530902383803E-07  2.2258655831483E-07  1.8074263602219E-07  8.7902425205855E-07  5.7484800000000E+10
 81  3.3144697343864E-07  1.3048419184541E-07  1.0505630433666E-07  5.1533930605400E-07  5.7484800000000E+10
 82  1.9260986918762E-07  7.5817471400285E-08  6.0695849885063E-08  3.0181612160976E-07  5.7484800000000E+10
 83  1.1093165723026E-07  4.3658794496940E-08  3.5263866735117E-08  1.7395692726402E-07  5.7484800000000E+10
 84  6.3326048995693E-08  2.4919115084515E-08  2.0234414461283E-08  9.9405955273413E-08  5.7484800000000E+10
 85  3.5827589810056E-08  1.4096278908985E-08  1.1461469263269E-08  5.6018397913048E-08  5.7484800000000E+10
 86  2.0090844880737E-08  7.9032949879452E-09  6.4349455591157E-09  3.1535229244518E-08  5.7484800000000E+10
 87  1.1165972274502E-08  4.3916976034726E-09  3.5263757182251E-09  1.7508232182327E-08  5.7484800000000E+10
 88  6.1506986802163E-09  2.4188115733727E-09  1.9367058370637E-09  9.6516364912238E-09  5.7484800000000E+10
 89  3.3577931970781E-09  1.3203334486915E-09  1.0582890130655E-09  5.2552391450863E-09  5.7484800000000E+10
 90  1.8168008588325E-09  7.1437980993030E-10  5.7236685707127E-10  2.8504497220770E-09  5.7484800000000E+10
 91  9.7410530275987E-10  3.8310525964230E-10  3.0993193705966E-10  1.5415276462781E-09  5.7484800000000E+10
 92  5.1751374691537E-10  2.0363082637083E-10  1.6450201174008E-10  8.1407217596165E-10  5.7484800000000E+10
 93  2.7234697335008E-10  1.0728224838094E-10  8.6364254933067E-11  4.2936530949678E-10  5.7484800000000E+10
 94  1.4188035204684E-10  5.6031232638214E-11  4.4969460987067E-11  2.2358611990624E-10  5.7484800000000E+10
 95  7.3083662816868E-11  2.9008873622332E-11  2.2784473514326E-11  1.1620454586763E-10  5.7484800000000E+10
 96  3.7132395852317E-11  1.4893305480148E-11  1.1406110237104E-11  5.9322739214032E-11  5.7484800000000E+10
 97  1.8515713780402E-11  7.5829344451475E-12  5.3723603566509E-12  2.9899379017975E-11  5.7484800000000E+10
 98  8.9457319874934E-12  3.8240884707739E-12  2.3036550053648E-12  1.4685603853332E-11  5.7484800000000E+10
 99  3.9954814915523E-12  1.8753662297212E-12  7.4020074224297E-13  6.7436358805305E-12  5.7484800000000E+10
100  1.7561935757152E-12  1.0065815931905E-12  2.2294490163104E-14  3.1623342805977E-12  5.7484800000000E+10
 
 field : TRAC01   ; Iter =      7201 ; region #   0 ; nb.Lev = 100
 k | --   Average    -- | --   Std.Dev    -- | --     min      -- | --     max      -- | --    Vol
  0  9.9999999626823E-01  5.7920324224991E-01  3.8869469542940E-04  1.9923216600324E+00  3.9920000000000E+09
  1  1.9399087926183E+00  3.7527088883452E-02  1.7597830378717E+00  1.9923216600324E+00  3.9920000000000E+07
  2  1.9156416609751E+00  4.1663872968638E-02  1.7091438868181E+00  1.9820198656818E+00  3.9920000000000E+07
  3  1.8891551551054E+00  4.5905811110352E-02  1.6673399377951E+00  1.9688414297191E+00  3.9920000000000E+07
  4  1.8663724984140E+00  4.7815516156640E-02  1.6375856702813E+00  1.9567704039442E+00  3.9920000000000E+07
  5  1.8460688419119E+00  4.8384751517746E-02  1.6376670318865E+00  1.9514103369286E+00  3.9920000000000E+07
  6  1.8269297259666E+00  4.8492923885635E-02  1.6168611188494E+00  1.9486527165821E+00  3.9920000000000E+07
  7  1.8086570983467E+00  4.7785891015937E-02  1.6136322925618E+00  1.9281381435450E+00  3.9920000000000E+07
  8  1.7914981384809E+00  4.7678050825446E-02  1.6149078397792E+00  1.9077035728582E+00  3.9920000000000E+07
  9  1.7756671189182E+00  4.8671017967771E-02  1.6138502710976E+00  1.8897704059742E+00  3.9920000000000E+07
 10  1.7611975553876E+00  5.0186095195324E-02  1.6017304060434E+00  1.8843661205557E+00  3.9920000000000E+07
 11  1.7473126378780E+00  5.1025496369407E-02  1.5840438820597E+00  1.8895325215408E+00  3.9920000000000E+07
 12  1.7334403014224E+00  5.1672121192215E-02  1.5742028653173E+00  1.8902635634221E+00  3.9920000000000E+07
 13  1.7202677135586E+00  5.1919415978511E-02  1.5707689456399E+00  1.8754078116753E+00  3.9920000000000E+07
 14  1.7078558236306E+00  5.1570104357296E-02  1.5630319807831E+00  1.8750300092333E+00  3.9920000000000E+07
 15  1.6962645096407E+00  5.0581307971430E-02  1.5367882299533E+00  1.8697735042049E+00  3.9920000000000E+07
 16  1.6857494720188E+00  4.9076261069447E-02  1.5330615066288E+00  1.8474334517543E+00  3.9920000000000E+07
 17  1.6764274415480E+00  4.7231245894741E-02  1.5445281090102E+00  1.8468974251242E+00  3.9920000000000E+07
 18  1.6675202952909E+00  4.5364232083605E-02  1.5384021867833E+00  1.8482036872826E+00  3.9920000000000E+07
 19  1.6587179385708E+00  4.4524136036639E-02  1.5238988051820E+00  1.8445753522879E+00  3.9920000000000E+07
 20  1.6497764303398E+00  4.4939275035450E-02  1.5026968004961E+00  1.8387644436611E+00  3.9920000000000E+07
 21  1.6407770110420E+00  4.6229681708935E-02  1.4771182416642E+00  1.8422793587015E+00  3.9920000000000E+07
 22  1.6310783745223E+00  4.7640139560378E-02  1.4704858912060E+00  1.8297156348250E+00  3.9920000000000E+07
 23  1.6201976137472E+00  4.9133329840580E-02  1.4704463273058E+00  1.7691843472471E+00  3.9920000000000E+07
 24  1.6087591298217E+00  5.0961111353520E-02  1.4365935134164E+00  1.7609205004588E+00  3.9920000000000E+07
 25  1.5968185738522E+00  5.1986243678357E-02  1.4205118854219E+00  1.7559624398097E+00  3.9920000000000E+07
 26  1.5837268747365E+00  5.1740711147831E-02  1.3985702101031E+00  1.7410670736015E+00  3.9920000000000E+07
 27  1.5685350135373E+00  5.1098501337951E-02  1.3806372578134E+00  1.7309908632706E+00  3.9920000000000E+07
 28  1.5504784459787E+00  5.2346816334754E-02  1.3686760173315E+00  1.7213592666202E+00  3.9920000000000E+07
 29  1.5319469795798E+00  5.3783510653271E-02  1.3596937423594E+00  1.7029197040850E+00  3.9920000000000E+07
 30  1.4805903439060E+00  4.7986341143411E-02  1.3524419748572E+00  1.6482889299008E+00  3.9920000000000E+07
 31  1.4199559697463E+00  3.8338635992229E-02  1.3475888068038E+00  1.5667989372976E+00  3.9920000000000E+07
 32  1.3798871124549E+00  2.4790849670627E-02  1.3420457090313E+00  1.4869919714563E+00  3.9920000000000E+07
 33  1.3549518279260E+00  1.2336450838158E-02  1.3315025812165E+00  1.4026011880997E+00  3.9920000000000E+07
 34  1.3339513172169E+00  6.2030840406888E-03  1.3182882641146E+00  1.3645142833448E+00  3.9920000000000E+07
 35  1.3133768921650E+00  3.7396885752996E-03  1.3024121047110E+00  1.3302179929772E+00  3.9920000000000E+07
 36  1.2930032479719E+00  3.1062988519147E-03  1.2854217464327E+00  1.3192045733197E+00  3.9920000000000E+07
 37  1.2727935693881E+00  3.1675016284825E-03  1.2657281454471E+00  1.3020670160716E+00  3.9920000000000E+07
 38  1.2525646069044E+00  2.7369225080954E-03  1.2470665968878E+00  1.2716089732246E+00  3.9920000000000E+07
 39  1.2323437036704E+00  2.4411654379416E-03  1.2267716332127E+00  1.2469969660652E+00  3.9920000000000E+07
 40  1.2121364933262E+00  2.2733255955589E-03  1.2067877734193E+00  1.2254463157759E+00  3.9920000000000E+07
 41  1.1919315046938E+00  2.1425209689910E-03  1.1873795051045E+00  1.2032579914944E+00  3.9920000000000E+07
 42  1.1717271285981E+00  2.0284497922420E-03  1.1671492441211E+00  1.1812160980243E+00  3.9920000000000E+07
 43  1.1515235229595E+00  1.9288377388846E-03  1.1475018786601E+00  1.1599562785366E+00  3.9920000000000E+07
 44  1.1313196891039E+00  1.8492111335917E-03  1.1281419623105E+00  1.1395793611827E+00  3.9920000000000E+07
 45  1.1111163811701E+00  1.7848349375500E-03  1.1075112582249E+00  1.1197124604597E+00  3.9920000000000E+07
 46  1.0909142597623E+00  1.7272358101843E-03  1.0871945695746E+00  1.0992736953274E+00  3.9920000000000E+07
 47  1.0707118646587E+00  1.6684202422441E-03  1.0670801292242E+00  1.0786102186821E+00  3.9920000000000E+07
 48  1.0505097927518E+00  1.6073992519523E-03  1.0470225909243E+00  1.0579957983808E+00  3.9920000000000E+07
 49  1.0303077216870E+00  1.5439704605746E-03  1.0269804693488E+00  1.0369125144017E+00  3.9920000000000E+07
 50  1.0101050853313E+00  1.4860704646359E-03  1.0070815430240E+00  1.0159710494754E+00  3.9920000000000E+07
 51  9.8990210140935E-01  1.4365716020230E-03  9.8708601625672E-01  9.9565297504636E-01  3.9920000000000E+07
 52  9.6969996356019E-01  1.3914438849266E-03  9.6707965878705E-01  9.7502690724058E-01  3.9920000000000E+07
 53  9.4949796483242E-01  1.3468926349872E-03  9.4711674230291E-01  9.5455954568143E-01  3.9920000000000E+07
 54  9.2929526554170E-01  1.3068261662611E-03  9.2673142102016E-01  9.3425315423875E-01  3.9920000000000E+07
 55  9.0909303083765E-01  1.2687252995139E-03  9.0668793150370E-01  9.1383278060529E-01  3.9920000000000E+07
 56  8.8889121432764E-01  1.2319444431409E-03  8.8665074585459E-01  8.9332356116733E-01  3.9920000000000E+07
 57  8.6868953691434E-01  1.1937497084948E-03  8.6624076048435E-01  8.7303855654053E-01  3.9920000000000E+07
 58  8.4848672679800E-01  1.1547486319570E-03  8.4595484830849E-01  8.5275899199872E-01  3.9920000000000E+07
 59  8.2828410439227E-01  1.1245725267976E-03  8.2586985174345E-01  8.3219620183766E-01  3.9920000000000E+07
 60  8.0808295753517E-01  1.0934543355247E-03  8.0581598782918E-01  8.1216167169736E-01  3.9920000000000E+07
 61  7.8788023837385E-01  1.0606713599598E-03  7.8562721646685E-01  7.9200448528900E-01  3.9920000000000E+07
 62  7.6767795430382E-01  1.0343086572202E-03  7.6540443660146E-01  7.7175122243364E-01  3.9920000000000E+07
 63  7.4747553615426E-01  1.0106156402887E-03  7.4493402076902E-01  7.5137360726678E-01  3.9920000000000E+07
 64  7.2727429015869E-01  9.8340881585213E-04  7.2454606465922E-01  7.3096144614184E-01  3.9920000000000E+07
 65  7.0707198450932E-01  9.5717811872259E-04  7.0446044282785E-01  7.1043780145125E-01  3.9920000000000E+07
 66  6.8686941781271E-01  9.3574859129527E-04  6.8461058508996E-01  6.9017207984595E-01  3.9920000000000E+07
 67  6.6666810927420E-01  9.0737332460667E-04  6.6477804700434E-01  6.7021563970300E-01  3.9920000000000E+07
 68  6.4646544728383E-01  8.8096498674769E-04  6.4450957574941E-01  6.5001966307739E-01  3.9920000000000E+07
 69  6.2626342520030E-01  8.5606388928925E-04  6.2437125101607E-01  6.2967709235254E-01  3.9920000000000E+07
 70  6.0606161065458E-01  8.3625212886538E-04  6.0421749675157E-01  6.0946390142223E-01  3.9920000000000E+07
 71  5.8585914438188E-01  8.2630133028297E-04  5.8398385443642E-01  5.8927574861919E-01  3.9920000000000E+07
 72  5.6565679783259E-01  8.0720580147500E-04  5.6379672504644E-01  5.6887469416984E-01  3.9920000000000E+07
 73  5.4545540423019E-01  7.9086806857790E-04  5.4328719186167E-01  5.4882686835314E-01  3.9920000000000E+07
 74  5.2525305322476E-01  7.7866782349349E-04  5.2282814631851E-01  5.2845858003747E-01  3.9920000000000E+07
 75  5.0505155440015E-01  7.5893771997641E-04  5.0272842485893E-01  5.0834759490468E-01  3.9920000000000E+07
 76  4.8484905791105E-01  7.3664312141284E-04  4.8276836261337E-01  4.8802887643841E-01  3.9920000000000E+07
 77  4.6464736786008E-01  7.1157525639061E-04  4.6271004469071E-01  4.6750900133410E-01  3.9920000000000E+07
 78  4.4444502476004E-01  6.9514687058002E-04  4.4277551399082E-01  4.4696199060495E-01  3.9920000000000E+07
 79  4.2424288859947E-01  6.8347006084153E-04  4.2247173949052E-01  4.2673635629734E-01  3.9920000000000E+07
 80  4.0404098321534E-01  6.6481532023204E-04  4.0230572976420E-01  4.0667209893692E-01  3.9920000000000E+07
 81  3.8383870128006E-01  6.4416415047663E-04  3.8225963089842E-01  3.8635123145143E-01  3.9920000000000E+07
 82  3.6363672193142E-01  6.3117228764832E-04  3.6205505743356E-01  3.6610832825201E-01  3.9920000000000E+07
 83  3.4343372031694E-01  6.3286344328955E-04  3.4173290869797E-01  3.4574251557417E-01  3.9920000000000E+07
 84  3.2323305023154E-01  6.3084008434355E-04  3.2128927101759E-01  3.2547738857116E-01  3.9920000000000E+07
 85  3.0303088421122E-01  6.1321074925729E-04  3.0115007508106E-01  3.0532333848974E-01  3.9920000000000E+07
 86  2.8282895274666E-01  5.8332980174001E-04  2.8116196782616E-01  2.8548626951096E-01  3.9920000000000E+07
 87  2.6262620597854E-01  5.7633242321335E-04  2.6109238117724E-01  2.6534432986183E-01  3.9920000000000E+07
 88  2.4242446479846E-01  5.7168303688224E-04  2.4081798109143E-01  2.4486270087773E-01  3.9920000000000E+07
 89  2.2222209371324E-01  5.6648126354681E-04  2.2067345447440E-01  2.2456964907077E-01  3.9920000000000E+07
 90  2.0202138953965E-01  5.4978958119766E-04  2.0054004054145E-01  2.0422506204224E-01  3.9920000000000E+07
 91  1.8181753153313E-01  5.3969151536222E-04  1.7996178519346E-01  1.8409916564457E-01  3.9920000000000E+07
 92  1.6161595049732E-01  5.5235974428153E-04  1.5952231403318E-01  1.6398658346183E-01  3.9920000000000E+07
 93  1.4141479500453E-01  5.4876812404211E-04  1.3916177020964E-01  1.4355278842337E-01  3.9920000000000E+07
 94  1.2121206121393E-01  5.3257840484094E-04  1.1894981056799E-01  1.2338638777541E-01  3.9920000000000E+07
 95  1.0101131634262E-01  5.0883188001422E-04  9.9182812368052E-02  1.0335863773286E-01  3.9920000000000E+07
 96  8.0815517654061E-02  4.8553415549285E-04  7.9244894864637E-02  8.2975537013529E-02  3.9920000000000E+07
 97  6.0627404578518E-02  4.5579684316166E-04  5.9287288094619E-02  6.2289111411965E-02  3.9920000000000E+07
 98  4.0270252427675E-02  4.4418674500768E-04  3.8916950994256E-02  4.1697556766391E-02  3.9920000000000E+07
 99  1.9149958138571E-02  4.9744765477277E-04  1.7676348461414E-02  2.0447485269555E-02  3.9920000000000E+07
100  1.1672961616005E-03  4.5243840896810E-04  3.8869469542940E-04  2.7644250415710E-03  3.9920000000000E+07
 
 field : TRAC02   ; Iter =      7201 ; region #   0 ; nb.Lev = 100
 k | --   Average    -- | --   Std.Dev    -- | --     min      -- | --     max      -- | --    Vol
  0  1.0000000030907E+00  4.6889884115474E-01  5.5022528917040E-03  1.4304165910835E+00  3.9920000000000E+09
  1  5.4919565732936E-02  4.0324125139812E-02  5.5022528917040E-03  2.6290344598623E-01  3.9920000000000E+07
  2  7.8467449748838E-02  4.6389118510077E-02  1.3637188652465E-02  3.2864765645710E-01  3.9920000000000E+07
  3  1.0537181803494E-01  5.2755652451689E-02  2.1927017725559E-02  3.7894334051986E-01  3.9920000000000E+07
  4  1.2943670717541E-01  5.6384043734698E-02  3.4433702898973E-02  4.1644297551577E-01  3.9920000000000E+07
  5  1.5167252085808E-01  5.8285280991052E-02  3.8588397395874E-02  4.1578725148177E-01  3.9920000000000E+07
  6  1.7338913740147E-01  5.9439431819140E-02  4.1243422204974E-02  4.4973105901179E-01  3.9920000000000E+07
  7  1.9485667141562E-01  5.9542547362951E-02  5.8861407649302E-02  4.5362146578813E-01  3.9920000000000E+07
  8  2.1564407181773E-01  6.0501800359154E-02  8.2107653403449E-02  4.5199482765280E-01  3.9920000000000E+07
  9  2.3530606419286E-01  6.2696208991635E-02  1.0097630767840E-01  4.5335025230358E-01  3.9920000000000E+07
 10  2.5362744739916E-01  6.5337278082889E-02  1.0332122370871E-01  4.7015173644026E-01  3.9920000000000E+07
 11  2.7155858735217E-01  6.6937123211143E-02  9.7848800077842E-02  4.9299559039549E-01  3.9920000000000E+07
 12  2.8971194226220E-01  6.8260605687392E-02  9.7056671786861E-02  5.1304503920199E-01  3.9920000000000E+07
 13  3.0713445157296E-01  6.9092235199994E-02  1.1997443452417E-01  5.1830405315997E-01  3.9920000000000E+07
 14  3.2371730161064E-01  6.9149644519243E-02  1.1703789332974E-01  5.3413947583871E-01  3.9920000000000E+07
 15  3.3931284325871E-01  6.8309686506601E-02  1.1965799664282E-01  5.6835763945801E-01  3.9920000000000E+07
 16  3.5359481219229E-01  6.6638341925929E-02  1.4486431124753E-01  5.7284690935973E-01  3.9920000000000E+07
 17  3.6644864604657E-01  6.4477051480349E-02  1.4369213075629E-01  5.5505385730221E-01  3.9920000000000E+07
 18  3.7881495223387E-01  6.2366485068905E-02  1.4257629511185E-01  5.6640843467888E-01  3.9920000000000E+07
 19  3.9122980831044E-01  6.1652719511410E-02  1.4772972979180E-01  5.8738978507552E-01  3.9920000000000E+07
 20  4.0402507895084E-01  6.2683404064208E-02  1.5473907583102E-01  6.2195915723315E-01  3.9920000000000E+07
 21  4.1702913458122E-01  6.5024837732422E-02  1.5010106386780E-01  6.6236790971181E-01  3.9920000000000E+07
 22  4.3115305029370E-01  6.7590330164490E-02  1.6632299545816E-01  6.7263963416886E-01  3.9920000000000E+07
 23  4.4706135327657E-01  7.0553724136926E-02  2.4176938583242E-01  6.7270149598945E-01  3.9920000000000E+07
 24  4.6388621806535E-01  7.3914635918057E-02  2.4663390068008E-01  7.2756212850043E-01  3.9920000000000E+07
 25  4.8155548516027E-01  7.6032878906975E-02  2.5375927677722E-01  7.5192958206527E-01  3.9920000000000E+07
 26  5.0111277666012E-01  7.6255008670539E-02  2.7422563840265E-01  7.8536226794256E-01  3.9920000000000E+07
 27  5.2398500707219E-01  7.5885566127300E-02  2.9823090038096E-01  8.1364948936661E-01  3.9920000000000E+07
 28  5.5140698727169E-01  7.8321244668670E-02  3.0423644086152E-01  8.3212878921982E-01  3.9920000000000E+07
 29  5.7975463289604E-01  8.1017294942493E-02  3.3913675194773E-01  8.4574783097661E-01  3.9920000000000E+07
 30  6.5856363725183E-01  7.3862301077545E-02  4.1653584595230E-01  8.5660749030756E-01  3.9920000000000E+07
 31  7.5268987929556E-01  5.9528786921696E-02  5.2767944351098E-01  8.6376589830720E-01  3.9920000000000E+07
 32  8.1471395447773E-01  3.8346305148378E-02  6.5193163221860E-01  8.7182138682837E-01  3.9920000000000E+07
 33  8.5249042254711E-01  1.8708103640415E-02  7.7952635502688E-01  8.8710164114821E-01  3.9920000000000E+07
 34  8.8335500603079E-01  9.0561562723398E-03  8.3793291564798E-01  9.0581805983176E-01  3.9920000000000E+07
 35  9.1274109421351E-01  5.2753998353447E-03  8.8883651885240E-01  9.2806868050389E-01  3.9920000000000E+07
 36  9.4099227193184E-01  4.2867110726406E-03  9.0448070801047E-01  9.5126781230245E-01  3.9920000000000E+07
 37  9.6813725021184E-01  4.2498483145515E-03  9.2828900626351E-01  9.7743419261546E-01  3.9920000000000E+07
 38  9.9439333913755E-01  3.5208658541739E-03  9.6956718222179E-01  1.0013684045315E+00  3.9920000000000E+07
 39  1.0196844050018E+00  3.0114334171201E-03  1.0014923693387E+00  1.0264896810950E+00  3.9920000000000E+07
 40  1.0439790716820E+00  2.6915759775051E-03  1.0281043819339E+00  1.0502463679374E+00  3.9920000000000E+07
 41  1.0672763518131E+00  2.4295054394485E-03  1.0543376155524E+00  1.0723947735202E+00  3.9920000000000E+07
 42  1.0895684320941E+00  2.1978169559416E-03  1.0792199714773E+00  1.0944886283182E+00  3.9920000000000E+07
 43  1.1108520197306E+00  1.9929430399376E-03  1.1020999369181E+00  1.1149803475292E+00  3.9920000000000E+07
 44  1.1311314681517E+00  1.8185579578567E-03  1.1229719254282E+00  1.1342340418707E+00  3.9920000000000E+07
 45  1.1504151960753E+00  1.6674653557293E-03  1.1423420032859E+00  1.1537560157654E+00  3.9920000000000E+07
 46  1.1687170335509E+00  1.5300821661463E-03  1.1612625636150E+00  1.1719893128727E+00  3.9920000000000E+07
 47  1.1860572004408E+00  1.3990208520162E-03  1.1793938015892E+00  1.1890805729484E+00  3.9920000000000E+07
 48  1.2024578929948E+00  1.2736552580576E-03  1.1964853225144E+00  1.2051959549123E+00  3.9920000000000E+07
 49  1.2179454224916E+00  1.1542269360995E-03  1.2129764763239E+00  1.2204125611657E+00  3.9920000000000E+07
 50  1.2325489018260E+00  1.0465329053675E-03  1.2283970676156E+00  1.2346656045579E+00  3.9920000000000E+07
 51  1.2462989428671E+00  9.5164378970915E-04  1.2424715204413E+00  1.2481517862112E+00  3.9920000000000E+07
 52  1.2592272748701E+00  8.6617866822857E-04  1.2558928890452E+00  1.2608468043488E+00  3.9920000000000E+07
 53  1.2713680888331E+00  7.8671277653746E-04  1.2683988790763E+00  1.2727491035566E+00  3.9920000000000E+07
 54  1.2827563061532E+00  7.1548826906920E-04  1.2800299661915E+00  1.2841496152558E+00  3.9920000000000E+07
 55  1.2934260437450E+00  6.5039418001789E-04  1.2909866339778E+00  1.2946548242756E+00  3.9920000000000E+07
 56  1.3034122576283E+00  5.9077596629467E-04  1.3012787617846E+00  1.3044815085327E+00  3.9920000000000E+07
 57  1.3127497534297E+00  5.3502957358492E-04  1.3107975014902E+00  1.3138380207035E+00  3.9920000000000E+07
 58  1.3214732246822E+00  4.8315953259207E-04  1.3196764973615E+00  1.3225259965943E+00  3.9920000000000E+07
 59  1.3296155650728E+00  4.3887269869962E-04  1.3280850003279E+00  1.3305555156856E+00  3.9920000000000E+07
 60  1.3372089543492E+00  3.9792391333479E-04  1.3357188734485E+00  1.3380272903774E+00  3.9920000000000E+07
 61  1.3442862106244E+00  3.5952890733407E-04  1.3428827186896E+00  1.3450403814805E+00  3.9920000000000E+07
 62  1.3508772026639E+00  3.2632600247306E-04  1.3495865719570E+00  1.3515891917620E+00  3.9920000000000E+07
 63  1.3570115441845E+00  2.9664194675647E-04  1.3558636249548E+00  1.3577498044923E+00  3.9920000000000E+07
 64  1.3627170925090E+00  2.6845019526795E-04  1.3617086262540E+00  1.3634560876109E+00  3.9920000000000E+07
 65  1.3680214582900E+00  2.4276793097546E-04  1.3671667969138E+00  1.3686821278755E+00  3.9920000000000E+07
 66  1.3729500840847E+00  2.2045872213141E-04  1.3721695845038E+00  1.3734810538963E+00  3.9920000000000E+07
 67  1.3775270227093E+00  1.9855086048156E-04  1.3767477069649E+00  1.3779400250880E+00  3.9920000000000E+07
 68  1.3817760321205E+00  1.7883248468876E-04  1.3810496755865E+00  1.3821732704149E+00  3.9920000000000E+07
 69  1.3857185700041E+00  1.6124821111195E-04  1.3850728065991E+00  1.3860726245966E+00  3.9920000000000E+07
 70  1.3893754126102E+00  1.4599591823306E-04  1.3887798792919E+00  1.3896974028420E+00  3.9920000000000E+07
 71  1.3927661994473E+00  1.3375541262491E-04  1.3922129254246E+00  1.3930700260366E+00  3.9920000000000E+07
 72  1.3959091053312E+00  1.2112587222491E-04  1.3954237580943E+00  1.3961884275085E+00  3.9920000000000E+07
 73  1.3988212532083E+00  1.0990545467081E-04  1.3983506433958E+00  1.3991196900642E+00  3.9920000000000E+07
 74  1.4015190785082E+00  1.0020253242574E-04  1.4011028118058E+00  1.4018295999777E+00  3.9920000000000E+07
 75  1.4040174603060E+00  9.0480217652950E-05  1.4036237131656E+00  1.4042934820225E+00  3.9920000000000E+07
 76  1.4063307907782E+00  8.1278544572432E-05  1.4059771900276E+00  1.4065590187992E+00  3.9920000000000E+07
 77  1.4084720997302E+00  7.2674652756164E-05  1.4081769736408E+00  1.4086693142052E+00  3.9920000000000E+07
 78  1.4104539069609E+00  6.5658741912727E-05  1.4102159545991E+00  1.4106115975811E+00  3.9920000000000E+07
 79  1.4122876578057E+00  5.9731973307474E-05  1.4120694209643E+00  1.4124429020738E+00  3.9920000000000E+07
 80  1.4139841067427E+00  5.3776013617981E-05  1.4137698331034E+00  1.4141233576308E+00  3.9920000000000E+07
 81  1.4155533235068E+00  4.8164928151681E-05  1.4153639370982E+00  1.4156705873149E+00  3.9920000000000E+07
 82  1.4170045761975E+00  4.3646851835681E-05  1.4168323125577E+00  1.4171137281881E+00  3.9920000000000E+07
 83  1.4183466304416E+00  4.0401145470632E-05  1.4181994772246E+00  1.4184537910558E+00  3.9920000000000E+07
 84  1.4195873381858E+00  3.7300157378799E-05  1.4194548415095E+00  1.4197017841388E+00  3.9920000000000E+07
 85  1.4207344301779E+00  3.3534453276992E-05  1.4206088820292E+00  1.4208372500820E+00  3.9920000000000E+07
 86  1.4217947574463E+00  2.9500219877085E-05  1.4216606729414E+00  1.4218791050113E+00  3.9920000000000E+07
 87  1.4227748332432E+00  2.6880612703121E-05  1.4226470829350E+00  1.4228461465639E+00  3.9920000000000E+07
 88  1.4236805602856E+00  2.4657302228575E-05  1.4235749139493E+00  1.4237489318816E+00  3.9920000000000E+07
 89  1.4245175764133E+00  2.2573257544822E-05  1.4244235008839E+00  1.4245788427445E+00  3.9920000000000E+07
 90  1.4252909421631E+00  2.0277047681358E-05  1.4252093369577E+00  1.4253453103882E+00  3.9920000000000E+07
 91  1.4260056108655E+00  1.8343299167292E-05  1.4259284793313E+00  1.4260684987581E+00  3.9920000000000E+07
 92  1.4266658159900E+00  1.7345284470252E-05  1.4265907611739E+00  1.4267313471524E+00  3.9920000000000E+07
 93  1.4272757257397E+00  1.5942724436394E-05  1.4272137341821E+00  1.4273405396958E+00  3.9920000000000E+07
 94  1.4278391938893E+00  1.4285699016380E-05  1.4277812136109E+00  1.4278996526458E+00  3.9920000000000E+07
 95  1.4283596440566E+00  1.2613161808378E-05  1.4283017054734E+00  1.4284054243933E+00  3.9920000000000E+07
 96  1.4288403040193E+00  1.1098374453569E-05  1.4287904554928E+00  1.4288763163131E+00  3.9920000000000E+07
 97  1.4292841155271E+00  9.6069855992772E-06  1.4292487308615E+00  1.4293122265313E+00  3.9920000000000E+07
 98  1.4296968592188E+00  8.6267299590675E-06  1.4296691242671E+00  1.4297227102319E+00  3.9920000000000E+07
 99  1.4300911203041E+00  8.6910184348998E-06  1.4300683574819E+00  1.4301169518737E+00  3.9920000000000E+07
100  1.4304034773506E+00  7.6221151008762E-06  1.4303765515408E+00  1.4304165910835E+00  3.9920000000000E+07
 
 field : TRAC03   ; Iter =      7201 ; region #   0 ; nb.Lev = 100
 k | --   Average    -- | --   Std.Dev    -- | --     min      -- | --     max      -- | --    Vol
  0  1.0000000164317E+00  1.0254230856175E+00  2.0278040586170E-08  2.8949809729290E+00  3.9920000000000E+09
  1  9.5133329027199E-01  1.9651852680391E-01  6.8624209756129E-01  1.8820351153164E+00  3.9920000000000E+07
  2  1.0748537225150E+00  2.1930706480062E-01  7.3366083082594E-01  2.0820553351402E+00  3.9920000000000E+07
  3  1.2129216206010E+00  2.4249012160901E-01  7.9949966576039E-01  2.3482068371209E+00  3.9920000000000E+07
  4  1.3337501821564E+00  2.5214780077999E-01  8.5741606110748E-01  2.5018339377549E+00  3.9920000000000E+07
  5  1.4424575931342E+00  2.5379831196077E-01  8.7610687413874E-01  2.5018239655976E+00  3.9920000000000E+07
  6  1.5444334631249E+00  2.5254670061052E-01  8.9253452973293E-01  2.5357499329554E+00  3.9920000000000E+07
  7  1.6406389936261E+00  2.4604164612204E-01  9.9245488083819E-01  2.5494740666944E+00  3.9920000000000E+07
  8  1.7297850287777E+00  2.4183653620006E-01  1.0975023496612E+00  2.5411874847718E+00  3.9920000000000E+07
  9  1.8109255285777E+00  2.4283264347308E-01  1.1944399901076E+00  2.5461682360590E+00  3.9920000000000E+07
 10  1.8841391950302E+00  2.4640838054672E-01  1.2420148924841E+00  2.6836256070366E+00  3.9920000000000E+07
 11  1.9530415060442E+00  2.4720192767992E-01  1.2118411807479E+00  2.7113504393266E+00  3.9920000000000E+07
 12  2.0206356760672E+00  2.4698037847806E-01  1.2075849498765E+00  2.7167839775353E+00  3.9920000000000E+07
 13  2.0835925347785E+00  2.4493833433753E-01  1.2981345950042E+00  2.7247854541833E+00  3.9920000000000E+07
 14  2.1415406075623E+00  2.3933054837240E-01  1.3002292643767E+00  2.7239434137065E+00  3.9920000000000E+07
 15  2.1945999680652E+00  2.3134414170241E-01  1.3308192126203E+00  2.7833048442182E+00  3.9920000000000E+07
 16  2.2418819387830E+00  2.2164089093354E-01  1.4532468168566E+00  2.8096444267691E+00  3.9920000000000E+07
 17  2.2827348669297E+00  2.1070307836487E-01  1.4618969037593E+00  2.7860148925484E+00  3.9920000000000E+07
 18  2.3200133316450E+00  1.9906289266562E-01  1.4518071260182E+00  2.7985049927823E+00  3.9920000000000E+07
 19  2.3553174480142E+00  1.9120691510569E-01  1.4697595238246E+00  2.8468995210889E+00  3.9920000000000E+07
 20  2.3895130186153E+00  1.8823692435456E-01  1.5053573725204E+00  2.8471588088437E+00  3.9920000000000E+07
 21  2.4217186279311E+00  1.8737788667456E-01  1.4902633818828E+00  2.8752450959480E+00  3.9920000000000E+07
 22  2.4541192051698E+00  1.8502190712497E-01  1.5559258412699E+00  2.8941145384763E+00  3.9920000000000E+07
 23  2.4883318027840E+00  1.7867178054506E-01  1.8142989774354E+00  2.8892852077643E+00  3.9920000000000E+07
 24  2.5219814089960E+00  1.7328289788123E-01  1.8758865291641E+00  2.8865652776354E+00  3.9920000000000E+07
 25  2.5553450796848E+00  1.6599729583600E-01  1.8884749869653E+00  2.8910878332886E+00  3.9920000000000E+07
 26  2.5891848581556E+00  1.5504342625141E-01  1.9602437861376E+00  2.8910828719216E+00  3.9920000000000E+07
 27  2.6251730725485E+00  1.4271079364275E-01  2.0335666077416E+00  2.8910818492347E+00  3.9920000000000E+07
 28  2.6608215730776E+00  1.3370719747714E-01  2.0573832256660E+00  2.8910804403639E+00  3.9920000000000E+07
 29  2.6878280090030E+00  1.2263814579346E-01  2.1154707648817E+00  2.8949809729290E+00  3.9920000000000E+07
 30  2.7340514264350E+00  7.4332153999638E-02  2.2497156619557E+00  2.8648206867029E+00  3.9920000000000E+07
 31  2.7171302649763E+00  4.4174349205492E-02  2.5314512479371E+00  2.8282006658316E+00  3.9920000000000E+07
 32  2.6502415668424E+00  4.7380783113007E-02  2.4978997186316E+00  2.7921615707469E+00  3.9920000000000E+07
 33  2.5572232491566E+00  4.4457622156213E-02  2.4392685969367E+00  2.7016599913621E+00  3.9920000000000E+07
 34  2.4533296728693E+00  3.2929511433613E-02  2.3682532373789E+00  2.5864451120965E+00  3.9920000000000E+07
 35  2.3427661546608E+00  2.1509475200518E-02  2.2809826570000E+00  2.4383632176235E+00  3.9920000000000E+07
 36  2.2274625842867E+00  1.7666321233151E-02  2.1825274277596E+00  2.3736215007055E+00  3.9920000000000E+07
 37  2.1083077798807E+00  1.8615185733075E-02  2.0659395533162E+00  2.2771097795175E+00  3.9920000000000E+07
 38  1.9854476858242E+00  1.6705687421417E-02  1.9516278305893E+00  2.1003440430948E+00  3.9920000000000E+07
 39  1.8604208016285E+00  1.5169405400486E-02  1.8257777257997E+00  1.9515258766454E+00  3.9920000000000E+07
 40  1.7346313773339E+00  1.4162338629504E-02  1.7013700299332E+00  1.8176534937743E+00  3.9920000000000E+07
 41  1.6092895976419E+00  1.3247535103932E-02  1.5812260048995E+00  1.6794812285415E+00  3.9920000000000E+07
 42  1.4855596159580E+00  1.2334385991462E-02  1.4578487363593E+00  1.5434409580214E+00  3.9920000000000E+07
 43  1.3645052339647E+00  1.1433326233739E-02  1.3407825403823E+00  1.4146549634952E+00  3.9920000000000E+07
 44  1.2470616324554E+00  1.0596498011792E-02  1.2289621989028E+00  1.2945633625250E+00  3.9920000000000E+07
 45  1.1340436096851E+00  9.8085782409235E-03  1.1143825160033E+00  1.1815113486736E+00  3.9920000000000E+07
 46  1.0261297492823E+00  9.0331808075948E-03  1.0068188000130E+00  1.0701442148551E+00  3.9920000000000E+07
 47  9.2385205989885E-01  8.2424622282876E-03  9.0606008154337E-01  9.6313797273828E-01  3.9920000000000E+07
 48  8.2762118380691E-01  7.4469155742137E-03  8.1164694692302E-01  8.6259169923594E-01  3.9920000000000E+07
 49  7.3771566049352E-01  6.6608981080579E-03  7.2351515101822E-01  7.6644617743070E-01  3.9920000000000E+07
 50  6.5429423151635E-01  5.9287874779460E-03  6.4233391036668E-01  6.7786325296504E-01  3.9920000000000E+07
 51  5.7741013864706E-01  5.2641369921955E-03  5.6719814536798E-01  5.9862386896608E-01  3.9920000000000E+07
 52  5.0702128062479E-01  4.6544420091298E-03  4.9835487198001E-01  5.2498714881924E-01  3.9920000000000E+07
 53  4.4299273195168E-01  4.0846459227377E-03  4.3582303815730E-01  4.5844987247653E-01  3.9920000000000E+07
 54  3.8511722194822E-01  3.5709990083637E-03  3.7820008942938E-01  3.9876505279528E-01  3.9920000000000E+07
 55  3.3313392871331E-01  3.1042365836100E-03  3.2728524584126E-01  3.4481127961562E-01  3.9920000000000E+07
 56  2.8673067668273E-01  2.6827413405835E-03  2.8189715369121E-01  2.9644797338468E-01  3.9920000000000E+07
 57  2.4556013535288E-01  2.2997945309744E-03  2.4091912256365E-01  2.5396260227267E-01  3.9920000000000E+07
 58  2.0925010252177E-01  1.9553835170746E-03  2.0501665511399E-01  2.1655583961073E-01  3.9920000000000E+07
 59  1.7741965387198E-01  1.6635380864345E-03  1.7386583881735E-01  1.8323457333373E-01  3.9920000000000E+07
 60  1.4968253680542E-01  1.4061888262553E-03  1.4681288028534E-01  1.5496798130417E-01  3.9920000000000E+07
 61  1.2565005913473E-01  1.1779144947465E-03  1.2321058757670E-01  1.3026715604766E-01  3.9920000000000E+07
 62  1.0495018722067E-01  9.8604133203512E-04  1.0281722502230E-01  1.0886805795102E-01  3.9920000000000E+07
 63  8.7222983751168E-02  8.2261171089139E-04  8.5200704727475E-02  9.0418259930363E-02  3.9920000000000E+07
 64  7.2129186157440E-02  6.7986321893451E-04  7.0275420242431E-02  7.4688020302648E-02  3.9920000000000E+07
 65  5.9349041051222E-02  5.5828707773776E-04  5.7834133609432E-02  6.1317562205516E-02  3.9920000000000E+07
 66  4.8589433577765E-02  4.5816866734117E-04  4.7488627577621E-02  5.0218296958327E-02  3.9920000000000E+07
 67  3.9582465942323E-02  3.7116970891030E-04  3.8810469912620E-02  4.1047123032544E-02  3.9920000000000E+07
 68  3.2083672704688E-02  2.9880235414159E-04  3.1418422500368E-02  3.3308343476200E-02  3.9920000000000E+07
 69  2.5875820059841E-02  2.3981436299158E-04  2.5353145499657E-02  2.6842543387356E-02  3.9920000000000E+07
 70  2.0764941371501E-02  1.9205380961714E-04  2.0340392208298E-02  2.1550420512074E-02  3.9920000000000E+07
 71  1.6580135330308E-02  1.5500192755418E-04  1.6225318584742E-02  1.7220447762100E-02  3.9920000000000E+07
 72  1.3172565706901E-02  1.2304973712736E-04  1.2887752969542E-02  1.3669298231941E-02  3.9920000000000E+07
 73  1.0413090029359E-02  9.7253622671280E-05  1.0152873217919E-02  1.0831193591605E-02  3.9920000000000E+07
 74  8.1903700561712E-03  7.6843952035509E-05  7.9535018968331E-03  8.5138038773941E-03  3.9920000000000E+07
 75  6.4098838595461E-03  5.9912373468026E-05  6.2275788905349E-03  6.6713746341347E-03  3.9920000000000E+07
 76  4.9912197373200E-03  4.6154424534330E-05  4.8625036700373E-03  5.1949937894673E-03  3.9920000000000E+07
 77  3.8670402836738E-03  3.5230629971057E-05  3.7700120854840E-03  4.0125983855723E-03  3.9920000000000E+07
 78  2.9809366764291E-03  2.6996945586812E-05  2.9155668228206E-03  3.0787159919540E-03  3.9920000000000E+07
 79  2.2862604628447E-03  2.0755703850137E-05  2.2316279539597E-03  2.3616273825886E-03  3.9920000000000E+07
 80  1.7445669790102E-03  1.5724640522120E-05  1.7041961963314E-03  1.8075661750465E-03  3.9920000000000E+07
 81  1.3244015632435E-03  1.1760920184948E-05  1.2960575640672E-03  1.3709283388629E-03  3.9920000000000E+07
 82  1.0002440722528E-03  8.8679072960941E-06  9.7814435911070E-04  1.0357982613474E-03  3.9920000000000E+07
 83  7.5146803124175E-04  6.7692339312101E-06  7.3391679038668E-04  7.7602497055599E-04  3.9920000000000E+07
 84  5.6158387360305E-04  5.1703728785347E-06  5.4550122570803E-04  5.7953680964324E-04  3.9920000000000E+07
 85  4.1738912509839E-04  3.8109398718599E-06  4.0536246325205E-04  4.3157755915085E-04  3.9920000000000E+07
 86  3.0847781529574E-04  2.7335151448637E-06  3.0038881726524E-04  3.2083773758908E-04  3.9920000000000E+07
 87  2.2664482299397E-04  2.0069322421230E-06  2.2132996745950E-04  2.3640055969137E-04  3.9920000000000E+07
 88  1.6548686912131E-04  1.4875426006805E-06  1.6148005140820E-04  1.7201749447560E-04  3.9920000000000E+07
 89  1.2001588044035E-04  1.0917638259455E-06  1.1701608526062E-04  1.2451119689024E-04  3.9920000000000E+07
 90  8.6389129096516E-05  7.8636364443910E-07  8.4199536001110E-05  8.9485028210163E-05  3.9920000000000E+07
 91  6.1646137276939E-05  5.6088938135864E-07  5.9689961549786E-05  6.3968131280509E-05  3.9920000000000E+07
 92  4.3539637436625E-05  4.1929992316300E-07  4.1927849821594E-05  4.5391333185137E-05  3.9920000000000E+07
 93  3.0357387670941E-05  3.0449199573814E-07  2.9118176464993E-05  3.1524910419766E-05  3.9920000000000E+07
 94  2.0809176533613E-05  2.1309496094865E-07  1.9892383308554E-05  2.1632470241517E-05  3.9920000000000E+07
 95  1.3930177994674E-05  1.4646188202259E-07  1.3363315191765E-05  1.4574747102267E-05  3.9920000000000E+07
 96  8.9997069711679E-06  9.9210076181095E-08  8.6645309002794E-06  9.4463631878822E-06  3.9920000000000E+07
 97  5.4849901676512E-06  6.5806002787441E-08  5.2842775899014E-06  5.7337461362515E-06  3.9920000000000E+07
 98  2.9829251350853E-06  4.5589348567839E-08  2.8430733268395E-06  3.1296623844526E-06  3.9920000000000E+07
 99  1.1733417377492E-06  3.3276447071539E-08  1.0712193312495E-06  1.2597159155079E-06  3.9920000000000E+07
100  6.1029327865112E-08  2.3627928541015E-08  2.0278040586170E-08  1.4454559564237E-07  3.9920000000000E+07
 
 field : TRAC04   ; Iter =      7201 ; region #   0 ; nb.Lev = 100
 k | --   Average    -- | --   Std.Dev    -- | --     min      -- | --     max      -- | --    Vol
  0  1.0019836058511E+00  9.2388600536423E-01  1.0307504658667E-03  4.3781905836852E+00  3.9920000000000E+09
  1  2.7960056998114E+00  1.3166596059955E+00  1.4562751484644E-02  4.3781905836852E+00  3.9920000000000E+07
  2  2.6979600962628E+00  1.2662751145578E+00  1.3993479840873E-02  4.3157992837453E+00  3.9920000000000E+07
  3  2.5922058097699E+00  1.2151623359639E+00  1.3221161709132E-02  4.2188362499488E+00  3.9920000000000E+07
  4  2.5038341163390E+00  1.1733905957226E+00  1.2297734795148E-02  4.1180941438673E+00  3.9920000000000E+07
  5  2.4265938308941E+00  1.1371572867477E+00  1.1280259234838E-02  4.0215618620733E+00  3.9920000000000E+07
  6  2.3557937133087E+00  1.1037696194693E+00  9.9321132112449E-03  3.9072768041728E+00  3.9920000000000E+07
  7  2.2898094320900E+00  1.0714629036306E+00  9.3076962547548E-03  3.8521411827551E+00  3.9920000000000E+07
  8  2.2286663886067E+00  1.0408977377406E+00  9.3122781536153E-03  3.7952944947961E+00  3.9920000000000E+07
  9  2.1734990872244E+00  1.0138982447909E+00  9.3678938230777E-03  3.7441311626603E+00  3.9920000000000E+07
 10  2.1239244614140E+00  9.9053176377238E-01  9.4658059477709E-03  3.6943927941628E+00  3.9920000000000E+07
 11  2.0778226154746E+00  9.6923749525728E-01  9.5915835997211E-03  3.6511609412158E+00  3.9920000000000E+07
 12  2.0327267525643E+00  9.4808206560873E-01  9.7156973010087E-03  3.6700603329152E+00  3.9920000000000E+07
 13  1.9908943612498E+00  9.2951616808967E-01  9.8170662853879E-03  3.6790720008718E+00  3.9920000000000E+07
 14  1.9526957984957E+00  9.1413145285006E-01  9.9106765034677E-03  3.6699684148068E+00  3.9920000000000E+07
 15  1.9186242917223E+00  9.0140573925117E-01  1.0033301495988E-02  3.6490221584833E+00  3.9920000000000E+07
 16  1.8879946213208E+00  8.8984820012810E-01  1.0195744478202E-02  3.6490440989809E+00  3.9920000000000E+07
 17  1.8607882120687E+00  8.7936107380755E-01  1.0369711074328E-02  3.6574978493879E+00  3.9920000000000E+07
 18  1.8345898639629E+00  8.6872088377566E-01  1.0536863979773E-02  3.6640312814516E+00  3.9920000000000E+07
 19  1.8082299991055E+00  8.5730517303864E-01  1.0666315543054E-02  3.6493032498391E+00  3.9920000000000E+07
 20  1.7806266432968E+00  8.4381432416085E-01  1.0748808651547E-02  3.2811186113949E+00  3.9920000000000E+07
 21  1.7530145897972E+00  8.3023723585440E-01  1.0805456087312E-02  3.1946234360972E+00  3.9920000000000E+07
 22  1.7249971591608E+00  8.1765292131193E-01  1.0891459906061E-02  3.1812822744766E+00  3.9920000000000E+07
 23  1.6952568092611E+00  8.0443186184384E-01  1.1070327159569E-02  3.1709490441873E+00  3.9920000000000E+07
 24  1.6641812028356E+00  7.9015536575399E-01  1.1280258240650E-02  3.1537626191216E+00  3.9920000000000E+07
 25  1.6324233716084E+00  7.7712410266245E-01  1.1319074334691E-02  3.1458593879889E+00  3.9920000000000E+07
 26  1.5988836951000E+00  7.6402070507351E-01  1.0095095654760E-02  3.0508739184972E+00  3.9920000000000E+07
 27  1.5625690308319E+00  7.5001046027932E-01  8.9332307461373E-03  3.0508769283785E+00  3.9920000000000E+07
 28  1.5215884092512E+00  7.3373148723719E-01  8.3657860794869E-03  3.0508846024363E+00  3.9920000000000E+07
 29  1.4757748242557E+00  7.1389028921272E-01  8.3657850186368E-03  3.0428924675659E+00  3.9920000000000E+07
 30  1.3819140316922E+00  6.6519123559391E-01  8.0895782067004E-03  2.7491193547576E+00  3.9920000000000E+07
 31  1.2819249817423E+00  6.1329684477339E-01  7.0915744179765E-03  2.1614601317766E+00  3.9920000000000E+07
 32  1.2210521640236E+00  5.8455580439027E-01  6.5367366595991E-03  1.9407843575241E+00  3.9920000000000E+07
 33  1.1886933684253E+00  5.6972615861534E-01  6.3902567714482E-03  1.8914530093479E+00  3.9920000000000E+07
 34  1.1633756108333E+00  5.5798970622509E-01  6.1467802388216E-03  1.8421410554353E+00  3.9920000000000E+07
 35  1.1377707772136E+00  5.4607948611305E-01  5.9301807520819E-03  1.7936586633208E+00  3.9920000000000E+07
 36  1.1115627178424E+00  5.3403758892367E-01  5.8183690064861E-03  1.7464816843209E+00  3.9920000000000E+07
 37  1.0846304751725E+00  5.2153314302020E-01  5.5899613336866E-03  1.7002393062492E+00  3.9920000000000E+07
 38  1.0565658897095E+00  5.0810585655444E-01  5.4085687702773E-03  1.6557514403184E+00  3.9920000000000E+07
 39  1.0286961211126E+00  4.9467615009282E-01  5.3713156300840E-03  1.6121869533809E+00  3.9920000000000E+07
 40  1.0016109728313E+00  4.8164593368323E-01  5.2108727369948E-03  1.5696286482557E+00  3.9920000000000E+07
 41  9.7524884476070E-01  4.6896855689010E-01  5.0153458196281E-03  1.5283242659870E+00  3.9920000000000E+07
 42  9.4958233126182E-01  4.5662448044967E-01  4.8540885873052E-03  1.4880612056058E+00  3.9920000000000E+07
 43  9.2459279650056E-01  4.4460537936159E-01  4.7457664980024E-03  1.4489833780649E+00  3.9920000000000E+07
 44  9.0025995839591E-01  4.3290392248529E-01  4.6419410972975E-03  1.4107668486167E+00  3.9920000000000E+07
 45  8.7656791875119E-01  4.2151210205489E-01  4.4671599700576E-03  1.3738647338214E+00  3.9920000000000E+07
 46  8.5350165316491E-01  4.1042026969485E-01  4.3599224935128E-03  1.3375387640890E+00  3.9920000000000E+07
 47  8.3104236958911E-01  3.9962071471264E-01  4.2696594379906E-03  1.3023563115649E+00  3.9920000000000E+07
 48  8.0917472886372E-01  3.8910516535455E-01  4.1432222944874E-03  1.2681278003657E+00  3.9920000000000E+07
 49  7.8788193048509E-01  3.7886612455497E-01  4.0084078165350E-03  1.2349191268369E+00  3.9920000000000E+07
 50  7.6714819212622E-01  3.6889619621248E-01  3.9408210332471E-03  1.2022005105823E+00  3.9920000000000E+07
 51  7.4696054395082E-01  3.5918850345884E-01  3.8678021201733E-03  1.1706589505337E+00  3.9920000000000E+07
 52  7.2730490585318E-01  3.4973638105623E-01  3.7665827411242E-03  1.1399522332285E+00  3.9920000000000E+07
 53  7.0816617404701E-01  3.4053407664173E-01  3.6809180697808E-03  1.1098366565706E+00  3.9920000000000E+07
 54  6.8953039036410E-01  3.3157409851680E-01  3.5028867041670E-03  1.0806462386483E+00  3.9920000000000E+07
 55  6.7138623695582E-01  3.2284838994490E-01  3.4137492597911E-03  1.0522450751753E+00  3.9920000000000E+07
 56  6.5371949702744E-01  3.1435233865755E-01  3.4033574800089E-03  1.0246407863711E+00  3.9920000000000E+07
 57  6.3651786953983E-01  3.0608018331624E-01  3.2727320725953E-03  9.9743113893731E-01  3.9920000000000E+07
 58  6.1976723461730E-01  2.9802639810021E-01  3.1494969552398E-03  9.7117444632702E-01  3.9920000000000E+07
 59  6.0345835286010E-01  2.9018466874348E-01  3.0873490832776E-03  9.4566366376972E-01  3.9920000000000E+07
 60  5.8757950482763E-01  2.8254905303228E-01  3.0154287027936E-03  9.2081843068255E-01  3.9920000000000E+07
 61  5.7211686746770E-01  2.7511388158389E-01  2.9017418273101E-03  8.9660027444937E-01  3.9920000000000E+07
 62  5.5706224174597E-01  2.6787362293879E-01  2.8358856710728E-03  8.7324681364850E-01  3.9920000000000E+07
 63  5.4240369633050E-01  2.6082437039810E-01  2.8029845517137E-03  8.5018204385222E-01  3.9920000000000E+07
 64  5.2813097074270E-01  2.5396121153786E-01  2.7117726389026E-03  8.2787845735475E-01  3.9920000000000E+07
 65  5.1423310952858E-01  2.4727898285791E-01  2.6192794106163E-03  8.0610575273633E-01  3.9920000000000E+07
 66  5.0070136986137E-01  2.4077190123753E-01  2.5549948609029E-03  7.8479746806458E-01  3.9920000000000E+07
 67  4.8752623276272E-01  2.3443569830733E-01  2.4959688327367E-03  7.6416188527107E-01  3.9920000000000E+07
 68  4.7469661477479E-01  2.2826630373825E-01  2.4219468576354E-03  7.4412482055043E-01  3.9920000000000E+07
 69  4.6220555265949E-01  2.2225936704752E-01  2.3983149077042E-03  7.2451621617577E-01  3.9920000000000E+07
 70  4.5004273388605E-01  2.1641095528569E-01  2.3264423266405E-03  7.0546292668353E-01  3.9920000000000E+07
 71  4.3819973183371E-01  2.1071641965265E-01  2.2289987516654E-03  6.8688213536832E-01  3.9920000000000E+07
 72  4.2666893490548E-01  2.0517069576647E-01  2.1811834294978E-03  6.6886560013557E-01  3.9920000000000E+07
 73  4.1544152863380E-01  1.9977169768037E-01  2.1053910619610E-03  6.5142103925929E-01  3.9920000000000E+07
 74  4.0450907923017E-01  1.9451514673209E-01  2.0706922339282E-03  6.3424596867835E-01  3.9920000000000E+07
 75  3.9386492708978E-01  1.8939675533464E-01  2.0078317043066E-03  6.1765724261852E-01  3.9920000000000E+07
 76  3.8350044542098E-01  1.8441270529299E-01  1.9451364914180E-03  6.0121495558755E-01  3.9920000000000E+07
 77  3.7340896510200E-01  1.7955934384281E-01  1.9033735731866E-03  5.8540382272640E-01  3.9920000000000E+07
 78  3.6358253346218E-01  1.7483392326284E-01  1.8541937469898E-03  5.7007705456214E-01  3.9920000000000E+07
 79  3.5401508154320E-01  1.7023329377050E-01  1.8097378241459E-03  5.5501394960891E-01  3.9920000000000E+07
 80  3.4469929641166E-01  1.6575401548496E-01  1.7491689429930E-03  5.4042049933045E-01  3.9920000000000E+07
 81  3.3562830823266E-01  1.6139206057242E-01  1.7032551801109E-03  5.2611333211741E-01  3.9920000000000E+07
 82  3.2679650308788E-01  1.5714474171035E-01  1.6834156396468E-03  5.1236664851857E-01  3.9920000000000E+07
 83  3.1819669972434E-01  1.5300890159899E-01  1.6311881372989E-03  4.9899844640269E-01  3.9920000000000E+07
 84  3.0982397488330E-01  1.4898232811100E-01  1.5811446678244E-03  4.8596305579592E-01  3.9920000000000E+07
 85  3.0167092052324E-01  1.4506219692549E-01  1.5440865114402E-03  4.7305554450540E-01  3.9920000000000E+07
 86  2.9373263903953E-01  1.4124506142018E-01  1.4915450820786E-03  4.6066428442162E-01  3.9920000000000E+07
 87  2.8600292264298E-01  1.3752778517184E-01  1.4516722354989E-03  4.4843768098744E-01  3.9920000000000E+07
 88  2.7847674500691E-01  1.3390866181192E-01  1.4240616618940E-03  4.3682725262035E-01  3.9920000000000E+07
 89  2.7114860344915E-01  1.3038456093601E-01  1.3765591398322E-03  4.2520228782699E-01  3.9920000000000E+07
 90  2.6401378312863E-01  1.2695350160898E-01  1.3559811805803E-03  4.1400027810801E-01  3.9920000000000E+07
 91  2.5706586099583E-01  1.2361270922755E-01  1.3156167166457E-03  4.0324982644287E-01  3.9920000000000E+07
 92  2.5030128135971E-01  1.2035949881943E-01  1.2745360072256E-03  3.9256066136753E-01  3.9920000000000E+07
 93  2.4371476740885E-01  1.1719221751196E-01  1.2535790510423E-03  3.8222925809632E-01  3.9920000000000E+07
 94  2.3730142401905E-01  1.1410838439346E-01  1.2102041981867E-03  3.7220366447488E-01  3.9920000000000E+07
 95  2.3105711569934E-01  1.1110563402159E-01  1.1794448715964E-03  3.6249914521123E-01  3.9920000000000E+07
 96  2.2497907642456E-01  1.0818349794211E-01  1.1533324255744E-03  3.5282660623125E-01  3.9920000000000E+07
 97  2.1906230760694E-01  1.0533833993188E-01  1.1093057028811E-03  3.4380226422448E-01  3.9920000000000E+07
 98  2.1325064898573E-01  1.0253667762138E-01  1.0752684719531E-03  3.3467682548160E-01  3.9920000000000E+07
 99  2.0738942314167E-01  9.9691443548205E-02  1.0929990311381E-03  3.2535883274045E-01  3.9920000000000E+07
100  2.0257423472828E-01  9.7401214148854E-02  1.0307504658667E-03  3.1750046662414E-01  3.9920000000000E+07
 
 field : TRAC05   ; Iter =      7201 ; region #   0 ; nb.Lev = 100
 k | --   Average    -- | --   Std.Dev    -- | --     min      -- | --     max      -- | --    Vol
  0  1.0013564413609E+00  1.4332147287211E+00  2.4114831265969E-14  5.5805006368164E+00  3.9920000000000E+09
  1  1.2540967200176E+00  5.7897070020519E-01  2.5247685112166E-01  3.8680037583562E+00  3.9920000000000E+07
  2  1.4651733552119E+00  6.8357874789905E-01  2.9686220642919E-01  4.0432899109846E+00  3.9920000000000E+07
  3  1.6997971653640E+00  8.0069751233084E-01  3.2511111214609E-01  4.0580513983752E+00  3.9920000000000E+07
  4  1.9009487557019E+00  8.8856134931848E-01  3.4488382388152E-01  4.4724082006637E+00  3.9920000000000E+07
  5  2.0783117056122E+00  9.5959988417702E-01  3.7347368375608E-01  5.0306813973860E+00  3.9920000000000E+07
  6  2.2386165618754E+00  1.0204913980169E+00  3.9931524227275E-01  5.1477497937772E+00  3.9920000000000E+07
  7  2.3838551809261E+00  1.0744045838586E+00  4.2745743617725E-01  5.2075682816484E+00  3.9920000000000E+07
  8  2.5131613174381E+00  1.1253006796911E+00  4.7717698051618E-01  5.2074690471694E+00  3.9920000000000E+07
  9  2.6248370585910E+00  1.1702981567678E+00  5.7778280915585E-01  5.4241408871202E+00  3.9920000000000E+07
 10  2.7203927841159E+00  1.2063667198778E+00  6.2902690959687E-01  5.4695154182176E+00  3.9920000000000E+07
 11  2.8055741395651E+00  1.2358492019212E+00  6.0994966053673E-01  5.4027926274151E+00  3.9920000000000E+07
 12  2.8843764053489E+00  1.2624457040420E+00  6.0728254020504E-01  5.3379399709741E+00  3.9920000000000E+07
 13  2.9531661194433E+00  1.2817198220338E+00  6.7209984518389E-01  5.2860977568607E+00  3.9920000000000E+07
 14  3.0104581358611E+00  1.2922651339057E+00  6.7337229076556E-01  5.4322878230071E+00  3.9920000000000E+07
 15  3.0584682390563E+00  1.2962731734641E+00  7.1623921409245E-01  5.4872431785822E+00  3.9920000000000E+07
 16  3.0974656135127E+00  1.2980382993264E+00  8.2176633744483E-01  5.4392041413105E+00  3.9920000000000E+07
 17  3.1272645497075E+00  1.2979444742315E+00  8.8096627424127E-01  5.3286821352575E+00  3.9920000000000E+07
 18  3.1498872165725E+00  1.2967187434107E+00  8.3952668416788E-01  5.2884258702555E+00  3.9920000000000E+07
 19  3.1675242738863E+00  1.2961244251978E+00  8.3951456923972E-01  5.2884835369297E+00  3.9920000000000E+07
 20  3.1815606403124E+00  1.2976660348707E+00  8.3951456923972E-01  5.3325041996868E+00  3.9920000000000E+07
 21  3.1897675357022E+00  1.2982571113909E+00  8.1202804116379E-01  5.5196004822819E+00  3.9920000000000E+07
 22  3.1908612016058E+00  1.2929684705462E+00  8.4025518856475E-01  5.5482178503151E+00  3.9920000000000E+07
 23  3.1849884769662E+00  1.2812654574044E+00  8.8436162196716E-01  5.5517526073850E+00  3.9920000000000E+07
 24  3.1737406898067E+00  1.2660976747385E+00  8.8491167661359E-01  5.5805006368164E+00  3.9920000000000E+07
 25  3.1566002957172E+00  1.2488872704201E+00  8.8491176567519E-01  5.5137086177462E+00  3.9920000000000E+07
 26  3.1330833921697E+00  1.2329657840605E+00  8.8491176567519E-01  5.4323076750125E+00  3.9920000000000E+07
 27  3.1015266101242E+00  1.2176317114141E+00  9.1131951892840E-01  5.4557954544381E+00  3.9920000000000E+07
 28  3.0525157117371E+00  1.1988290073934E+00  9.1348371383179E-01  5.2408471598076E+00  3.9920000000000E+07
 29  2.9805995645749E+00  1.1690957176944E+00  9.1348267229179E-01  5.2427627277175E+00  3.9920000000000E+07
 30  2.7915580342233E+00  1.0883342838757E+00  8.6522662208727E-01  4.9952782598465E+00  3.9920000000000E+07
 31  2.4537795820911E+00  9.5477494098519E-01  7.7708964640786E-01  3.9904639795780E+00  3.9920000000000E+07
 32  2.1512260565049E+00  8.3910980112073E-01  6.9420600830946E-01  3.4827613387919E+00  3.9920000000000E+07
 33  1.9196893361072E+00  7.4767538324838E-01  6.2415662273283E-01  3.0581105015079E+00  3.9920000000000E+07
 34  1.7142371300824E+00  6.6908427596798E-01  5.5753713376651E-01  2.7759795135630E+00  3.9920000000000E+07
 35  1.5173803886871E+00  5.9422998058789E-01  4.9246851284762E-01  2.3250650203689E+00  3.9920000000000E+07
 36  1.3316160647415E+00  5.2410138675195E-01  4.3061077133359E-01  2.1068536656041E+00  3.9920000000000E+07
 37  1.1580360537262E+00  4.5763101853507E-01  3.7353595207225E-01  1.8940512133328E+00  3.9920000000000E+07
 38  9.9592381721076E-01  3.9342413820437E-01  3.1968446365400E-01  1.5335142919822E+00  3.9920000000000E+07
 39  8.4845794155687E-01  3.3494721283235E-01  2.7231465669365E-01  1.2927560794619E+00  3.9920000000000E+07
 40  7.1657631508373E-01  2.8283489110018E-01  2.3150513661930E-01  1.0910420958805E+00  3.9920000000000E+07
 41  5.9985689205141E-01  2.3674701345720E-01  1.9379023998535E-01  9.1359828194438E-01  3.9920000000000E+07
 42  4.9770491208005E-01  1.9641735268058E-01  1.6028484547065E-01  7.5871863125018E-01  3.9920000000000E+07
 43  4.0929539765982E-01  1.6151812689120E-01  1.3197337282206E-01  6.2330778579094E-01  3.9920000000000E+07
 44  3.3360923544428E-01  1.3164806224541E-01  1.0777851413799E-01  5.0815407738224E-01  3.9920000000000E+07
 45  2.6951270838442E-01  1.0635561454533E-01  8.6936592932831E-02  4.1067146852258E-01  3.9920000000000E+07
 46  2.1580626565516E-01  8.5164004151511E-02  6.9309369759825E-02  3.2873103284822E-01  3.9920000000000E+07
 47  1.7127141094544E-01  6.7591000519980E-02  5.4912177111496E-02  2.6079601978267E-01  3.9920000000000E+07
 48  1.3472384952686E-01  5.3168042569321E-02  4.3236381732806E-02  2.0510904301846E-01  3.9920000000000E+07
 49  1.0503607401092E-01  4.1450750732532E-02  3.3633343228676E-02  1.6005226756654E-01  3.9920000000000E+07
 50  8.1163759286365E-02  3.2028717053424E-02  2.5917367965877E-02  1.2350927439025E-01  3.9920000000000E+07
 51  6.2161592905326E-02  2.4529848004165E-02  1.9882047616482E-02  9.4820640158930E-02  3.9920000000000E+07
 52  4.7187001520213E-02  1.8620475278957E-02  1.5134249872607E-02  7.1932432029233E-02  3.9920000000000E+07
 53  3.5502473847579E-02  1.4009418994634E-02  1.1397968225510E-02  5.4049752720231E-02  3.9920000000000E+07
 54  2.6474354581577E-02  1.0446895249673E-02  8.5459389557691E-03  4.0328343389791E-02  3.9920000000000E+07
 55  1.9567240336062E-02  7.7211502813916E-03  6.2689211822024E-03  2.9872733155458E-02  3.9920000000000E+07
 56  1.4334030080598E-02  5.6559399782987E-03  4.5933963268889E-03  2.1916459877686E-02  3.9920000000000E+07
 57  1.0407398226514E-02  4.1063906859969E-03  3.3530353022890E-03  1.5847425341636E-02  3.9920000000000E+07
 58  7.4892794298718E-03  2.9548840746939E-03  2.4154896577626E-03  1.1410199484310E-02  3.9920000000000E+07
 59  5.3416498202732E-03  2.1075164603538E-03  1.7293861604745E-03  8.1330298984834E-03  3.9920000000000E+07
 60  3.7761825895971E-03  1.4898083781413E-03  1.2195100871106E-03  5.7606083926582E-03  3.9920000000000E+07
 61  2.6457527927553E-03  1.0437475781670E-03  8.4826657508851E-04  4.0412162365699E-03  3.9920000000000E+07
 62  1.8373078142895E-03  7.2477704588959E-04  5.8477560314453E-04  2.8080360139064E-03  3.9920000000000E+07
 63  1.2645883468208E-03  4.9884046099567E-04  4.0435720351725E-04  1.9339803642431E-03  3.9920000000000E+07
 64  8.6269096779379E-04  3.4027863938845E-04  2.7803279144134E-04  1.3246173641806E-03  3.9920000000000E+07
 65  5.8328828641892E-04  2.3005355991293E-04  1.8772686039067E-04  8.9381721464881E-04  3.9920000000000E+07
 66  3.9087660962797E-04  1.5415605250420E-04  1.2503000153522E-04  5.9882799529525E-04  3.9920000000000E+07
 67  2.5961894997731E-04  1.0237798767704E-04  8.2906931337660E-05  3.9709522715779E-04  3.9920000000000E+07
 68  1.7090321153091E-04  6.7383897664508E-05  5.4417570938624E-05  2.6219114334698E-04  3.9920000000000E+07
 69  1.1150718119596E-04  4.3960690218530E-05  3.5632533589973E-05  1.7122785080514E-04  3.9920000000000E+07
 70  7.2108292227080E-05  2.8424786720681E-05  2.3101006309601E-05  1.1050946465383E-04  3.9920000000000E+07
 71  4.6215352574966E-05  1.8216213609366E-05  1.4803709446001E-05  7.0831075768467E-05  3.9920000000000E+07
 72  2.9357460426238E-05  1.1569879369164E-05  9.3988299991272E-06  4.5144783141095E-05  3.9920000000000E+07
 73  1.8483565505984E-05  7.2832030105413E-06  5.9136749131928E-06  2.8634231174579E-05  3.9920000000000E+07
 74  1.1533696498771E-05  4.5440228573490E-06  3.7162615057897E-06  1.7923173199246E-05  3.9920000000000E+07
 75  7.1332280904728E-06  2.8098555430605E-06  2.2895252251619E-06  1.1031292560188E-05  3.9920000000000E+07
 76  4.3724492613169E-06  1.7219900338281E-06  1.4038208064034E-06  6.7209823801176E-06  3.9920000000000E+07
 77  2.6564354605857E-06  1.0458696112806E-06  8.4931723002294E-07  4.0847057212641E-06  3.9920000000000E+07
 78  1.5995450336405E-06  6.2960082161172E-07  5.1592946756188E-07  2.4691593804208E-06  3.9920000000000E+07
 79  9.5462028788439E-07  3.7569244409597E-07  3.0797059985335E-07  1.4766130063890E-06  3.9920000000000E+07
 80  5.6467374640366E-07  2.2217551417208E-07  1.8133556096417E-07  8.7155951254905E-07  3.9920000000000E+07
 81  3.3103926265947E-07  1.3020495236889E-07  1.0537181587577E-07  5.1344673099569E-07  3.9920000000000E+07
 82  1.9234858128790E-07  7.5633549202714E-08  6.0896725152609E-08  2.9839117538213E-07  3.9920000000000E+07
 83  1.1076790939307E-07  4.3543779680899E-08  3.5393087630238E-08  1.7292575038931E-07  3.9920000000000E+07
 84  6.3225341757849E-08  2.4848610087878E-08  2.0325049398864E-08  9.9066718295637E-08  3.9920000000000E+07
 85  3.5767212160467E-08  1.4053365947653E-08  1.1501018823428E-08  5.5830304781619E-08  3.9920000000000E+07
 86  2.0054342409780E-08  7.8765069925515E-09  6.4672866882767E-09  3.1331511073125E-08  3.9920000000000E+07
 87  1.1144041032976E-08  4.3752435632637E-09  3.5419476249658E-09  1.7375364628320E-08  3.9920000000000E+07
 88  6.1376810873628E-09  2.4089752007612E-09  1.9429402585783E-09  9.5469291337063E-09  3.9920000000000E+07
 89  3.3502087593713E-09  1.3145955460515E-09  1.0608670038893E-09  5.2049287913375E-09  3.9920000000000E+07
 90  1.8124112726280E-09  7.1102432016251E-10  5.7456517944534E-10  2.8221721167909E-09  3.9920000000000E+07
 91  9.7158770247983E-10  3.8116625398582E-10  3.1151317777786E-10  1.5297483989334E-09  3.9920000000000E+07
 92  5.1608990912749E-10  2.0254571722294E-10  1.6553515087961E-10  8.0383673919789E-10  3.9920000000000E+07
 93  2.7155456276180E-10  1.0668939684367E-10  8.6668605311328E-11  4.2656635866405E-10  3.9920000000000E+07
 94  1.4144852109354E-10  5.5710615286093E-11  4.5248317806506E-11  2.2126146134721E-10  3.9920000000000E+07
 95  7.2852569545960E-11  2.8838014715477E-11  2.2891904071163E-11  1.1503488553233E-10  3.9920000000000E+07
 96  3.7012592712136E-11  1.4805036450761E-11  1.1448782259348E-11  5.8906519698773E-11  3.9920000000000E+07
 97  1.8456890691955E-11  7.5399755811296E-12  5.3887413539224E-12  2.9728889304860E-11  3.9920000000000E+07
 98  8.9152233904070E-12  3.8022932187256E-12  2.3133894431772E-12  1.4578684256367E-11  3.9920000000000E+07
 99  3.9730359670576E-12  1.8596781897958E-12  7.4091443409293E-13  6.6875143841736E-12  3.9920000000000E+07
100  1.7674201029110E-12  1.0146339466218E-12  2.4114831265969E-14  3.1623524555671E-12  3.9920000000000E+07
 
# records End here.
